area,bedrooms,bathrooms,floors,parking,property_age,location,property_type,price
748.0,1,1.0,2,2.0,39.0,Chennai,Apartment,6790000.0
1387.0,2,1.0,2,2.0,15.0,Hyderabad,Apartment,11430000.0
1423.0,2,,1,0.0,24.0,Delhi,Independent House,18570000.0
1287.0,2,2.0,1,1.0,8.0,Mumbai,Apartment,20650000.0
1843.0,3,2.0,3,1.0,18.0,Chennai,Independent House,20350000.0
907.0,1,1.0,1,1.0,2.0,Delhi,Apartment,13250000.0
1237.0,2,2.0,1,1.0,34.0,Delhi,Apartment,16400000.0
848.0,1,1.0,1,2.0,4.0,Pune,Apartment,10340000.0
2343.0,4,4.0,1,0.0,0.0,Pune,Independent House,27020000.0
1383.0,2,2.0,2,2.0,32.0,Hyderabad,Apartment,12660000.0
1934.0,3,2.0,2,0.0,26.0,Delhi,Apartment,19180000.0
3616.0,6,5.0,2,3.0,37.0,Chennai,Villa,46460000.0
1517.0,2,2.0,1,1.0,40.0,Mumbai,Independent House,27310000.0
1629.0,3,3.0,3,1.0,24.0,Mumbai,Independent House,26740000.0
879.0,1,1.0,1,1.0,35.0,Chennai,Apartment,8290000.0
1106.0,2,1.0,2,1.0,24.0,Mumbai,Apartment,18090000.0
1457.0,2,1.0,1,1.0,27.0,Delhi,Apartment,18650000.0
1544.0,3,3.0,1,0.0,32.0,Bangalore,Apartment,12950000.0
1914.0,3,3.0,1,0.0,19.0,Kolkata,Independent House,16470000.0
2466.0,4,3.0,1,0.0,32.0,Mumbai,Independent House,37250000.0
2902.0,5,5.0,1,1.0,12.0,Kolkata,Villa,26660000.0
2062.0,3,3.0,3,1.0,43.0,Mumbai,Independent House,29580000.0
854.0,1,1.0,1,1.0,19.0,Delhi,Apartment,11130000.0
3107.0,5,4.0,3,,26.0,Bangalore,Villa,39370000.0
3129.0,5,4.0,3,3.0,23.0,Mumbai,Villa,73790000.0
2433.0,4,3.0,1,0.0,1.0,Hyderabad,Independent House,30290000.0
648.0,1,1.0,3,0.0,,Mumbai,Independent House,13740000.0
3187.0,6,5.0,2,3.0,8.0,Pune,Villa,41210000.0
1294.0,2,2.0,1,1.0,41.0,Mumbai,Apartment,15360000.0
4100.0,6,5.0,3,1.0,10.0,Mumbai,Villa,98360000.0
3027.0,5,4.0,2,2.0,45.0,Pune,Villa,27910000.0
2719.0,5,5.0,2,3.0,18.0,Delhi,Villa,48410000.0
1095.0,2,,2,0.0,13.0,Hyderabad,Apartment,9730000.0
1629.0,3,2.0,2,2.0,12.0,Bangalore,Independent House,20520000.0
934.0,1,1.0,1,1.0,18.0,Mumbai,Apartment,15210000.0
1632.0,3,3.0,2,1.0,27.0,Mumbai,Apartment,23170000.0
934.0,1,1.0,2,0.0,23.0,Mumbai,Apartment,13410000.0
1132.0,2,2.0,2,0.0,38.0,Delhi,Apartment,10640000.0
1917.0,3,2.0,2,0.0,29.0,Delhi,Apartment,21930000.0
1935.0,3,3.0,2,1.0,36.0,Pune,Apartment,15830000.0
925.0,1,1.0,2,0.0,8.0,Chennai,Apartment,9730000.0
1716.0,3,2.0,2,2.0,13.0,Bangalore,Apartment,19000000.0
964.0,1,1.0,1,2.0,8.0,Mumbai,Apartment,17500000.0
2151.0,4,3.0,3,2.0,23.0,Mumbai,Villa,43440000.0
1540.0,3,2.0,2,2.0,35.0,Mumbai,Apartment,22470000.0
1301.0,2,2.0,1,1.0,9.0,Mumbai,Apartment,23850000.0
2066.0,3,3.0,1,1.0,16.0,Bangalore,Independent House,21100000.0
1306.0,2,1.0,1,1.0,5.0,Mumbai,Apartment,24740000.0
1809.0,3,2.0,1,1.0,44.0,Pune,Apartment,11740000.0
1225.0,2,1.0,1,1.0,18.0,Kolkata,Apartment,8300000.0
924.0,1,1.0,1,1.0,3.0,Mumbai,Apartment,15370000.0
1622.0,3,3.0,1,1.0,14.0,Chennai,Apartment,14660000.0
2405.0,4,3.0,3,2.0,24.0,Bangalore,Villa,35610000.0
1429.0,2,1.0,2,1.0,21.0,Mumbai,Apartment,20500000.0
1188.0,2,1.0,2,1.0,8.0,Mumbai,Apartment,24290000.0
1365.0,2,1.0,1,1.0,20.0,Pune,Apartment,10660000.0
1765.0,3,3.0,1,0.0,34.0,Chennai,Independent House,17010000.0
1900.0,3,3.0,1,1.0,15.0,Pune,Independent House,20610000.0
667.0,1,1.0,1,,30.0,Mumbai,Apartment,8150000.0
687.0,1,1.0,1,0.0,17.0,Mumbai,Apartment,11980000.0
1450.0,2,2.0,2,2.0,25.0,Pune,Apartment,11140000.0
748.0,1,1.0,1,0.0,40.0,Kolkata,Apartment,4700000.0
1776.0,3,3.0,2,1.0,12.0,Chennai,Independent House,21050000.0
2264.0,4,4.0,2,0.0,37.0,Bangalore,Independent House,20330000.0
500.0,1,1.0,1,0.0,42.0,Bangalore,Apartment,4200000.0
1816.0,3,3.0,2,0.0,41.0,Delhi,Independent House,20450000.0
500.0,1,1.0,1,1.0,24.0,Hyderabad,Apartment,0.0
1310.0,2,1.0,2,2.0,33.0,Bangalore,Apartment,12100000.0
1415.0,2,1.0,1,1.0,43.0,,Apartment,17480000.0
1805.0,3,3.0,1,0.0,16.0,Bangalore,Apartment,17280000.0
1214.0,2,2.0,1,0.0,23.0,Chennai,Apartment,10420000.0
1190.0,2,1.0,2,1.0,25.0,Bangalore,Apartment,10980000.0
1555.0,3,3.0,3,0.0,40.0,Pune,Independent House,14930000.0
1314.0,2,1.0,2,1.0,35.0,Pune,Villa,14180000.0
1944.0,3,3.0,2,0.0,14.0,Mumbai,Independent House,34110000.0
851.0,1,1.0,1,0.0,42.0,Bangalore,Apartment,7080000.0
1100.0,2,2.0,1,1.0,0.0,Delhi,Apartment,15270000.0
1121.0,2,2.0,1,1.0,1.0,Bangalore,Independent House,15200000.0
1252.0,2,1.0,1,1.0,16.0,Chennai,Independent House,14090000.0
1675.0,3,2.0,1,2.0,42.0,Delhi,Apartment,15600000.0
974.0,1,1.0,2,1.0,45.0,Pune,Independent House,8830000.0
1492.0,2,1.0,2,1.0,43.0,Hyderabad,Apartment,10700000.0
3647.0,6,5.0,1,2.0,,Chennai,Villa,50380000.0
971.0,1,1.0,3,1.0,41.0,Mumbai,Independent House,12510000.0
1254.0,2,1.0,1,1.0,5.0,Delhi,Apartment,15970000.0
2089.0,4,3.0,1,1.0,33.0,Mumbai,Independent House,33880000.0
1090.0,2,1.0,1,1.0,32.0,Bangalore,Apartment,9150000.0
1201.0,2,2.0,1,1.0,6.0,Chennai,Apartment,11610000.0
2448.0,4,3.0,3,2.0,43.0,Hyderabad,Independent House,17240000.0
3562.0,6,5.0,3,1.0,23.0,Pune,Villa,43140000.0
500.0,1,1.0,1,0.0,34.0,Mumbai,Apartment,6570000.0
930.0,1,1.0,1,1.0,12.0,Mumbai,Apartment,16570000.0
1512.0,2,2.0,1,0.0,17.0,Hyderabad,Independent House,16290000.0
2569.0,4,4.0,2,2.0,,Pune,Independent House,23540000.0
1529.0,3,2.0,1,0.0,29.0,Mumbai,Apartment,21540000.0
2397.0,4,3.0,3,1.0,16.0,Chennai,Independent House,27380000.0
2589.0,4,4.0,2,1.0,7.0,Pune,Villa,39710000.0
2377.0,4,4.0,2,0.0,2.0,Chennai,Independent House,28910000.0
2262.0,4,4.0,1,1.0,27.0,Bangalore,Independent House,24060000.0
2849.0,5,4.0,1,1.0,45.0,Mumbai,Villa,50070000.0
3084.0,5,5.0,3,2.0,13.0,Delhi,Villa,53760000.0
2155.0,4,3.0,2,2.0,24.0,Pune,Villa,27420000.0
914.0,1,1.0,1,1.0,45.0,Delhi,Apartment,11610000.0
1026.0,2,2.0,2,0.0,27.0,Chennai,Independent House,10630000.0
2245.0,4,4.0,3,1.0,32.0,Chennai,Independent House,18220000.0
3879.0,6,5.0,2,2.0,28.0,Mumbai,Villa,67490000.0
1660.0,3,2.0,1,0.0,8.0,Mumbai,Independent House,36860000.0
1295.0,2,2.0,2,1.0,34.0,Chennai,Apartment,9940000.0
2129.0,4,3.0,2,2.0,44.0,Pune,Villa,19820000.0
1257.0,2,2.0,2,0.0,16.0,Kolkata,Apartment,10770000.0
1629.0,3,3.0,2,2.0,33.0,Bangalore,Apartment,16450000.0
1223.0,2,2.0,2,2.0,30.0,Delhi,Apartment,15380000.0
2736.0,5,5.0,3,2.0,35.0,Hyderabad,Villa,27910000.0
1022.0,2,1.0,2,0.0,31.0,Delhi,Apartment,10950000.0
3013.0,5,4.0,1,1.0,24.0,Bangalore,Villa,40820000.0
1059.0,2,2.0,1,1.0,44.0,Bangalore,Apartment,8050000.0
1196.0,2,2.0,2,1.0,43.0,Kolkata,Independent House,8150000.0
1324.0,2,1.0,2,1.0,,Hyderabad,Apartment,10490000.0
1702.0,3,3.0,3,0.0,13.0,Delhi,Independent House,24870000.0
762.0,1,1.0,2,1.0,22.0,Bangalore,Apartment,9200000.0
1552.0,3,2.0,3,0.0,9.0,Mumbai,Independent House,36860000.0
1415.0,2,1.0,2,1.0,37.0,Pune,Apartment,12350000.0
2351.0,4,4.0,2,1.0,35.0,Bangalore,Villa,28170000.0
2235.0,4,3.0,3,3.0,25.0,Delhi,Villa,35530000.0
2937.0,5,4.0,2,2.0,20.0,Bangalore,Villa,35760000.0
1160.0,2,1.0,2,1.0,9.0,Hyderabad,Independent House,15250000.0
857.0,1,1.0,1,1.0,35.0,Chennai,Independent House,7590000.0
1497.0,2,1.0,3,2.0,45.0,Kolkata,Independent House,10570000.0
1805.0,3,2.0,2,1.0,13.0,Delhi,Apartment,27550000.0
1173.0,2,1.0,1,2.0,1.0,Kolkata,Apartment,11160000.0
1805.0,3,3.0,2,0.0,40.0,Chennai,Apartment,14030000.0
1393.0,2,1.0,2,1.0,2.0,Bangalore,Apartment,14200000.0
1295.0,2,1.0,1,1.0,19.0,Hyderabad,Apartment,12710000.0
3379.0,6,5.0,3,3.0,35.0,Hyderabad,Villa,32400000.0
1670.0,3,3.0,2,0.0,4.0,Delhi,Apartment,24310000.0
1080.0,2,1.0,1,2.0,1.0,Chennai,Apartment,11750000.0
762.0,1,1.0,3,0.0,6.0,Pune,Independent House,9020000.0
1259.0,2,2.0,2,1.0,14.0,Mumbai,Apartment,20160000.0
1767.0,3,3.0,1,0.0,30.0,Bangalore,Independent House,18400000.0
1385.0,2,1.0,2,0.0,17.0,Mumbai,Independent House,26400000.0
1694.0,3,2.0,2,1.0,20.0,Bangalore,Apartment,16200000.0
2277.0,4,4.0,1,1.0,30.0,Bangalore,Independent House,28450000.0
1227.0,2,1.0,2,1.0,11.0,Pune,Apartment,12950000.0
1177.0,2,1.0,2,1.0,39.0,Delhi,Independent House,11920000.0
1410.0,2,1.0,1,1.0,22.0,Delhi,Apartment,13640000.0
1370.0,2,2.0,2,2.0,30.0,Mumbai,Apartment,19790000.0
1410.0,2,1.0,2,2.0,22.0,Delhi,Apartment,16450000.0
706.0,1,1.0,2,,39.0,Kolkata,Apartment,4380000.0
1871.0,3,2.0,2,1.0,6.0,Bangalore,Independent House,25770000.0
1534.0,3,2.0,2,1.0,45.0,Delhi,Apartment,17350000.0
2834.0,5,4.0,2,2.0,15.0,Delhi,Villa,52560000.0
1525.0,2,2.0,3,0.0,6.0,Chennai,Independent House,17980000.0
3142.0,5,4.0,1,2.0,19.0,Bangalore,Villa,40610000.0
1410.0,2,1.0,2,1.0,,Mumbai,Apartment,18000000.0
1547.0,3,3.0,3,1.0,18.0,Delhi,Independent House,22230000.0
1273.0,2,2.0,1,2.0,16.0,Delhi,Apartment,16350000.0
1149.0,2,1.0,1,0.0,0.0,Mumbai,Apartment,24490000.0
4149.0,6,5.0,1,1.0,26.0,Pune,Villa,49460000.0
1312.0,2,2.0,1,1.0,22.0,Kolkata,Apartment,10520000.0
1716.0,3,3.0,1,0.0,44.0,Mumbai,Independent House,22350000.0
1172.0,2,1.0,1,2.0,22.0,Chennai,Apartment,11170000.0
1231.0,2,2.0,2,1.0,18.0,Delhi,Apartment,16450000.0
2660.0,5,5.0,2,1.0,25.0,Mumbai,Independent House,48510000.0
2877.0,5,4.0,3,1.0,22.0,Pune,Villa,37690000.0
1980.0,3,2.0,3,0.0,35.0,Pune,Independent House,14460000.0
681.0,1,1.0,2,1.0,30.0,Hyderabad,Apartment,5290000.0
1366.0,2,2.0,2,1.0,5.0,Delhi,Apartment,21940000.0
1560.0,3,2.0,3,2.0,15.0,Kolkata,Independent House,13460000.0
2513.0,4,3.0,1,0.0,10.0,Mumbai,Independent House,44890000.0
1649.0,3,2.0,1,0.0,39.0,Mumbai,Apartment,23950000.0
3506.0,6,5.0,1,3.0,5.0,Delhi,Villa,64050000.0
1095.0,2,1.0,2,2.0,30.0,Delhi,Apartment,13870000.0
1500.0,2,2.0,3,0.0,23.0,Pune,Independent House,15480000.0
1167.0,2,1.0,2,1.0,37.0,Delhi,Independent House,12380000.0
1445.0,2,1.0,2,0.0,6.0,Mumbai,Apartment,26560000.0
3928.0,6,5.0,2,2.0,18.0,Mumbai,Villa,83050000.0
2542.0,4,4.0,1,1.0,45.0,Delhi,Independent House,28060000.0
1225.0,2,1.0,1,0.0,30.0,Delhi,Apartment,15720000.0
2505.0,4,4.0,1,3.0,23.0,Pune,Villa,29790000.0
2027.0,3,3.0,1,1.0,14.0,Hyderabad,Independent House,20090000.0
984.0,2,1.0,2,0.0,19.0,Pune,Apartment,10080000.0
1208.0,2,2.0,1,1.0,6.0,Delhi,Apartment,18310000.0
2443.0,4,3.0,3,1.0,39.0,Chennai,Independent House,19590000.0
1799.0,3,2.0,1,2.0,32.0,Delhi,Independent House,21270000.0
1549.0,3,2.0,1,0.0,35.0,Mumbai,Apartment,22010000.0
1291.0,2,1.0,2,0.0,30.0,Mumbai,Apartment,17850000.0
1674.0,3,3.0,1,0.0,34.0,Delhi,Independent House,22920000.0
500.0,1,,1,2.0,4.0,Hyderabad,Independent House,6910000.0
2139.0,4,3.0,3,2.0,12.0,Mumbai,Villa,61830000.0
2400.0,4,3.0,3,1.0,21.0,Mumbai,Independent House,43930000.0
2093.0,4,4.0,2,1.0,43.0,Bangalore,Independent House,18330000.0
808.0,1,1.0,2,1.0,16.0,Bangalore,Apartment,7920000.0
2629.0,5,4.0,3,1.0,11.0,Bangalore,Independent House,37060000.0
1683.0,3,2.0,2,0.0,9.0,Bangalore,Independent House,21110000.0
1276.0,2,1.0,2,1.0,10.0,Pune,Apartment,12880000.0
1046.0,2,2.0,1,0.0,28.0,Mumbai,Apartment,15910000.0
1428.0,2,2.0,1,1.0,39.0,Pune,Apartment,9620000.0
1344.0,2,1.0,2,1.0,44.0,Mumbai,Apartment,16210000.0
1473.0,2,1.0,2,0.0,17.0,Bangalore,Independent House,18890000.0
2314.0,4,4.0,3,2.0,39.0,Mumbai,Villa,41340000.0
1615.0,3,2.0,1,1.0,28.0,Delhi,Independent House,18740000.0
1288.0,2,2.0,3,0.0,0.0,Pune,Independent House,16080000.0
1225.0,2,2.0,2,0.0,38.0,,Apartment,11950000.0
3063.0,5,4.0,3,2.0,21.0,Mumbai,Villa,54530000.0
1335.0,2,1.0,1,1.0,30.0,Bangalore,Apartment,11180000.0
1137.0,2,2.0,2,0.0,8.0,Bangalore,Apartment,14050000.0
1349.0,2,1.0,2,0.0,,Hyderabad,Apartment,10560000.0
500.0,1,1.0,1,1.0,0.0,Bangalore,Apartment,6710000.0
1674.0,3,3.0,1,1.0,32.0,Hyderabad,Independent House,13580000.0
1816.0,3,2.0,1,,43.0,Bangalore,Apartment,14410000.0
1322.0,2,2.0,1,1.0,,Kolkata,Apartment,8650000.0
1442.0,2,2.0,2,2.0,43.0,Mumbai,Apartment,19770000.0
1577.0,3,3.0,2,0.0,18.0,Pune,Apartment,15180000.0
1132.0,2,2.0,1,2.0,18.0,Pune,Apartment,11920000.0
3502.0,6,5.0,3,3.0,17.0,Delhi,Villa,58370000.0
1648.0,3,,2,1.0,8.0,Bangalore,Independent House,23230000.0
1740.0,3,2.0,2,1.0,30.0,Bangalore,Apartment,16300000.0
1576.0,3,2.0,1,1.0,44.0,Chennai,Apartment,11200000.0
1198.0,2,2.0,2,1.0,14.0,Pune,Apartment,13670000.0
894.0,1,1.0,2,0.0,28.0,Mumbai,Independent House,13210000.0
2876.0,5,5.0,1,2.0,5.0,Bangalore,Villa,52890000.0
2301.0,4,4.0,1,,28.0,Kolkata,Villa,23600000.0
1222.0,2,2.0,1,1.0,38.0,Mumbai,Independent House,17320000.0
1662.0,3,,2,1.0,21.0,Delhi,Independent House,22840000.0
2945.0,5,4.0,1,1.0,19.0,Delhi,Villa,43690000.0
1154.0,2,1.0,1,1.0,15.0,Hyderabad,Apartment,12390000.0
1501.0,2,1.0,2,0.0,11.0,Hyderabad,Apartment,15800000.0
1568.0,3,2.0,2,1.0,20.0,Bangalore,Apartment,15570000.0
1580.0,3,2.0,3,1.0,43.0,Delhi,Independent House,17330000.0
1322.0,2,2.0,1,2.0,11.0,Kolkata,Apartment,10290000.0
1409.0,2,1.0,1,2.0,38.0,Delhi,Apartment,15530000.0
1312.0,2,2.0,1,2.0,39.0,Mumbai,Apartment,18960000.0
2173.0,4,4.0,1,0.0,32.0,Pune,Independent House,16160000.0
3535.0,6,5.0,3,1.0,42.0,Delhi,Villa,51140000.0
-1635.0,3,2.0,3,1.0,30.0,Mumbai,Independent House,27310000.0
992.0,2,1.0,1,1.0,19.0,Kolkata,Apartment,7300000.0
1425.0,2,2.0,1,1.0,41.0,Delhi,Apartment,13110000.0
1278.0,2,2.0,1,0.0,11.0,Pune,Apartment,10580000.0
955.0,1,1.0,1,1.0,42.0,Kolkata,Apartment,5700000.0
1229.0,2,2.0,2,0.0,35.0,Bangalore,Apartment,11860000.0
500.0,1,1.0,1,1.0,31.0,Delhi,Apartment,6420000.0
1329.0,2,2.0,2,1.0,30.0,Pune,Apartment,10430000.0
1562.0,3,2.0,1,2.0,38.0,Kolkata,Independent House,11050000.0
1622.0,3,3.0,1,0.0,25.0,Pune,Apartment,14920000.0
595.0,1,1.0,2,1.0,26.0,Delhi,Apartment,7650000.0
2832.0,5,5.0,2,2.0,2.0,Pune,Villa,43880000.0
988.0,2,1.0,2,1.0,17.0,Delhi,Apartment,14610000.0
860.0,1,1.0,1,0.0,45.0,Bangalore,Independent House,6510000.0
1078.0,2,1.0,3,1.0,41.0,Mumbai,Independent House,16040000.0
1211.0,2,1.0,2,2.0,42.0,Chennai,Apartment,8240000.0
1632.0,3,,1,1.0,29.0,Mumbai,Apartment,21170000.0
1984.0,3,3.0,1,2.0,32.0,Kolkata,Independent House,13030000.0
1105.0,2,2.0,2,1.0,21.0,Mumbai,Apartment,18400000.0
3471.0,6,5.0,2,3.0,26.0,Delhi,Villa,56780000.0
1676.0,3,2.0,1,0.0,31.0,Delhi,Independent House,22610000.0
1055.0,2,2.0,2,2.0,5.0,Hyderabad,Apartment,11290000.0
1986.0,3,3.0,1,1.0,37.0,Kolkata,Independent House,13670000.0
3826.0,6,5.0,2,2.0,39.0,Mumbai,Villa,67080000.0
694.0,1,1.0,2,1.0,19.0,Hyderabad,Apartment,7840000.0
1397.0,2,1.0,2,0.0,6.0,Mumbai,Apartment,28010000.0
1108.0,2,2.0,2,0.0,24.0,Pune,Apartment,10730000.0
3988.0,6,5.0,2,2.0,27.0,Bangalore,Villa,47690000.0
2724.0,5,5.0,3,1.0,6.0,Pune,Villa,43790000.0
1640.0,3,2.0,1,2.0,4.0,Pune,Apartment,16290000.0
1848.0,3,2.0,2,2.0,17.0,Delhi,Apartment,23380000.0
2041.0,3,2.0,2,1.0,,Mumbai,Independent House,30700000.0
1116.0,2,2.0,1,1.0,16.0,Mumbai,Apartment,19230000.0
3127.0,5,5.0,1,1.0,18.0,Pune,Villa,41280000.0
2189.0,4,4.0,1,0.0,11.0,Pune,Independent House,25320000.0
757.0,1,1.0,1,0.0,6.0,Chennai,Apartment,8060000.0
1285.0,2,1.0,2,0.0,44.0,Mumbai,Independent House,20930000.0
1338.0,2,1.0,1,1.0,36.0,Kolkata,Apartment,8350000.0
1622.0,3,2.0,2,1.0,2.0,Bangalore,Apartment,19060000.0
1175.0,2,1.0,1,2.0,13.0,Bangalore,Apartment,14020000.0
3663.0,6,5.0,2,1.0,14.0,Delhi,Villa,64700000.0
2445.0,4,4.0,1,0.0,37.0,Bangalore,Independent House,22130000.0
1456.0,2,1.0,1,1.0,32.0,Mumbai,Apartment,17570000.0
4442.0,6,5.0,3,3.0,34.0,Pune,Villa,47290000.0
3803.0,6,5.0,2,2.0,33.0,Chennai,Villa,45060000.0
874.0,1,1.0,1,1.0,29.0,Kolkata,Apartment,6070000.0
849.0,1,1.0,1,1.0,8.0,Mumbai,Apartment,17250000.0
3453.0,6,5.0,1,2.0,31.0,Mumbai,Villa,83110000.0
869.0,1,1.0,2,1.0,41.0,Mumbai,Apartment,12390000.0
1661.0,3,3.0,2,0.0,26.0,Delhi,Apartment,18390000.0
1315.0,2,2.0,2,1.0,20.0,Mumbai,Apartment,20560000.0
1909.0,3,3.0,2,0.0,17.0,Pune,Independent House,21170000.0
2307.0,4,3.0,1,2.0,14.0,Mumbai,Villa,56840000.0
1166.0,2,2.0,2,1.0,36.0,Mumbai,Apartment,14600000.0
1260.0,2,2.0,1,2.0,33.0,Chennai,Apartment,12870000.0
1692.0,3,2.0,2,0.0,8.0,Hyderabad,Apartment,17140000.0
1442.0,2,1.0,1,1.0,35.0,Mumbai,Apartment,22670000.0
1456.0,2,2.0,1,2.0,33.0,Bangalore,Apartment,12650000.0
1416.0,2,1.0,1,1.0,7.0,Bangalore,Apartment,19970000.0
1060.0,2,1.0,2,2.0,43.0,Pune,Independent House,9490000.0
1342.0,2,1.0,1,,12.0,Hyderabad,Apartment,11480000.0
1093.0,2,1.0,1,0.0,36.0,Mumbai,Apartment,14480000.0
2224.0,4,4.0,2,0.0,28.0,Hyderabad,Independent House,18690000.0
1042.0,2,2.0,1,1.0,9.0,Pune,Apartment,10310000.0
1292.0,2,1.0,1,0.0,0.0,Mumbai,Apartment,26570000.0
1952.0,3,2.0,3,2.0,22.0,Pune,Independent House,20430000.0
1716.0,3,2.0,1,2.0,21.0,Delhi,Apartment,19590000.0
2184.0,4,3.0,2,2.0,40.0,Kolkata,Villa,18500000.0
2394.0,4,4.0,2,0.0,33.0,Delhi,Independent House,27270000.0
2522.0,4,3.0,2,1.0,16.0,Kolkata,Independent House,19100000.0
1232.0,2,2.0,1,1.0,14.0,Delhi,Apartment,15190000.0
4029.0,6,5.0,1,,20.0,Bangalore,Villa,61110000.0
1082.0,2,1.0,1,1.0,4.0,Mumbai,Apartment,21850000.0
857.0,1,1.0,1,0.0,43.0,Mumbai,Apartment,10080000.0
1698.0,3,2.0,1,2.0,4.0,Bangalore,Apartment,20910000.0
1426.0,2,2.0,2,0.0,14.0,Chennai,Apartment,13770000.0
1443.0,2,1.0,1,1.0,0.0,Bangalore,Apartment,17420000.0
1315.0,2,2.0,2,1.0,36.0,Chennai,Independent House,12380000.0
2191.0,4,4.0,1,1.0,42.0,Kolkata,Independent House,13970000.0
780.0,1,1.0,1,2.0,,Mumbai,Apartment,9420000.0
1187.0,2,2.0,1,1.0,44.0,Chennai,Apartment,9170000.0
1160.0,2,1.0,2,2.0,45.0,Delhi,Apartment,9920000.0
1860.0,3,2.0,2,1.0,16.0,Pune,Apartment,21090000.0
1091.0,2,2.0,1,1.0,35.0,Pune,Apartment,8780000.0
673.0,1,1.0,1,0.0,17.0,Mumbai,Apartment,12600000.0
500.0,1,1.0,2,,42.0,Hyderabad,Apartment,3220000.0
3057.0,5,5.0,1,2.0,6.0,Kolkata,Villa,32570000.0
1318.0,2,1.0,2,1.0,45.0,Bangalore,Apartment,10030000.0
1427.0,2,1.0,3,1.0,30.0,Delhi,Independent House,17080000.0
1800.0,3,2.0,2,1.0,1.0,Delhi,Independent House,32550000.0
1184.0,2,1.0,1,0.0,14.0,Hyderabad,Apartment,11660000.0
500.0,1,1.0,1,0.0,3.0,Pune,Apartment,6520000.0
2266.0,4,3.0,3,0.0,33.0,Mumbai,Independent House,32510000.0
1617.0,3,3.0,2,0.0,16.0,Delhi,Independent House,25400000.0
1340.0,2,1.0,2,0.0,45.0,Hyderabad,Apartment,7170000.0
2081.0,4,3.0,3,1.0,22.0,Mumbai,Villa,44090000.0
2330.0,4,4.0,1,0.0,9.0,Mumbai,Independent House,48500000.0
500.0,1,1.0,2,2.0,25.0,Mumbai,Apartment,8470000.0
1819.0,3,3.0,1,1.0,13.0,Delhi,Apartment,26230000.0
2171.0,4,4.0,2,3.0,13.0,Bangalore,Villa,31550000.0
1340.0,2,1.0,1,1.0,39.0,Mumbai,Apartment,17500000.0
2271.0,4,3.0,3,1.0,10.0,Hyderabad,Independent House,24270000.0
3561.0,6,5.0,2,1.0,31.0,Pune,Villa,42950000.0
1616.0,3,2.0,2,1.0,24.0,Pune,Apartment,12770000.0
1635.0,3,3.0,1,1.0,44.0,Mumbai,Apartment,22570000.0
608.0,1,1.0,2,2.0,38.0,Bangalore,Apartment,6650000.0
1774.0,3,3.0,1,,31.0,Bangalore,Villa,22800000.0
1384.0,2,1.0,2,1.0,38.0,Mumbai,Villa,25280000.0
1630.0,3,3.0,1,1.0,43.0,Mumbai,Independent House,23770000.0
1490.0,2,1.0,1,0.0,35.0,Kolkata,Apartment,8700000.0
1845.0,3,2.0,2,1.0,8.0,Bangalore,Independent House,22020000.0
2017.0,3,3.0,1,0.0,31.0,Chennai,Apartment,17030000.0
1232.0,2,1.0,2,1.0,37.0,Mumbai,Apartment,17150000.0
1328.0,2,2.0,1,0.0,12.0,Chennai,Independent House,13370000.0
1512.0,2,1.0,1,0.0,32.0,Bangalore,Apartment,13020000.0
2662.0,5,4.0,2,0.0,19.0,Mumbai,Independent House,44630000.0
594.0,1,1.0,2,1.0,25.0,Mumbai,Apartment,8870000.0
1407.0,2,2.0,2,0.0,28.0,Mumbai,Independent House,21830000.0
1385.0,2,1.0,2,2.0,12.0,Chennai,Apartment,14960000.0
1505.0,2,1.0,3,1.0,11.0,Delhi,Independent House,24420000.0
1181.0,2,1.0,1,1.0,23.0,Chennai,Apartment,11160000.0
3119.0,5,5.0,1,2.0,5.0,Bangalore,Villa,48830000.0
645.0,1,1.0,1,0.0,43.0,Mumbai,Apartment,8600000.0
861.0,1,1.0,1,1.0,44.0,Pune,Apartment,5580000.0
1623.0,3,3.0,2,0.0,22.0,Kolkata,Apartment,10230000.0
1730.0,3,3.0,3,1.0,17.0,Bangalore,Independent House,20730000.0
2583.0,4,3.0,3,2.0,7.0,Bangalore,Independent House,33460000.0
1306.0,2,1.0,1,1.0,42.0,Delhi,Apartment,13410000.0
1522.0,2,1.0,1,2.0,39.0,Delhi,Independent House,21160000.0
1737.0,3,3.0,2,0.0,1.0,Mumbai,Apartment,40430000.0
2719.0,5,5.0,3,2.0,15.0,Delhi,Villa,43630000.0
2605.0,4,3.0,1,2.0,,Chennai,Independent House,21840000.0
1086.0,2,2.0,2,1.0,20.0,Mumbai,Apartment,19180000.0
1784.0,3,3.0,2,1.0,22.0,Hyderabad,Independent House,19210000.0
2065.0,3,2.0,2,1.0,35.0,Pune,Independent House,18880000.0
2529.0,4,4.0,3,2.0,35.0,Pune,Villa,23610000.0
1409.0,2,1.0,3,0.0,17.0,Kolkata,Independent House,12750000.0
1915.0,3,2.0,2,1.0,4.0,Pune,Villa,26110000.0
1251.0,2,1.0,1,2.0,41.0,Kolkata,Apartment,8320000.0
849.0,1,1.0,1,0.0,7.0,Bangalore,Apartment,9480000.0
1030.0,2,1.0,2,1.0,33.0,Bangalore,Apartment,10670000.0
1173.0,2,1.0,1,1.0,27.0,Chennai,Apartment,10630000.0
656.0,1,1.0,2,1.0,43.0,Pune,Apartment,4970000.0
1807.0,3,3.0,2,2.0,5.0,Chennai,Apartment,21320000.0
2120.0,4,4.0,1,1.0,31.0,Pune,Independent House,17140000.0
2101.0,4,3.0,2,1.0,44.0,Chennai,Apartment,17850000.0
1047.0,2,2.0,1,0.0,7.0,Mumbai,Apartment,16500000.0
2194.0,4,4.0,1,0.0,4.0,Hyderabad,Independent House,25050000.0
2059.0,3,2.0,1,1.0,12.0,Mumbai,Apartment,38460000.0
2640.0,5,4.0,2,3.0,41.0,Hyderabad,Villa,22010000.0
1852.0,3,3.0,3,1.0,,Mumbai,Independent House,28510000.0
3123.0,5,5.0,2,1.0,37.0,Hyderabad,Independent House,24950000.0
2435.0,4,4.0,3,2.0,,Pune,Independent House,23710000.0
1228.0,2,2.0,1,1.0,20.0,Pune,Apartment,9630000.0
1870.0,3,2.0,1,,24.0,Bangalore,Independent House,21740000.0
2247.0,4,4.0,3,3.0,22.0,Delhi,Villa,37560000.0
2086.0,4,3.0,2,0.0,38.0,Pune,Independent House,17280000.0
1067.0,2,2.0,1,0.0,35.0,Chennai,Apartment,8420000.0
1077.0,2,2.0,2,1.0,7.0,Delhi,Apartment,15010000.0
1227.0,2,2.0,2,1.0,12.0,Delhi,Independent House,19860000.0
2327.0,4,4.0,3,0.0,12.0,Pune,Independent House,24770000.0
1242.0,2,1.0,2,2.0,38.0,Bangalore,Apartment,13570000.0
2441.0,4,3.0,3,2.0,27.0,Pune,Villa,33660000.0
2110.0,4,4.0,1,2.0,5.0,Pune,Villa,33850000.0
1453.0,2,2.0,3,1.0,1.0,Pune,Independent House,15750000.0
1684.0,3,2.0,2,2.0,8.0,Delhi,Apartment,20960000.0
1297.0,2,1.0,2,2.0,31.0,Delhi,Apartment,13460000.0
2273.0,4,3.0,2,0.0,,Mumbai,Independent House,30880000.0
1301.0,2,1.0,2,2.0,15.0,Hyderabad,Apartment,12960000.0
1017.0,2,2.0,1,1.0,41.0,Chennai,Apartment,8620000.0
1259.0,2,2.0,2,1.0,45.0,Hyderabad,Apartment,9690000.0
849.0,1,1.0,1,0.0,23.0,Delhi,Apartment,9480000.0
2960.0,5,4.0,3,2.0,2.0,Delhi,Villa,56370000.0
1917.0,3,3.0,1,1.0,27.0,Bangalore,Apartment,16850000.0
1718.0,3,2.0,1,2.0,5.0,Hyderabad,Apartment,17570000.0
1459.0,2,1.0,1,1.0,20.0,Pune,Independent House,15170000.0
1732.0,3,2.0,2,0.0,29.0,Mumbai,Independent House,29000000.0
2331.0,4,4.0,3,2.0,30.0,Chennai,Independent House,22610000.0
1359.0,2,2.0,1,2.0,28.0,Kolkata,Apartment,11330000.0
3989.0,6,5.0,3,,27.0,Delhi,Villa,76460000.0
2016.0,3,2.0,1,1.0,3.0,Delhi,Apartment,30360000.0
1387.0,2,1.0,1,1.0,25.0,Mumbai,Apartment,22950000.0
1268.0,2,1.0,2,2.0,22.0,Mumbai,Apartment,18270000.0
1395.0,2,1.0,1,0.0,0.0,Mumbai,Apartment,31460000.0
500.0,1,1.0,1,1.0,17.0,Bangalore,Apartment,6030000.0
1746.0,3,2.0,3,0.0,6.0,Chennai,Independent House,21640000.0
2544.0,4,4.0,1,0.0,29.0,Bangalore,Independent House,28550000.0
1684.0,3,2.0,1,1.0,44.0,Bangalore,Apartment,13090000.0
1055.0,2,1.0,2,1.0,24.0,Kolkata,Apartment,9080000.0
1415.0,2,2.0,1,1.0,34.0,Pune,Apartment,10420000.0
1914.0,3,2.0,3,0.0,41.0,Hyderabad,Independent House,13860000.0
1752.0,3,2.0,2,1.0,3.0,Mumbai,Apartment,35270000.0
1385.0,2,2.0,1,1.0,37.0,Bangalore,Apartment,12480000.0
688.0,1,1.0,2,0.0,0.0,Mumbai,Apartment,12430000.0
1397.0,2,1.0,1,1.0,33.0,Chennai,Apartment,12960000.0
1537.0,3,2.0,3,0.0,38.0,Delhi,Independent House,18960000.0
1185.0,2,2.0,1,2.0,28.0,Mumbai,Independent House,19540000.0
2379.0,4,3.0,2,,31.0,Mumbai,Independent House,43410000.0
2220.0,4,3.0,2,3.0,8.0,Delhi,Villa,44050000.0
3640.0,6,5.0,2,2.0,40.0,Delhi,Villa,51190000.0
1309.0,2,2.0,1,0.0,8.0,Bangalore,Apartment,14280000.0
2029.0,3,2.0,1,1.0,0.0,Chennai,Independent House,22000000.0
1268.0,2,2.0,2,1.0,8.0,Delhi,Apartment,21700000.0
2627.0,5,5.0,1,1.0,9.0,Delhi,Independent House,33970000.0
1340.0,2,2.0,2,0.0,30.0,Mumbai,Apartment,19030000.0
1590.0,3,2.0,2,0.0,34.0,Chennai,Apartment,11960000.0
2248.0,4,3.0,2,2.0,7.0,Bangalore,Villa,34610000.0
3578.0,6,5.0,3,3.0,38.0,Kolkata,Villa,33260000.0
932.0,1,1.0,1,1.0,1.0,Chennai,Apartment,10550000.0
1603.0,3,2.0,1,2.0,44.0,Kolkata,Apartment,9740000.0
1914.0,3,2.0,3,2.0,13.0,Hyderabad,Independent House,24660000.0
1355.0,2,1.0,1,1.0,,Chennai,Apartment,13200000.0
1122.0,2,2.0,2,0.0,18.0,Bangalore,Apartment,11660000.0
1238.0,2,2.0,2,1.0,14.0,Bangalore,Apartment,12030000.0
2317.0,4,4.0,2,2.0,22.0,Kolkata,Independent House,20620000.0
916.0,1,1.0,2,1.0,9.0,Mumbai,Apartment,16350000.0
1441.0,2,1.0,1,0.0,24.0,Mumbai,Apartment,24030000.0
879.0,1,1.0,1,1.0,14.0,Mumbai,Apartment,13580000.0
876.0,1,1.0,1,1.0,36.0,Mumbai,Apartment,10270000.0
2306.0,4,4.0,2,1.0,23.0,Bangalore,Independent House,27000000.0
994.0,2,1.0,2,0.0,20.0,Mumbai,Apartment,16590000.0
1101.0,2,1.0,2,0.0,29.0,Mumbai,Apartment,15310000.0
1017.0,2,2.0,1,0.0,44.0,Kolkata,Apartment,5460000.0
2929.0,5,5.0,1,2.0,40.0,Kolkata,Villa,24110000.0
1573.0,3,3.0,1,1.0,33.0,Chennai,Apartment,11000000.0
1446.0,2,2.0,2,2.0,20.0,Bangalore,Apartment,14650000.0
1313.0,2,1.0,1,2.0,35.0,Bangalore,Apartment,13810000.0
1594.0,3,2.0,1,0.0,5.0,Mumbai,Apartment,32340000.0
1135.0,2,2.0,2,0.0,20.0,Mumbai,Apartment,18890000.0
2138.0,4,4.0,1,2.0,30.0,Hyderabad,Villa,27320000.0
3087.0,5,5.0,3,1.0,18.0,Mumbai,Independent House,60940000.0
1790.0,3,2.0,2,2.0,32.0,Delhi,Villa,29790000.0
2072.0,3,3.0,2,1.0,5.0,Delhi,Independent House,32310000.0
3798.0,6,5.0,3,2.0,17.0,Bangalore,Villa,51930000.0
1383.0,2,2.0,2,2.0,19.0,Mumbai,Apartment,28910000.0
2698.0,5,5.0,1,2.0,18.0,Delhi,Villa,43890000.0
972.0,1,1.0,2,1.0,31.0,Pune,Apartment,7620000.0
1648.0,3,2.0,1,0.0,19.0,Mumbai,Independent House,34810000.0
994.0,2,2.0,2,0.0,26.0,Hyderabad,Apartment,8350000.0
876.0,1,1.0,1,2.0,0.0,Pune,Apartment,9220000.0
1423.0,2,2.0,3,0.0,45.0,Pune,Independent House,11190000.0
2266.0,4,4.0,2,3.0,42.0,Mumbai,Villa,43200000.0
1442.0,2,1.0,2,2.0,45.0,Bangalore,Apartment,12560000.0
1154.0,2,1.0,1,0.0,18.0,Bangalore,Apartment,12440000.0
1552.0,3,2.0,1,1.0,19.0,Mumbai,Independent House,27450000.0
3157.0,5,5.0,1,3.0,43.0,Bangalore,Villa,36250000.0
3465.0,6,5.0,3,1.0,19.0,Bangalore,Villa,50670000.0
2691.0,5,4.0,3,1.0,9.0,Pune,Villa,38180000.0
3066.0,5,5.0,1,0.0,31.0,Mumbai,Independent House,48580000.0
1748.0,3,2.0,2,2.0,8.0,Mumbai,Independent House,35030000.0
3597.0,6,5.0,3,1.0,30.0,Bangalore,Villa,61310000.0
807.0,1,1.0,2,1.0,10.0,Delhi,Apartment,10800000.0
2353.0,4,3.0,2,1.0,25.0,Chennai,Independent House,20440000.0
1217.0,2,1.0,1,2.0,13.0,Kolkata,Independent House,10860000.0
2598.0,4,3.0,1,1.0,41.0,Pune,Villa,24700000.0
1443.0,2,1.0,2,1.0,9.0,Chennai,Apartment,13050000.0
1935.0,3,3.0,2,1.0,19.0,Chennai,Apartment,18330000.0
1058.0,2,2.0,2,1.0,16.0,Mumbai,Apartment,19140000.0
1860.0,3,2.0,2,2.0,4.0,Kolkata,Independent House,19300000.0
1036.0,2,1.0,3,0.0,12.0,Delhi,Independent House,14930000.0
503.0,1,1.0,2,2.0,36.0,Bangalore,Apartment,4810000.0
1044.0,2,2.0,3,1.0,23.0,Delhi,Independent House,14460000.0
3514.0,6,5.0,2,1.0,8.0,Delhi,Villa,69110000.0
1845.0,3,2.0,2,0.0,37.0,Bangalore,Apartment,14860000.0
2814.0,5,5.0,1,2.0,6.0,,Villa,37940000.0
2346.0,4,4.0,3,1.0,31.0,Mumbai,Independent House,32060000.0
885.0,1,1.0,2,1.0,37.0,Bangalore,Apartment,7720000.0
1124.0,2,2.0,1,1.0,37.0,Mumbai,Independent House,16740000.0
627.0,1,1.0,2,1.0,28.0,Pune,Independent House,6130000.0
1995.0,3,3.0,3,0.0,28.0,Bangalore,Independent House,19650000.0
2825.0,5,5.0,3,2.0,45.0,Chennai,Independent House,23830000.0
2628.0,5,4.0,1,1.0,19.0,Mumbai,Independent House,41490000.0
1251.0,2,2.0,2,2.0,40.0,Delhi,Apartment,11670000.0
1349.0,2,2.0,2,0.0,45.0,Delhi,Apartment,14290000.0
1487.0,2,2.0,1,2.0,33.0,Bangalore,Apartment,11670000.0
1205.0,2,1.0,3,1.0,21.0,Delhi,Independent House,19280000.0
1176.0,2,2.0,2,2.0,14.0,Delhi,Independent House,17450000.0
1641.0,3,2.0,3,1.0,10.0,Bangalore,Independent House,19530000.0
561.0,1,1.0,2,0.0,8.0,Bangalore,Independent House,7600000.0
1155.0,2,2.0,1,1.0,2.0,Bangalore,Apartment,14540000.0
2549.0,4,3.0,2,1.0,29.0,Bangalore,Independent House,23510000.0
1542.0,3,3.0,2,0.0,18.0,Chennai,Apartment,12770000.0
1595.0,3,3.0,2,2.0,24.0,Mumbai,Independent House,29380000.0
1806.0,3,3.0,1,2.0,12.0,Delhi,Independent House,27750000.0
3738.0,6,5.0,3,1.0,6.0,Bangalore,Villa,57710000.0
1925.0,3,2.0,2,1.0,20.0,Bangalore,Apartment,19640000.0
1503.0,2,2.0,1,0.0,42.0,Kolkata,Independent House,10520000.0
2653.0,5,4.0,3,3.0,18.0,Pune,Villa,32420000.0
2598.0,4,4.0,3,3.0,21.0,Delhi,Villa,44580000.0
1749.0,3,3.0,2,1.0,24.0,Kolkata,Apartment,11520000.0
1133.0,2,1.0,2,0.0,9.0,Bangalore,Apartment,13660000.0
682.0,1,1.0,1,0.0,14.0,Hyderabad,Apartment,6560000.0
1507.0,2,2.0,1,1.0,8.0,Hyderabad,Apartment,14450000.0
2018.0,3,3.0,2,1.0,24.0,Hyderabad,Independent House,17150000.0
566.0,1,1.0,2,0.0,25.0,Kolkata,Apartment,4110000.0
1031.0,2,2.0,2,0.0,18.0,Bangalore,Apartment,11610000.0
1664.0,3,3.0,2,1.0,12.0,Bangalore,Apartment,19370000.0
1426.0,2,1.0,1,1.0,12.0,Delhi,Apartment,17530000.0
936.0,1,1.0,2,0.0,15.0,Bangalore,Apartment,9160000.0
1409.0,2,1.0,1,1.0,20.0,Hyderabad,Apartment,10780000.0
1710.0,3,3.0,1,2.0,33.0,Bangalore,Apartment,15580000.0
1154.0,2,2.0,1,0.0,2.0,Mumbai,Independent House,23960000.0
1282.0,2,1.0,2,0.0,14.0,Mumbai,Apartment,19840000.0
1697.0,3,2.0,1,0.0,9.0,Pune,Apartment,19300000.0
1935.0,3,3.0,3,1.0,35.0,Delhi,Independent House,24640000.0
3078.0,5,5.0,2,3.0,9.0,Mumbai,Villa,75020000.0
802.0,1,1.0,2,1.0,42.0,Mumbai,Apartment,9350000.0
1588.0,3,2.0,2,0.0,23.0,Hyderabad,Apartment,13520000.0
658.0,1,1.0,2,0.0,2.0,Mumbai,Apartment,13360000.0
1681.0,3,2.0,1,1.0,31.0,Chennai,Apartment,12480000.0
1271.0,2,2.0,2,0.0,11.0,Bangalore,Independent House,14930000.0
1761.0,3,2.0,2,1.0,15.0,Bangalore,Independent House,23380000.0
2366.0,4,3.0,2,1.0,44.0,Pune,Villa,28260000.0
3055.0,5,5.0,2,1.0,17.0,Hyderabad,Villa,38490000.0
2041.0,3,3.0,1,2.0,3.0,Pune,Apartment,25110000.0
1229.0,2,2.0,1,1.0,20.0,Bangalore,Apartment,10930000.0
711.0,1,1.0,1,1.0,,Delhi,Apartment,7940000.0
1014.0,2,1.0,1,1.0,27.0,Chennai,Apartment,9240000.0
1076.0,2,2.0,1,2.0,30.0,Delhi,Apartment,13200000.0
1419.0,2,1.0,1,1.0,3.0,Pune,Apartment,14380000.0
1098.0,2,2.0,2,0.0,27.0,Mumbai,Apartment,18290000.0
1743.0,3,2.0,1,1.0,38.0,Bangalore,Independent House,14420000.0
1610.0,3,2.0,2,1.0,22.0,Mumbai,Independent House,25900000.0
972.0,1,1.0,2,1.0,0.0,Kolkata,Apartment,9280000.0
1482.0,2,1.0,2,0.0,7.0,Mumbai,Apartment,28980000.0
1165.0,2,2.0,1,2.0,37.0,Mumbai,Apartment,14260000.0
1860.0,3,2.0,3,2.0,43.0,Hyderabad,Independent House,13550000.0
1999.0,3,3.0,1,0.0,43.0,Bangalore,Independent House,19220000.0
1785.0,3,3.0,2,1.0,27.0,Mumbai,Independent House,34470000.0
1697.0,3,2.0,1,0.0,45.0,Mumbai,Independent House,22800000.0
868.0,1,1.0,1,1.0,24.0,Mumbai,Apartment,11620000.0
1820.0,3,3.0,1,1.0,26.0,Chennai,Apartment,17900000.0
2782.0,5,5.0,1,2.0,1.0,Mumbai,Villa,74240000.0
1423.0,2,2.0,1,1.0,32.0,Mumbai,Apartment,20940000.0
3101.0,5,5.0,2,3.0,18.0,Kolkata,Villa,38250000.0
1714.0,3,2.0,2,1.0,14.0,Mumbai,Apartment,28970000.0
1271.0,2,2.0,2,1.0,18.0,Pune,Apartment,11840000.0
910.0,1,1.0,1,1.0,8.0,Pune,Apartment,10080000.0
1573.0,3,3.0,3,1.0,17.0,Mumbai,Independent House,26020000.0
1329.0,2,2.0,2,1.0,29.0,Delhi,Apartment,15360000.0
924.0,1,1.0,1,0.0,3.0,Mumbai,Apartment,18660000.0
1351.0,2,2.0,1,2.0,42.0,Delhi,Apartment,14510000.0
898.0,1,1.0,2,0.0,44.0,Chennai,Apartment,7200000.0
1508.0,2,1.0,1,1.0,18.0,Pune,Apartment,13720000.0
924.0,1,1.0,1,1.0,14.0,Chennai,Apartment,10090000.0
1947.0,3,3.0,1,0.0,40.0,Delhi,Independent House,22360000.0
2505.0,4,4.0,3,1.0,45.0,Bangalore,Independent House,23030000.0
1144.0,2,2.0,1,0.0,39.0,Kolkata,Apartment,6860000.0
1861.0,3,2.0,2,0.0,10.0,Delhi,Independent House,29490000.0
1307.0,2,1.0,2,0.0,44.0,Delhi,Apartment,13850000.0
720.0,1,1.0,1,1.0,43.0,Mumbai,Apartment,8800000.0
1719.0,3,3.0,1,2.0,3.0,Pune,Apartment,22140000.0
1813.0,3,3.0,2,1.0,19.0,Bangalore,Independent House,18570000.0
2256.0,4,3.0,2,2.0,27.0,Kolkata,Independent House,15950000.0
1705.0,3,2.0,3,1.0,45.0,Bangalore,Independent House,11420000.0
1862.0,3,2.0,2,0.0,3.0,Mumbai,Apartment,34400000.0
976.0,2,1.0,2,1.0,40.0,Mumbai,Apartment,10370000.0
1029.0,2,2.0,1,0.0,33.0,Mumbai,Apartment,13180000.0
1306.0,2,1.0,1,1.0,45.0,Delhi,Apartment,13450000.0
-1334.0,2,1.0,2,,0.0,Pune,Apartment,15630000.0
2117.0,4,4.0,3,1.0,7.0,Delhi,Independent House,31560000.0
678.0,1,1.0,2,0.0,32.0,Mumbai,Apartment,9990000.0
1293.0,2,2.0,1,1.0,32.0,Mumbai,Apartment,17260000.0
1444.0,2,2.0,2,0.0,30.0,Mumbai,Independent House,25170000.0
1928.0,3,2.0,2,1.0,11.0,Delhi,Apartment,23730000.0
613.0,1,1.0,1,1.0,38.0,Bangalore,Apartment,5870000.0
1442.0,2,1.0,1,2.0,3.0,Bangalore,Apartment,15730000.0
1616.0,3,2.0,2,1.0,31.0,Chennai,Apartment,14950000.0
2603.0,4,3.0,2,2.0,20.0,Mumbai,Villa,56400000.0
1921.0,3,3.0,2,1.0,273.0,Bangalore,Independent House,17680000.0
2463.0,4,3.0,3,1.0,4.0,Pune,Independent House,29670000.0
1380.0,2,1.0,2,1.0,23.0,Chennai,Apartment,14620000.0
1564.0,3,2.0,1,1.0,11.0,Delhi,Apartment,19670000.0
2158.0,4,3.0,3,,15.0,Mumbai,Independent House,45250000.0
1143.0,2,1.0,1,0.0,13.0,Kolkata,Apartment,9370000.0
812.0,1,1.0,1,1.0,30.0,Hyderabad,Apartment,5820000.0
1560.0,3,2.0,3,1.0,17.0,Bangalore,Independent House,16050000.0
2599.0,4,3.0,3,3.0,39.0,Hyderabad,Villa,24540000.0
2128.0,4,4.0,2,0.0,30.0,Mumbai,Independent House,40720000.0
789.0,1,1.0,2,1.0,22.0,Mumbai,Apartment,13730000.0
896.0,1,1.0,2,2.0,37.0,Chennai,Apartment,8080000.0
2139.0,4,4.0,1,3.0,21.0,Mumbai,Villa,42160000.0
2377.0,4,4.0,1,1.0,32.0,Hyderabad,Independent House,21850000.0
1180.0,2,2.0,1,1.0,40.0,Bangalore,Apartment,8540000.0
1615.0,3,2.0,1,1.0,33.0,Mumbai,Apartment,24310000.0
2844.0,5,5.0,3,1.0,18.0,Chennai,Villa,34280000.0
2534.0,4,3.0,2,1.0,34.0,Bangalore,Independent House,23500000.0
1036.0,2,2.0,1,0.0,21.0,Mumbai,Apartment,13890000.0
2988.0,5,5.0,3,2.0,13.0,Bangalore,Villa,54250000.0
1540.0,3,2.0,2,0.0,7.0,Hyderabad,Independent House,16710000.0
1567.0,3,,2,1.0,36.0,Bangalore,Independent House,15890000.0
1241.0,2,2.0,2,0.0,4.0,Mumbai,Apartment,23080000.0
593.0,1,1.0,1,1.0,5.0,Kolkata,Apartment,5070000.0
3214.0,6,5.0,3,1.0,27.0,Delhi,Villa,44760000.0
1597.0,3,3.0,2,1.0,12.0,Bangalore,Independent House,20340000.0
2222.0,4,3.0,2,3.0,33.0,Mumbai,Villa,41430000.0
2625.0,4,4.0,2,1.0,6.0,Mumbai,Villa,66610000.0
1253.0,2,2.0,3,0.0,35.0,Bangalore,Independent House,16050000.0
2003.0,3,2.0,3,1.0,24.0,Bangalore,Independent House,19610000.0
1497.0,2,2.0,2,2.0,28.0,Pune,Apartment,13470000.0
1416.0,2,1.0,1,1.0,,Bangalore,Apartment,10980000.0
1562.0,3,2.0,1,2.0,38.0,Kolkata,Independent House,11050000.0
802.0,1,1.0,2,1.0,18.0,Delhi,Apartment,10070000.0
1527.0,3,2.0,2,1.0,17.0,Pune,Apartment,14110000.0
1416.0,2,1.0,2,1.0,14.0,Delhi,Apartment,19680000.0
1479.0,2,1.0,2,2.0,11.0,Delhi,Apartment,20260000.0
2327.0,4,3.0,2,1.0,39.0,Bangalore,Independent House,25610000.0
1571.0,3,2.0,2,,33.0,Pune,Apartment,13710000.0
1679.0,3,3.0,2,1.0,20.0,Mumbai,Independent House,27900000.0
1186.0,2,1.0,2,1.0,25.0,Delhi,Apartment,13970000.0
1787.0,3,2.0,1,0.0,0.0,Mumbai,Independent House,37560000.0
1341.0,2,2.0,3,1.0,6.0,Mumbai,Independent House,27400000.0
2045.0,3,3.0,1,0.0,24.0,Bangalore,Apartment,19160000.0
2119.0,4,4.0,1,2.0,15.0,Mumbai,Villa,43450000.0
1186.0,2,1.0,2,0.0,14.0,Delhi,Apartment,15060000.0
2599.0,4,4.0,3,1.0,10.0,Kolkata,Villa,27960000.0
3063.0,5,5.0,3,2.0,45.0,Mumbai,Villa,49740000.0
1735.0,3,2.0,2,2.0,40.0,Delhi,Villa,24790000.0
3035.0,5,4.0,2,2.0,3.0,Bangalore,Villa,51570000.0
1265.0,2,1.0,2,2.0,9.0,Mumbai,Independent House,28290000.0
1912.0,3,3.0,2,,16.0,Pune,Apartment,19850000.0
1250.0,2,2.0,1,0.0,26.0,Mumbai,Apartment,17550000.0
1262.0,2,1.0,1,2.0,24.0,Mumbai,Apartment,19870000.0
1210.0,2,2.0,2,2.0,1.0,Bangalore,Apartment,15430000.0
1339.0,2,2.0,2,1.0,9.0,Mumbai,Apartment,21980000.0
1295.0,2,1.0,3,1.0,,Bangalore,Independent House,16900000.0
3318.0,6,5.0,1,3.0,18.0,Hyderabad,Villa,43270000.0
1031.0,2,1.0,2,0.0,43.0,Delhi,Apartment,9350000.0
1409.0,2,2.0,1,1.0,4.0,Mumbai,Independent House,29940000.0
1036.0,2,2.0,1,2.0,7.0,Mumbai,Apartment,21420000.0
1889.0,3,3.0,2,2.0,21.0,Hyderabad,Apartment,18320000.0
890.0,1,1.0,1,1.0,24.0,Bangalore,Apartment,8510000.0
1212.0,2,1.0,1,1.0,36.0,Bangalore,Apartment,9700000.0
1012.0,2,2.0,2,0.0,22.0,Chennai,Apartment,9880000.0
1620.0,3,2.0,1,0.0,8.0,Delhi,Apartment,25180000.0
993.0,2,1.0,1,2.0,29.0,Hyderabad,Apartment,7690000.0
1704.0,3,2.0,2,1.0,11.0,Delhi,Apartment,22970000.0
1878.0,3,2.0,1,1.0,12.0,Chennai,Apartment,17170000.0
1203.0,2,2.0,2,0.0,13.0,Delhi,Apartment,15300000.0
713.0,1,1.0,2,2.0,9.0,Mumbai,Apartment,11980000.0
1492.0,2,2.0,2,0.0,9.0,Hyderabad,Apartment,13720000.0
1046.0,2,2.0,2,1.0,15.0,Delhi,Apartment,13190000.0
1682.0,3,2.0,1,0.0,18.0,Mumbai,Apartment,28890000.0
1757.0,3,3.0,2,2.0,3.0,Mumbai,Apartment,34660000.0
782.0,1,1.0,2,0.0,19.0,Bangalore,Apartment,9500000.0
954.0,1,1.0,1,0.0,42.0,Chennai,Apartment,7190000.0
1012.0,2,2.0,1,0.0,38.0,Chennai,Apartment,7790000.0
1422.0,2,2.0,2,2.0,42.0,Mumbai,Apartment,17000000.0
1557.0,3,2.0,2,1.0,13.0,Mumbai,Independent House,28080000.0
1013.0,2,1.0,2,0.0,41.0,Delhi,Apartment,9120000.0
649.0,1,1.0,1,1.0,22.0,Mumbai,Independent House,13500000.0
1563.0,3,2.0,2,0.0,43.0,Delhi,Apartment,19040000.0
1603.0,3,2.0,1,1.0,1.0,Kolkata,Apartment,14030000.0
1889.0,3,2.0,2,0.0,38.0,Pune,Independent House,14930000.0
3523.0,6,5.0,1,1.0,20.0,Delhi,Villa,59050000.0
2076.0,4,4.0,1,1.0,30.0,Kolkata,Independent House,14870000.0
1300.0,2,1.0,2,1.0,32.0,Chennai,Independent House,12290000.0
1474.0,2,1.0,2,1.0,37.0,Delhi,Independent House,16480000.0
1726.0,3,2.0,1,0.0,28.0,Delhi,Independent House,22120000.0
1452.0,2,2.0,2,0.0,31.0,Pune,Apartment,10470000.0
2662.0,5,5.0,3,2.0,34.0,Chennai,Villa,30070000.0
735.0,1,1.0,1,1.0,29.0,Delhi,Apartment,8900000.0
1097.0,2,2.0,1,1.0,36.0,Delhi,Apartment,11530000.0
848.0,1,1.0,1,1.0,40.0,Kolkata,Apartment,4960000.0
581.0,1,1.0,2,0.0,29.0,Bangalore,Apartment,6020000.0
1220.0,2,1.0,1,2.0,1.0,Bangalore,Independent House,16770000.0
2008.0,3,3.0,1,1.0,12.0,Pune,Independent House,21030000.0
1775.0,3,3.0,3,1.0,2.0,Bangalore,Villa,28900000.0
1607.0,3,2.0,2,1.0,16.0,Bangalore,Apartment,17990000.0
1512.0,2,1.0,2,1.0,44.0,Bangalore,Independent House,14440000.0
1341.0,2,2.0,2,2.0,19.0,Kolkata,Apartment,10010000.0
1212.0,2,2.0,2,1.0,19.0,Pune,Apartment,11680000.0
2575.0,4,4.0,3,2.0,37.0,Mumbai,Villa,48770000.0
1187.0,2,2.0,1,2.0,31.0,Mumbai,Apartment,15450000.0
1957.0,3,2.0,1,1.0,43.0,Bangalore,Independent House,16870000.0
1439.0,2,2.0,2,2.0,15.0,Mumbai,Independent House,22930000.0
1890.0,3,2.0,2,1.0,6.0,Mumbai,Apartment,33770000.0
1152.0,2,2.0,2,2.0,25.0,Bangalore,Apartment,12850000.0
1578.0,3,2.0,3,1.0,14.0,Pune,Independent House,16850000.0
1208.0,2,1.0,1,0.0,25.0,Pune,Apartment,12260000.0
2710.0,5,5.0,3,1.0,21.0,Kolkata,Independent House,25150000.0
577.0,1,1.0,3,2.0,36.0,Delhi,Independent House,8050000.0
1772.0,3,2.0,2,1.0,30.0,Hyderabad,Apartment,14670000.0
1185.0,2,1.0,1,2.0,35.0,Chennai,Apartment,9800000.0
1180.0,2,2.0,1,1.0,27.0,Mumbai,Apartment,17640000.0
862.0,1,1.0,2,1.0,0.0,Pune,Apartment,9630000.0
1570.0,3,3.0,2,2.0,14.0,Pune,Independent House,16870000.0
2550.0,4,3.0,3,2.0,43.0,Mumbai,Villa,45750000.0
1179.0,2,1.0,2,0.0,12.0,Mumbai,Apartment,21790000.0
1480.0,2,1.0,1,1.0,7.0,Pune,Apartment,13640000.0
1605.0,3,3.0,3,1.0,8.0,Kolkata,Independent House,16610000.0
1170.0,2,1.0,1,1.0,27.0,Pune,Apartment,10010000.0
2254.0,4,4.0,2,0.0,15.0,Mumbai,Independent House,42650000.0
607.0,1,1.0,2,1.0,24.0,Mumbai,Apartment,9300000.0
1999.0,3,3.0,1,1.0,14.0,Bangalore,Independent House,26670000.0
2421.0,4,4.0,1,0.0,32.0,Mumbai,Independent House,43300000.0
1567.0,3,3.0,1,0.0,29.0,Chennai,Independent House,16810000.0
927.0,1,1.0,1,2.0,13.0,Bangalore,Apartment,10870000.0
1569.0,3,3.0,1,0.0,27.0,Mumbai,Apartment,20770000.0
2091.0,4,4.0,3,2.0,1.0,Chennai,Independent House,25220000.0
1206.0,2,2.0,2,0.0,32.0,Mumbai,Apartment,17080000.0
1812.0,3,2.0,1,0.0,26.0,Delhi,Apartment,18430000.0
1392.0,2,2.0,1,0.0,38.0,Chennai,Apartment,10940000.0
1439.0,2,1.0,1,0.0,34.0,Mumbai,Independent House,22960000.0
1403.0,2,1.0,3,0.0,2.0,Pune,Independent House,16440000.0
1519.0,2,1.0,1,1.0,17.0,Mumbai,Independent House,25390000.0
1101.0,2,2.0,1,1.0,13.0,Hyderabad,Apartment,9640000.0
1537.0,3,2.0,2,1.0,25.0,Chennai,Independent House,15560000.0
2041.0,3,3.0,3,0.0,38.0,Delhi,Independent House,24540000.0
963.0,1,1.0,1,0.0,44.0,Mumbai,Apartment,11440000.0
1454.0,2,1.0,1,1.0,25.0,Kolkata,Apartment,10200000.0
2309.0,4,4.0,1,2.0,45.0,Bangalore,Villa,24340000.0
1306.0,2,2.0,2,1.0,39.0,Hyderabad,Apartment,9250000.0
4179.0,6,5.0,2,1.0,16.0,Mumbai,Villa,95200000.0
1205.0,2,2.0,1,1.0,40.0,Pune,Apartment,8680000.0
838.0,1,1.0,1,0.0,24.0,Mumbai,Apartment,12080000.0
1925.0,3,2.0,2,1.0,9.0,Kolkata,Apartment,14970000.0
1130.0,2,2.0,3,2.0,8.0,Mumbai,Villa,31970000.0
1719.0,3,3.0,1,1.0,36.0,Mumbai,Apartment,25830000.0
1532.0,3,3.0,1,1.0,17.0,Mumbai,Apartment,23450000.0
624.0,1,1.0,1,0.0,44.0,Delhi,Apartment,5750000.0
2946.0,5,4.0,2,2.0,13.0,Bangalore,Villa,40550000.0
848.0,1,1.0,1,2.0,32.0,Chennai,Apartment,7040000.0
1157.0,2,1.0,1,2.0,10.0,Mumbai,Apartment,21280000.0
1566.0,3,3.0,2,1.0,4.0,Hyderabad,Apartment,21300000.0
1373.0,2,2.0,3,1.0,43.0,Delhi,Independent House,13840000.0
1595.0,3,2.0,1,3.0,26.0,Mumbai,Villa,29130000.0
1747.0,3,2.0,2,0.0,28.0,Mumbai,Independent House,0.0
1969.0,3,2.0,3,2.0,30.0,Kolkata,Independent House,15170000.0
946.0,1,1.0,1,1.0,8.0,Mumbai,Apartment,16680000.0
1096.0,2,2.0,2,0.0,14.0,Mumbai,Apartment,18400000.0
2775.0,5,4.0,3,2.0,6.0,Mumbai,Villa,60740000.0
1214.0,2,1.0,2,1.0,0.0,Pune,Apartment,13720000.0
1546.0,3,3.0,1,1.0,23.0,Delhi,Apartment,20350000.0
2334.0,4,4.0,2,1.0,12.0,Bangalore,Independent House,27310000.0
1526.0,3,3.0,3,1.0,45.0,Pune,Independent House,13040000.0
2333.0,4,,2,1.0,35.0,Mumbai,Independent House,35280000.0
2144.0,4,4.0,1,1.0,29.0,Hyderabad,Independent House,19550000.0
2452.0,4,4.0,1,0.0,11.0,Kolkata,Independent House,15980000.0
1264.0,2,2.0,1,0.0,17.0,Delhi,Apartment,18400000.0
630.0,1,1.0,1,1.0,32.0,Pune,Apartment,4870000.0
1549.0,3,3.0,1,1.0,1.0,Hyderabad,Apartment,16190000.0
1655.0,3,2.0,2,0.0,0.0,Hyderabad,Independent House,17930000.0
3723.0,6,5.0,2,1.0,36.0,Bangalore,Villa,47410000.0
577.0,1,1.0,1,1.0,11.0,Bangalore,Apartment,7790000.0
2617.0,4,3.0,1,3.0,26.0,Bangalore,Villa,32830000.0
2376.0,4,3.0,1,1.0,33.0,Hyderabad,Independent House,19430000.0
1362.0,2,1.0,3,1.0,33.0,Delhi,Independent House,16550000.0
2088.0,4,4.0,3,1.0,25.0,Delhi,Independent House,24750000.0
2418.0,4,4.0,2,2.0,18.0,Kolkata,Villa,24050000.0
2350.0,4,4.0,1,1.0,5.0,Bangalore,Independent House,30590000.0
1380.0,2,2.0,2,1.0,22.0,Delhi,Apartment,16950000.0
928.0,1,1.0,2,1.0,40.0,Bangalore,Apartment,8820000.0
1850.0,3,3.0,2,2.0,41.0,Chennai,Apartment,13930000.0
912.0,1,1.0,2,2.0,16.0,Mumbai,Apartment,15530000.0
1177.0,2,1.0,3,1.0,6.0,Pune,Independent House,13660000.0
1824.0,3,2.0,1,3.0,22.0,Chennai,Villa,23940000.0
1678.0,3,3.0,1,1.0,38.0,Delhi,Apartment,16150000.0
1006.0,2,1.0,2,0.0,5.0,Delhi,Apartment,14080000.0
2040.0,3,2.0,2,2.0,21.0,Pune,Independent House,19260000.0
1331.0,2,1.0,1,1.0,30.0,Delhi,Apartment,15560000.0
883.0,1,1.0,1,1.0,31.0,Bangalore,Apartment,7770000.0
1437.0,2,1.0,2,0.0,5.0,Chennai,Apartment,15510000.0
1899.0,3,2.0,1,2.0,35.0,Bangalore,Apartment,17980000.0
1290.0,2,1.0,2,0.0,45.0,Bangalore,Apartment,9680000.0
720.0,1,1.0,2,1.0,19.0,Bangalore,Apartment,8270000.0
3223.0,6,5.0,2,2.0,45.0,Bangalore,Villa,36450000.0
1189.0,2,2.0,1,1.0,,Mumbai,Apartment,21810000.0
3542.0,6,5.0,3,2.0,25.0,Delhi,Villa,56300000.0
1617.0,3,2.0,2,1.0,37.0,Pune,Apartment,13650000.0
1627.0,3,3.0,2,1.0,10.0,Delhi,Apartment,21690000.0
1526.0,3,3.0,1,0.0,26.0,Bangalore,Apartment,13710000.0
2363.0,4,3.0,3,0.0,5.0,Mumbai,Independent House,48280000.0
1266.0,2,1.0,1,1.0,23.0,Delhi,Apartment,16090000.0
2752.0,5,5.0,3,1.0,22.0,Delhi,Villa,45250000.0
1510.0,2,2.0,1,2.0,13.0,Delhi,Independent House,22210000.0
682.0,1,1.0,1,1.0,4.0,Hyderabad,Independent House,7140000.0
950.0,1,1.0,1,1.0,45.0,Delhi,Apartment,9070000.0
2017.0,3,2.0,2,0.0,39.0,Delhi,Independent House,24500000.0
1106.0,2,2.0,1,2.0,24.0,Mumbai,Apartment,20280000.0
1901.0,3,3.0,3,0.0,25.0,Delhi,Independent House,25730000.0
2102.0,4,4.0,3,0.0,43.0,Bangalore,Independent House,19830000.0
1657.0,3,3.0,2,2.0,21.0,Delhi,Apartment,20930000.0
1877.0,3,2.0,3,1.0,8.0,Mumbai,Independent House,36090000.0
1470.0,2,2.0,1,0.0,43.0,Mumbai,Independent House,20710000.0
2208.0,4,3.0,2,1.0,7.0,Bangalore,Villa,35630000.0
1251.0,2,2.0,1,1.0,27.0,Kolkata,Apartment,7790000.0
1046.0,2,1.0,1,2.0,5.0,Chennai,Apartment,12350000.0
1644.0,3,2.0,1,0.0,5.0,Bangalore,Independent House,21700000.0
1889.0,3,3.0,3,1.0,24.0,Hyderabad,Independent House,17200000.0
1381.0,2,2.0,1,1.0,37.0,Hyderabad,Independent House,10660000.0
1976.0,3,2.0,1,2.0,21.0,Pune,Independent House,18330000.0
1434.0,2,1.0,2,1.0,1.0,Bangalore,Apartment,19120000.0
1095.0,2,2.0,2,2.0,11.0,Mumbai,Apartment,17680000.0
887.0,1,1.0,1,0.0,16.0,Pune,Apartment,8920000.0
2022.0,3,2.0,1,0.0,0.0,Mumbai,Independent House,34540000.0
1600.0,3,3.0,1,2.0,18.0,Bangalore,Independent House,17030000.0
1211.0,2,1.0,2,1.0,15.0,Delhi,Independent House,17050000.0
959.0,1,1.0,1,1.0,26.0,Bangalore,Independent House,11030000.0
1334.0,2,2.0,2,1.0,27.0,Hyderabad,Apartment,9550000.0
1404.0,2,2.0,2,1.0,13.0,Mumbai,Apartment,26500000.0
1786.0,3,3.0,3,2.0,22.0,Bangalore,Independent House,21870000.0
1297.0,2,1.0,2,0.0,20.0,Bangalore,Apartment,15040000.0
983.0,2,1.0,1,1.0,35.0,Mumbai,Apartment,11110000.0
3030.0,5,4.0,3,2.0,19.0,Delhi,Villa,59620000.0
1941.0,3,2.0,3,2.0,44.0,Mumbai,Independent House,27170000.0
1533.0,3,2.0,1,1.0,6.0,Delhi,Apartment,23360000.0
1453.0,2,1.0,1,1.0,27.0,Pune,Independent House,16240000.0
3705.0,6,5.0,3,1.0,0.0,Hyderabad,Villa,48260000.0
1509.0,2,2.0,1,1.0,37.0,Mumbai,Apartment,18710000.0
3174.0,5,5.0,3,3.0,14.0,Mumbai,Villa,76890000.0
2089.0,4,4.0,2,1.0,33.0,Hyderabad,Apartment,16860000.0
1005.0,2,1.0,2,1.0,31.0,Mumbai,Independent House,17130000.0
1093.0,2,2.0,2,1.0,45.0,Chennai,Apartment,8920000.0
1143.0,2,1.0,1,2.0,35.0,Delhi,Apartment,12660000.0
3513.0,6,5.0,1,2.0,25.0,Bangalore,Villa,40800000.0
2771.0,5,5.0,3,2.0,4.0,Mumbai,Villa,78560000.0
2636.0,5,4.0,2,2.0,10.0,Delhi,Villa,49650000.0
1070.0,2,1.0,2,1.0,26.0,Hyderabad,Apartment,9400000.0
1302.0,2,2.0,1,0.0,2.0,Delhi,Apartment,18980000.0
865.0,1,1.0,2,1.0,25.0,Bangalore,Apartment,7480000.0
1496.0,2,1.0,2,1.0,25.0,Bangalore,Apartment,14350000.0
1237.0,2,1.0,2,,6.0,Bangalore,Apartment,14260000.0
1038.0,2,2.0,2,2.0,24.0,Pune,Apartment,9480000.0
2675.0,5,5.0,2,2.0,31.0,Kolkata,Villa,24040000.0
1838.0,3,3.0,1,0.0,30.0,Pune,Independent House,19990000.0
1275.0,2,1.0,2,1.0,45.0,Chennai,Apartment,8120000.0
1742.0,3,3.0,1,1.0,33.0,Delhi,Independent House,19630000.0
1442.0,2,1.0,2,2.0,15.0,Delhi,Apartment,20490000.0
1770.0,3,3.0,3,0.0,36.0,Bangalore,Independent House,15450000.0
1263.0,2,2.0,2,1.0,1.0,Delhi,Apartment,21390000.0
1431.0,2,1.0,2,1.0,20.0,Mumbai,Apartment,22060000.0
946.0,1,1.0,2,2.0,17.0,Kolkata,Apartment,7970000.0
1910.0,3,2.0,3,2.0,,Kolkata,Independent House,12060000.0
1020.0,2,2.0,2,1.0,3.0,Bangalore,Apartment,11800000.0
1455.0,2,2.0,2,1.0,34.0,Hyderabad,Independent House,13190000.0
1302.0,2,2.0,2,2.0,35.0,Chennai,Apartment,11200000.0
2157.0,4,3.0,1,2.0,34.0,Mumbai,Apartment,33620000.0
1888.0,3,2.0,2,0.0,34.0,Hyderabad,Independent House,15460000.0
1501.0,2,1.0,3,1.0,5.0,Kolkata,Independent House,13820000.0
1753.0,3,2.0,3,2.0,18.0,Pune,Independent House,14830000.0
3243.0,6,5.0,3,2.0,24.0,Hyderabad,Villa,39800000.0
2099.0,4,4.0,2,1.0,3.0,Chennai,Independent House,26650000.0
1869.0,3,2.0,3,1.0,26.0,Mumbai,Independent House,31080000.0
2556.0,4,3.0,2,0.0,14.0,Bangalore,Independent House,37370000.0
3952.0,6,5.0,3,2.0,33.0,Pune,Villa,44730000.0
1813.0,3,2.0,2,2.0,5.0,Bangalore,Independent House,26310000.0
1688.0,3,2.0,2,0.0,42.0,Mumbai,Independent House,21760000.0
1707.0,3,3.0,2,1.0,17.0,Bangalore,Independent House,18790000.0
1138.0,2,1.0,2,0.0,4.0,Delhi,Apartment,15890000.0
661.0,1,1.0,2,0.0,26.0,Delhi,Apartment,7390000.0
1194.0,2,1.0,1,1.0,22.0,Delhi,Apartment,14420000.0
1501.0,2,2.0,1,2.0,44.0,Bangalore,Independent House,14470000.0
2506.0,4,3.0,2,1.0,39.0,Mumbai,Villa,48990000.0
1079.0,2,1.0,1,2.0,10.0,Mumbai,Apartment,19540000.0
2293.0,4,4.0,2,1.0,9.0,Delhi,Independent House,33730000.0
1186.0,2,1.0,1,1.0,42.0,Delhi,Apartment,9650000.0
1752.0,3,3.0,1,1.0,45.0,Mumbai,Independent House,22520000.0
534.0,1,1.0,2,1.0,36.0,Mumbai,Apartment,6300000.0
871.0,1,1.0,2,2.0,19.0,Bangalore,Apartment,8290000.0
1345.0,2,2.0,1,1.0,43.0,Hyderabad,Apartment,8500000.0
1898.0,3,2.0,2,0.0,,Bangalore,Independent House,21720000.0
1284.0,2,1.0,2,1.0,20.0,Delhi,Apartment,17020000.0
1065.0,2,2.0,1,1.0,9.0,Mumbai,Apartment,22480000.0
1922.0,3,2.0,1,2.0,7.0,Hyderabad,Independent House,22580000.0
1365.0,2,1.0,1,1.0,22.0,Chennai,Apartment,13190000.0
535.0,1,1.0,1,1.0,43.0,Pune,Apartment,4090000.0
1797.0,3,3.0,3,1.0,37.0,Mumbai,Independent House,29870000.0
1368.0,2,1.0,1,1.0,39.0,Pune,Apartment,8630000.0
805.0,1,1.0,1,1.0,2.0,Delhi,Apartment,12700000.0
890.0,1,1.0,2,0.0,32.0,Pune,Independent House,8020000.0
702.0,1,1.0,1,0.0,32.0,Kolkata,Apartment,5310000.0
1340.0,2,2.0,2,1.0,27.0,Pune,Apartment,11100000.0
691.0,1,1.0,1,0.0,10.0,Delhi,Apartment,9970000.0
2785.0,5,5.0,1,2.0,12.0,Pune,Villa,40620000.0
3361.0,6,5.0,3,3.0,1.0,Kolkata,Villa,41990000.0
1528.0,3,3.0,1,2.0,11.0,Delhi,Apartment,19740000.0
891.0,1,1.0,1,2.0,44.0,Delhi,Apartment,8430000.0
1172.0,2,1.0,2,1.0,44.0,Delhi,Apartment,12040000.0
630.0,1,1.0,1,0.0,42.0,Mumbai,Apartment,7110000.0
985.0,2,1.0,1,0.0,24.0,Kolkata,Apartment,8140000.0
2451.0,4,3.0,1,2.0,30.0,Bangalore,Villa,33180000.0
1963.0,3,2.0,2,2.0,27.0,Bangalore,Apartment,19170000.0
1187.0,2,1.0,2,1.0,33.0,Chennai,Apartment,9500000.0
2109.0,4,4.0,2,0.0,36.0,Pune,Independent House,16820000.0
1287.0,2,2.0,2,0.0,17.0,Mumbai,Independent House,20540000.0
500.0,1,1.0,2,1.0,17.0,Hyderabad,Apartment,4740000.0
1532.0,3,3.0,1,1.0,11.0,Delhi,Apartment,18920000.0
1116.0,2,2.0,3,0.0,28.0,Hyderabad,Independent House,10830000.0
3156.0,5,5.0,2,3.0,45.0,Delhi,Villa,40220000.0
1309.0,2,2.0,2,1.0,40.0,Delhi,Apartment,12370000.0
1627.0,3,2.0,1,1.0,2.0,Delhi,Apartment,28530000.0
3230.0,6,5.0,3,3.0,33.0,Delhi,Villa,48330000.0
1713.0,3,3.0,1,0.0,39.0,Bangalore,Independent House,16320000.0
1075.0,2,2.0,1,1.0,35.0,Kolkata,Apartment,6850000.0
1006.0,2,1.0,2,2.0,16.0,Pune,Apartment,9640000.0
1774.0,3,2.0,1,1.0,13.0,Mumbai,Independent House,31440000.0
2774.0,5,5.0,3,0.0,11.0,Pune,Independent House,30240000.0
1739.0,3,2.0,2,0.0,28.0,Mumbai,Apartment,26250000.0
1436.0,2,1.0,2,2.0,24.0,Bangalore,Independent House,15420000.0
832.0,1,1.0,2,0.0,25.0,Mumbai,Apartment,12910000.0
708.0,1,1.0,2,0.0,16.0,Mumbai,Apartment,11450000.0
1200.0,2,1.0,2,1.0,44.0,Pune,Apartment,7350000.0
1605.0,3,2.0,2,1.0,4.0,Pune,Independent House,18690000.0
749.0,1,1.0,2,1.0,5.0,Bangalore,Apartment,8080000.0
617.0,1,1.0,2,1.0,7.0,Mumbai,Apartment,11250000.0
1606.0,3,2.0,3,1.0,1.0,Kolkata,Independent House,15590000.0
1441.0,2,1.0,1,1.0,26.0,Delhi,Apartment,18290000.0
2477.0,4,3.0,3,1.0,41.0,Mumbai,Independent House,40980000.0
2150.0,4,3.0,1,3.0,18.0,Bangalore,Villa,30740000.0
1212.0,2,2.0,1,1.0,14.0,Mumbai,Apartment,20910000.0
1581.0,3,3.0,2,1.0,26.0,Pune,Independent House,15110000.0
2489.0,4,4.0,1,0.0,37.0,Mumbai,Independent House,35180000.0
2049.0,3,3.0,3,1.0,40.0,Kolkata,Independent House,14580000.0
2208.0,4,4.0,2,0.0,39.0,Mumbai,Independent House,35020000.0
1568.0,3,3.0,2,1.0,25.0,Chennai,Independent House,15530000.0
1453.0,2,1.0,1,2.0,36.0,Pune,Apartment,11120000.0
929.0,1,1.0,2,1.0,18.0,Mumbai,Apartment,17170000.0
1044.0,2,1.0,1,1.0,13.0,Delhi,Apartment,13170000.0
1445.0,2,1.0,2,1.0,44.0,Pune,Apartment,11590000.0
1678.0,3,2.0,1,0.0,35.0,Hyderabad,Independent House,14810000.0
1415.0,2,1.0,2,1.0,43.0,Mumbai,Apartment,17550000.0
2033.0,3,3.0,2,2.0,21.0,Chennai,Villa,28490000.0
2806.0,5,4.0,2,2.0,14.0,Delhi,Villa,53090000.0
2548.0,4,4.0,2,1.0,11.0,Kolkata,Independent House,22600000.0
3633.0,6,5.0,3,2.0,25.0,Delhi,Villa,68200000.0
1020.0,2,2.0,1,1.0,22.0,Bangalore,Apartment,10170000.0
1806.0,3,3.0,2,1.0,44.0,Delhi,Apartment,15240000.0
961.0,1,1.0,2,1.0,21.0,Mumbai,Apartment,15840000.0
1916.0,3,3.0,2,1.0,39.0,Pune,Apartment,13200000.0
1715.0,3,2.0,2,1.0,39.0,Delhi,Apartment,18350000.0
1677.0,3,2.0,2,2.0,34.0,Pune,Apartment,17170000.0
792.0,1,1.0,1,0.0,15.0,,Independent House,7540000.0
2170.0,4,3.0,1,1.0,20.0,Chennai,Apartment,21020000.0
1520.0,2,2.0,1,1.0,7.0,Mumbai,Apartment,28550000.0
1163.0,2,2.0,1,0.0,23.0,Kolkata,Apartment,9420000.0
1441.0,2,1.0,2,1.0,0.0,Mumbai,Apartment,31850000.0
1123.0,2,1.0,1,0.0,36.0,Mumbai,Apartment,14040000.0
1648.0,3,3.0,1,1.0,35.0,Kolkata,Independent House,11810000.0
1921.0,3,3.0,2,1.0,32.0,Mumbai,Independent House,34350000.0
2126.0,4,3.0,1,0.0,8.0,Kolkata,Independent House,19760000.0
1441.0,2,1.0,2,1.0,,Bangalore,Apartment,13380000.0
3465.0,6,5.0,3,1.0,17.0,Chennai,Villa,47010000.0
2989.0,5,5.0,2,1.0,38.0,Bangalore,Independent House,24700000.0
1512.0,2,1.0,2,1.0,44.0,Bangalore,Independent House,14440000.0
1301.0,2,1.0,2,2.0,11.0,Hyderabad,Apartment,10570000.0
614.0,1,1.0,1,1.0,9.0,Bangalore,Apartment,7280000.0
1258.0,2,1.0,1,1.0,12.0,Mumbai,Apartment,22170000.0
3096.0,5,4.0,1,2.0,13.0,Pune,Villa,40510000.0
814.0,1,1.0,1,1.0,24.0,Delhi,Apartment,10090000.0
1173.0,2,1.0,2,2.0,14.0,Mumbai,Apartment,21260000.0
2143.0,4,4.0,1,0.0,22.0,Bangalore,Apartment,21980000.0
928.0,1,1.0,2,0.0,17.0,Chennai,Apartment,8010000.0
2267.0,4,4.0,1,2.0,13.0,Chennai,Independent House,23980000.0
865.0,1,1.0,1,1.0,7.0,Mumbai,Apartment,15920000.0
1998.0,3,3.0,3,0.0,15.0,Mumbai,Independent House,33810000.0
1020.0,2,1.0,1,2.0,35.0,Chennai,Apartment,8080000.0
1096.0,2,1.0,2,1.0,7.0,Hyderabad,Apartment,12430000.0
1659.0,3,2.0,3,0.0,38.0,Delhi,Independent House,16210000.0
2358.0,4,3.0,1,2.0,44.0,Kolkata,Independent House,15860000.0
1875.0,3,3.0,2,1.0,40.0,Bangalore,Independent House,19870000.0
1449.0,2,2.0,1,,34.0,Mumbai,Independent House,21640000.0
1746.0,3,2.0,2,1.0,3.0,Delhi,Apartment,24960000.0
1348.0,2,2.0,1,1.0,13.0,Mumbai,Apartment,23800000.0
1166.0,2,2.0,1,1.0,7.0,Bangalore,Apartment,15510000.0
1501.0,2,1.0,1,2.0,24.0,Delhi,Independent House,20580000.0
1553.0,3,3.0,2,1.0,44.0,Mumbai,Apartment,20960000.0
1579.0,3,2.0,1,1.0,9.0,Mumbai,Independent House,30600000.0
3274.0,6,5.0,1,1.0,43.0,Delhi,Villa,44110000.0
2380.0,4,3.0,3,2.0,35.0,Pune,Villa,23200000.0
2138.0,4,4.0,3,1.0,7.0,Pune,Independent House,29070000.0
1228.0,2,1.0,1,1.0,1.0,Chennai,Apartment,15890000.0
1698.0,3,2.0,1,2.0,27.0,Bangalore,Apartment,15910000.0
1630.0,3,2.0,1,1.0,10.0,Hyderabad,Apartment,14670000.0
1866.0,3,2.0,1,2.0,18.0,Mumbai,Independent House,31270000.0
1521.0,2,2.0,2,0.0,10.0,Mumbai,Apartment,26830000.0
1132.0,2,2.0,1,2.0,18.0,Pune,Apartment,11920000.0
1888.0,3,3.0,3,2.0,24.0,Delhi,Villa,29460000.0
2099.0,4,3.0,1,2.0,14.0,Hyderabad,Independent House,21300000.0
1393.0,2,1.0,3,1.0,9.0,Kolkata,Independent House,15620000.0
1672.0,3,3.0,3,2.0,22.0,Mumbai,Independent House,27340000.0
2542.0,4,3.0,1,2.0,11.0,Hyderabad,Villa,35080000.0
1242.0,2,2.0,1,0.0,37.0,Bangalore,Apartment,9430000.0
1258.0,2,2.0,2,1.0,2.0,Bangalore,Apartment,17490000.0
2221.0,4,3.0,3,2.0,37.0,Bangalore,Independent House,27080000.0
1236.0,2,2.0,2,2.0,31.0,Mumbai,Apartment,17130000.0
960.0,1,1.0,1,1.0,5.0,Hyderabad,Apartment,10420000.0
971.0,1,1.0,1,1.0,31.0,Mumbai,Apartment,13940000.0
896.0,1,1.0,1,1.0,30.0,Delhi,Apartment,10890000.0
897.0,1,1.0,1,0.0,38.0,Mumbai,Apartment,12900000.0
1505.0,2,2.0,3,1.0,18.0,Bangalore,Independent House,16800000.0
1252.0,2,1.0,2,0.0,22.0,Mumbai,Apartment,19130000.0
704.0,1,1.0,2,0.0,2.0,Pune,Apartment,8970000.0
1053.0,2,1.0,1,0.0,37.0,Delhi,Independent House,11850000.0
1851.0,3,3.0,3,1.0,32.0,Pune,Independent House,15960000.0
1299.0,2,2.0,1,2.0,24.0,Pune,Apartment,12980000.0
1297.0,2,1.0,2,1.0,9.0,Bangalore,Apartment,14500000.0
1606.0,3,3.0,3,1.0,24.0,Hyderabad,Independent House,16940000.0
1919.0,3,2.0,2,2.0,37.0,Delhi,Independent House,21990000.0
3827.0,6,5.0,3,3.0,27.0,Hyderabad,Villa,41070000.0
3303.0,6,5.0,2,2.0,1.0,Bangalore,Villa,57390000.0
856.0,1,1.0,1,2.0,24.0,Bangalore,Apartment,9000000.0
1218.0,2,1.0,2,2.0,44.0,Delhi,Apartment,12050000.0
3617.0,6,5.0,2,2.0,11.0,Delhi,Villa,66940000.0
3266.0,6,5.0,2,3.0,14.0,Mumbai,Villa,61120000.0
1251.0,2,1.0,1,1.0,43.0,Kolkata,Apartment,7660000.0
1148.0,2,1.0,3,1.0,7.0,Bangalore,Independent House,15480000.0
2503.0,4,3.0,3,1.0,19.0,Pune,Independent House,25630000.0
2962.0,5,4.0,1,,1.0,Delhi,Independent House,49140000.0
1062.0,2,1.0,1,2.0,31.0,Delhi,Apartment,11440000.0
1499.0,2,1.0,1,1.0,,Kolkata,Apartment,7960000.0
1005.0,2,2.0,2,0.0,3.0,Mumbai,Apartment,20960000.0
1492.0,2,2.0,2,1.0,24.0,Mumbai,Apartment,21890000.0
1260.0,2,1.0,2,0.0,19.0,Chennai,Independent House,12940000.0
1112.0,2,2.0,1,1.0,45.0,Delhi,Apartment,9900000.0
1159.0,2,2.0,1,0.0,0.0,Chennai,Apartment,12940000.0
2037.0,3,2.0,3,,25.0,Mumbai,Independent House,37730000.0
2502.0,4,4.0,1,3.0,41.0,Mumbai,Villa,51540000.0
1351.0,2,2.0,2,1.0,31.0,Mumbai,Apartment,23280000.0
638.0,1,1.0,1,0.0,2.0,,Apartment,11780000.0
993.0,2,2.0,1,1.0,0.0,Mumbai,Apartment,20050000.0
1454.0,2,1.0,2,0.0,38.0,Bangalore,Apartment,12600000.0
1566.0,3,3.0,2,1.0,9.0,Chennai,Apartment,14070000.0
1134.0,2,1.0,2,2.0,15.0,Bangalore,Apartment,13990000.0
1821.0,3,2.0,2,1.0,,Pune,Apartment,19220000.0
1409.0,2,2.0,1,2.0,43.0,Mumbai,Independent House,18870000.0
834.0,1,1.0,1,2.0,10.0,Hyderabad,Apartment,9380000.0
1659.0,3,2.0,3,1.0,12.0,Chennai,Independent House,17910000.0
2385.0,4,4.0,3,1.0,32.0,Pune,Independent House,23750000.0
1538.0,3,3.0,2,2.0,9.0,Chennai,Apartment,18520000.0
500.0,1,1.0,2,1.0,0.0,Mumbai,Apartment,11010000.0
1127.0,2,2.0,2,2.0,37.0,Bangalore,Apartment,9730000.0
2578.0,4,4.0,2,2.0,0.0,Pune,Villa,43870000.0
2892.0,5,5.0,2,0.0,35.0,Mumbai,Independent House,51810000.0
2327.0,4,3.0,3,0.0,5.0,Mumbai,Independent House,45670000.0
1326.0,2,2.0,1,1.0,14.0,Bangalore,Independent House,18420000.0
1370.0,2,2.0,3,2.0,8.0,Pune,Independent House,13830000.0
862.0,1,1.0,1,1.0,34.0,Hyderabad,Apartment,6900000.0
1398.0,2,1.0,1,0.0,17.0,Mumbai,Apartment,25200000.0
1124.0,2,2.0,2,1.0,42.0,Pune,Apartment,8380000.0
1157.0,2,1.0,1,2.0,4.0,Delhi,Apartment,14370000.0
1111.0,2,1.0,2,1.0,39.0,Mumbai,Apartment,13680000.0
3468.0,6,5.0,1,2.0,30.0,Bangalore,Villa,36760000.0
1719.0,3,2.0,2,1.0,36.0,Mumbai,Independent House,29230000.0
640.0,1,1.0,1,0.0,44.0,Kolkata,Apartment,3510000.0
1051.0,2,1.0,2,0.0,45.0,Bangalore,Apartment,8920000.0
514.0,1,1.0,1,0.0,8.0,Hyderabad,Apartment,5050000.0
1464.0,2,1.0,3,0.0,23.0,Chennai,Independent House,16540000.0
1330.0,2,2.0,1,1.0,30.0,Mumbai,Apartment,21280000.0
981.0,2,1.0,2,0.0,35.0,Delhi,Apartment,10820000.0
1212.0,2,1.0,2,0.0,39.0,Bangalore,Apartment,9790000.0
923.0,1,1.0,1,2.0,3.0,Chennai,Apartment,10310000.0
948.0,1,1.0,2,0.0,20.0,Delhi,Independent House,12620000.0
1027.0,2,1.0,2,1.0,14.0,Kolkata,Apartment,8030000.0
883.0,1,1.0,2,1.0,30.0,Mumbai,Apartment,12960000.0
2428.0,4,4.0,3,1.0,27.0,Pune,Independent House,20600000.0
1169.0,2,2.0,2,0.0,23.0,Mumbai,Apartment,18530000.0
947.0,1,1.0,1,0.0,40.0,Chennai,Apartment,6470000.0
1350.0,2,1.0,3,,40.0,Bangalore,Independent House,12650000.0
1596.0,3,2.0,2,0.0,19.0,Hyderabad,Apartment,13680000.0
1136.0,2,1.0,2,0.0,7.0,Mumbai,Apartment,19940000.0
1354.0,2,1.0,1,1.0,4.0,Bangalore,Apartment,17200000.0
1185.0,2,1.0,2,2.0,43.0,Bangalore,Apartment,10030000.0
1797.0,3,2.0,1,0.0,31.0,Bangalore,Apartment,15960000.0
1371.0,2,1.0,1,2.0,7.0,Chennai,Apartment,13490000.0
1818.0,3,2.0,2,,36.0,Pune,Apartment,15160000.0
1091.0,2,2.0,1,1.0,44.0,Delhi,Independent House,14240000.0
2559.0,4,3.0,2,2.0,6.0,Kolkata,Villa,27980000.0
1896.0,3,3.0,1,1.0,13.0,Delhi,Apartment,25300000.0
1068.0,2,2.0,2,0.0,34.0,Bangalore,Apartment,10960000.0
1162.0,2,1.0,2,2.0,24.0,Mumbai,Apartment,20200000.0
913.0,1,1.0,1,1.0,24.0,Pune,Apartment,8530000.0
1674.0,3,3.0,3,0.0,30.0,Pune,Independent House,13810000.0
1508.0,2,2.0,2,1.0,23.0,Delhi,Independent House,19460000.0
733.0,1,1.0,1,1.0,9.0,Bangalore,Apartment,7470000.0
1155.0,2,2.0,2,1.0,12.0,Bangalore,Apartment,14890000.0
1080.0,2,2.0,2,,3.0,Bangalore,Apartment,14090000.0
1019.0,2,1.0,1,1.0,24.0,Delhi,Apartment,11900000.0
3576.0,6,5.0,1,1.0,13.0,Delhi,Villa,78310000.0
1335.0,2,2.0,1,1.0,45.0,Kolkata,Apartment,7930000.0
2994.0,5,4.0,3,2.0,12.0,Pune,Villa,33590000.0
1804.0,3,3.0,2,2.0,39.0,Bangalore,Independent House,16580000.0
2028.0,3,3.0,1,1.0,2.0,Pune,Independent House,21710000.0
1048.0,2,2.0,1,2.0,31.0,Mumbai,Apartment,13740000.0
1445.0,2,2.0,2,0.0,2.0,Mumbai,Apartment,24430000.0
1333.0,2,1.0,2,1.0,23.0,Delhi,Apartment,14670000.0
1505.0,2,1.0,1,1.0,1.0,Pune,Apartment,16160000.0
944.0,1,1.0,2,1.0,43.0,Delhi,Apartment,9890000.0
784.0,1,1.0,1,1.0,2.0,Bangalore,Apartment,9280000.0
1139.0,2,1.0,1,0.0,5.0,Delhi,Apartment,16880000.0
1918.0,3,2.0,2,1.0,38.0,Mumbai,Independent House,28380000.0
2990.0,5,5.0,2,2.0,8.0,Hyderabad,Villa,38100000.0
921.0,1,1.0,2,1.0,26.0,Bangalore,Apartment,11120000.0
1843.0,3,2.0,1,2.0,30.0,Delhi,Apartment,22590000.0
1953.0,3,3.0,2,1.0,18.0,Hyderabad,Independent House,16470000.0
1390.0,2,2.0,1,0.0,22.0,Chennai,Apartment,12780000.0
2159.0,4,3.0,2,0.0,13.0,Hyderabad,Independent House,21010000.0
1304.0,2,1.0,1,2.0,30.0,Mumbai,Apartment,24480000.0
1116.0,2,,1,1.0,20.0,Bangalore,Apartment,11720000.0
1287.0,2,2.0,1,1.0,24.0,Hyderabad,Apartment,11390000.0
2611.0,4,3.0,2,2.0,21.0,Bangalore,Villa,38280000.0
690.0,1,1.0,2,1.0,12.0,Delhi,Apartment,8250000.0
1356.0,2,2.0,1,1.0,36.0,Pune,Independent House,12530000.0
500.0,1,1.0,1,0.0,25.0,Mumbai,Apartment,8510000.0
1338.0,2,1.0,2,0.0,9.0,Bangalore,Apartment,15610000.0
1688.0,3,2.0,2,2.0,7.0,Delhi,Apartment,23220000.0
2138.0,4,3.0,3,0.0,12.0,Mumbai,Independent House,39250000.0
1796.0,3,3.0,1,1.0,19.0,Kolkata,Independent House,16990000.0
790.0,1,1.0,1,1.0,21.0,Chennai,Independent House,8490000.0
2157.0,4,4.0,3,1.0,43.0,Chennai,Villa,19570000.0
2830.0,5,5.0,3,1.0,40.0,Delhi,Independent House,29840000.0
1046.0,2,2.0,2,2.0,18.0,Bangalore,Independent House,10640000.0
973.0,1,,2,1.0,19.0,Kolkata,Apartment,7410000.0
2014.0,3,3.0,3,1.0,20.0,Delhi,Independent House,28170000.0
2822.0,5,4.0,3,2.0,6.0,Mumbai,Independent House,55850000.0
1750.0,3,2.0,2,1.0,10.0,Kolkata,Villa,17880000.0
1705.0,3,3.0,2,1.0,40.0,Pune,Apartment,13790000.0
1015.0,2,1.0,2,1.0,30.0,Delhi,Apartment,13300000.0
3073.0,5,5.0,3,,41.0,Mumbai,Villa,61130000.0
1780.0,3,2.0,2,2.0,6.0,Hyderabad,Independent House,17810000.0
1894.0,3,2.0,3,1.0,44.0,Mumbai,Villa,31800000.0
883.0,1,1.0,2,1.0,12.0,Mumbai,Apartment,15440000.0
2213.0,4,4.0,3,2.0,26.0,Chennai,Villa,29820000.0
1393.0,2,2.0,1,0.0,24.0,Pune,Apartment,11280000.0
3510.0,6,5.0,2,2.0,37.0,Mumbai,Villa,54140000.0
1181.0,2,1.0,1,2.0,21.0,Hyderabad,Independent House,12920000.0
1036.0,2,2.0,1,2.0,11.0,Mumbai,Apartment,20910000.0
1643.0,3,2.0,1,1.0,42.0,Mumbai,Apartment,22760000.0
1470.0,2,1.0,3,0.0,1.0,Mumbai,Independent House,32740000.0
1616.0,3,3.0,2,1.0,40.0,Delhi,Apartment,16780000.0
1065.0,2,2.0,1,2.0,13.0,Hyderabad,Apartment,10710000.0
1547.0,3,3.0,1,1.0,33.0,Hyderabad,Apartment,11640000.0
1596.0,3,3.0,1,0.0,23.0,Bangalore,Apartment,14750000.0
1088.0,2,2.0,2,0.0,41.0,Bangalore,Apartment,9290000.0
2142.0,4,3.0,1,2.0,,Mumbai,Independent House,30050000.0
1951.0,3,3.0,2,0.0,18.0,Delhi,Independent House,30490000.0
1430.0,2,2.0,1,1.0,2.0,Hyderabad,Apartment,15760000.0
933.0,1,1.0,1,0.0,21.0,Hyderabad,Apartment,7480000.0
2306.0,4,3.0,1,1.0,32.0,Bangalore,Villa,31140000.0
500.0,1,1.0,1,1.0,2.0,Hyderabad,Independent House,6380000.0
500.0,1,1.0,2,1.0,30.0,Mumbai,Apartment,8780000.0
545.0,1,1.0,1,2.0,13.0,Delhi,Independent House,9160000.0
1218.0,2,1.0,2,1.0,2.0,Delhi,Apartment,16940000.0
1623.0,3,2.0,1,1.0,,Pune,Apartment,13110000.0
1147.0,2,1.0,2,0.0,4.0,Hyderabad,Apartment,10550000.0
1229.0,2,1.0,2,0.0,38.0,Hyderabad,Apartment,10030000.0
1333.0,2,2.0,3,2.0,22.0,Mumbai,Independent House,20350000.0
1121.0,2,1.0,2,1.0,9.0,Chennai,Apartment,12040000.0
2501.0,4,4.0,1,1.0,13.0,Mumbai,Villa,53870000.0
1270.0,2,1.0,2,0.0,41.0,Hyderabad,Independent House,10700000.0
1065.0,2,1.0,1,2.0,22.0,Mumbai,Apartment,18120000.0
1090.0,2,2.0,2,0.0,26.0,Mumbai,Apartment,15580000.0
1034.0,2,1.0,1,2.0,45.0,Delhi,Apartment,10040000.0
2118.0,4,4.0,1,0.0,29.0,Mumbai,Apartment,32340000.0
1100.0,2,1.0,1,1.0,34.0,Hyderabad,Apartment,9830000.0
1779.0,3,2.0,1,0.0,30.0,Delhi,Independent House,20740000.0
791.0,1,1.0,1,2.0,29.0,Hyderabad,Apartment,5950000.0
2147.0,4,4.0,3,1.0,3.0,Delhi,Independent House,35330000.0
1053.0,2,2.0,2,1.0,37.0,Delhi,Apartment,10480000.0
2981.0,5,5.0,3,2.0,36.0,Delhi,Independent House,39170000.0
1821.0,3,2.0,1,2.0,1.0,Delhi,Apartment,28970000.0
736.0,1,1.0,1,0.0,30.0,Pune,Apartment,7170000.0
1471.0,2,1.0,2,1.0,33.0,Hyderabad,Apartment,10770000.0
1863.0,3,2.0,1,2.0,28.0,Delhi,Independent House,28870000.0
994.0,2,2.0,2,0.0,11.0,Bangalore,Apartment,10740000.0
1663.0,3,3.0,1,1.0,32.0,Mumbai,Apartment,24390000.0
1666.0,3,3.0,2,2.0,18.0,Delhi,Villa,26140000.0
1209.0,2,2.0,1,1.0,25.0,Bangalore,Apartment,11580000.0
1048.0,2,1.0,2,2.0,12.0,Mumbai,Apartment,19060000.0
1172.0,2,1.0,1,0.0,24.0,Bangalore,Independent House,12970000.0
796.0,1,1.0,1,1.0,40.0,Bangalore,Apartment,6950000.0
1811.0,3,2.0,3,1.0,20.0,Bangalore,Independent House,20150000.0
944.0,1,1.0,2,,6.0,Pune,Apartment,8620000.0
1137.0,2,1.0,2,1.0,4.0,Delhi,Apartment,17770000.0
2144.0,4,4.0,1,1.0,29.0,Hyderabad,Independent House,19550000.0
1270.0,2,1.0,2,0.0,42.0,Delhi,Apartment,11180000.0
1465.0,2,2.0,1,0.0,35.0,Mumbai,Apartment,19310000.0
2388.0,4,4.0,3,1.0,40.0,Mumbai,Villa,39790000.0
1136.0,2,,1,2.0,6.0,Delhi,Apartment,15390000.0
1036.0,2,2.0,2,0.0,26.0,Mumbai,Apartment,14910000.0
1685.0,3,2.0,1,1.0,0.0,Mumbai,Apartment,29330000.0
1906.0,3,3.0,3,2.0,23.0,Pune,Villa,20130000.0
1089.0,2,1.0,2,3.0,45.0,Pune,Villa,11140000.0
1521.0,2,1.0,1,1.0,43.0,Bangalore,Apartment,11930000.0
948.0,1,1.0,1,0.0,3.0,Mumbai,Apartment,16410000.0
1105.0,2,1.0,2,2.0,25.0,Bangalore,Independent House,12730000.0
1388.0,2,2.0,2,1.0,28.0,Chennai,Independent House,13770000.0
1826.0,3,2.0,2,1.0,13.0,Delhi,Apartment,26230000.0
1256.0,2,1.0,2,1.0,4.0,Bangalore,Apartment,17480000.0
1161.0,2,2.0,3,1.0,1.0,Pune,Independent House,14190000.0
911.0,1,1.0,2,0.0,36.0,Kolkata,Apartment,4630000.0
1719.0,3,2.0,3,0.0,25.0,Bangalore,Independent House,19800000.0
1185.0,2,2.0,2,1.0,11.0,Hyderabad,Apartment,11020000.0
1426.0,2,2.0,1,1.0,9.0,Delhi,Apartment,17800000.0
864.0,1,1.0,2,1.0,27.0,Hyderabad,Apartment,7770000.0
1877.0,3,3.0,2,1.0,37.0,Delhi,Apartment,19100000.0
2229.0,4,3.0,1,0.0,44.0,Mumbai,Independent House,29790000.0
853.0,1,1.0,2,0.0,16.0,Hyderabad,Apartment,8980000.0
635.0,1,1.0,2,2.0,2.0,Mumbai,Apartment,13190000.0
1666.0,3,2.0,1,1.0,14.0,Mumbai,Apartment,29950000.0
1412.0,2,1.0,2,1.0,24.0,Bangalore,Apartment,14900000.0
1716.0,3,2.0,2,1.0,1.0,Bangalore,Apartment,21730000.0
1502.0,2,2.0,1,0.0,29.0,Pune,Apartment,13010000.0
1531.0,3,2.0,2,1.0,2.0,Bangalore,Apartment,15610000.0
1463.0,2,2.0,1,1.0,0.0,Chennai,Apartment,20040000.0
3952.0,6,5.0,2,1.0,37.0,Pune,Villa,42300000.0
2072.0,3,2.0,1,1.0,2.0,Chennai,Independent House,31910000.0
1535.0,3,3.0,2,0.0,25.0,Pune,Apartment,11850000.0
1544.0,3,2.0,2,1.0,25.0,Delhi,Independent House,19970000.0
1256.0,2,1.0,1,0.0,20.0,Bangalore,Apartment,11950000.0
1910.0,3,3.0,3,2.0,6.0,Delhi,Villa,31670000.0
2798.0,5,5.0,3,2.0,31.0,Bangalore,Villa,29210000.0
2226.0,4,3.0,2,0.0,30.0,Bangalore,Independent House,23510000.0
1662.0,3,3.0,3,2.0,10.0,Pune,Independent House,18780000.0
1913.0,3,2.0,2,1.0,40.0,Bangalore,Independent House,17320000.0
1003.0,2,1.0,1,2.0,23.0,Bangalore,Apartment,8960000.0
1543.0,3,3.0,2,1.0,25.0,Mumbai,Apartment,24870000.0
1389.0,2,1.0,1,1.0,0.0,Bangalore,Independent House,23280000.0
1333.0,2,1.0,1,0.0,15.0,Delhi,Apartment,14740000.0
1798.0,3,3.0,1,2.0,14.0,Mumbai,Independent House,40620000.0
687.0,1,1.0,3,,27.0,Chennai,Independent House,7340000.0
1493.0,2,1.0,2,2.0,7.0,Delhi,Independent House,23540000.0
2591.0,4,3.0,2,2.0,2.0,Mumbai,Independent House,47730000.0
2246.0,4,3.0,3,2.0,20.0,Kolkata,Independent House,18250000.0
1182.0,2,2.0,2,0.0,25.0,Pune,Independent House,12580000.0
1189.0,2,2.0,2,2.0,35.0,Mumbai,Apartment,14630000.0
1233.0,2,1.0,1,0.0,32.0,Hyderabad,Independent House,9390000.0
1420.0,2,2.0,2,1.0,32.0,Hyderabad,Apartment,10900000.0
1945.0,3,3.0,1,2.0,34.0,Delhi,Apartment,18210000.0
1556.0,3,2.0,2,0.0,7.0,Bangalore,Apartment,15640000.0
3243.0,6,5.0,2,1.0,38.0,Mumbai,Villa,53850000.0
972.0,1,1.0,2,1.0,24.0,Mumbai,Apartment,13410000.0
940.0,1,1.0,2,0.0,34.0,Delhi,Apartment,8920000.0
2128.0,4,4.0,3,2.0,5.0,Delhi,Independent House,32330000.0
966.0,1,1.0,3,0.0,3.0,Mumbai,Independent House,17490000.0
1371.0,2,1.0,2,1.0,38.0,Delhi,Apartment,15120000.0
1012.0,2,1.0,1,0.0,12.0,Delhi,Apartment,12780000.0
2015.0,3,2.0,3,2.0,5.0,Mumbai,Independent House,38870000.0
1486.0,2,1.0,2,2.0,11.0,Delhi,Apartment,18730000.0
1815.0,3,3.0,2,1.0,37.0,Delhi,Independent House,22400000.0
2143.0,4,4.0,3,0.0,9.0,Delhi,Independent House,33260000.0
1371.0,2,2.0,1,2.0,29.0,Bangalore,Apartment,12210000.0
1166.0,2,2.0,1,1.0,29.0,Mumbai,Apartment,17280000.0
1980.0,3,2.0,1,1.0,24.0,Bangalore,Independent House,17470000.0
1908.0,3,2.0,3,1.0,35.0,Mumbai,Independent House,23410000.0
1296.0,2,1.0,1,0.0,26.0,Chennai,Apartment,13640000.0
1408.0,2,2.0,1,1.0,17.0,Bangalore,Apartment,13060000.0
2180.0,4,3.0,2,1.0,20.0,Hyderabad,Independent House,22590000.0
1500.0,2,1.0,1,2.0,5.0,Delhi,Independent House,24930000.0
1799.0,3,2.0,2,2.0,29.0,Chennai,Independent House,14810000.0
2168.0,4,4.0,3,1.0,9.0,Bangalore,Independent House,29200000.0
659.0,1,1.0,3,1.0,24.0,Hyderabad,Independent House,5820000.0
1163.0,2,1.0,2,1.0,15.0,Bangalore,Apartment,12260000.0
3564.0,6,5.0,3,3.0,43.0,Delhi,Villa,40270000.0
1395.0,2,1.0,1,1.0,23.0,Pune,Apartment,14750000.0
1437.0,2,1.0,2,0.0,45.0,Delhi,Apartment,12180000.0
1351.0,2,1.0,1,1.0,9.0,Mumbai,Apartment,22760000.0
1067.0,2,1.0,3,0.0,12.0,Pune,Independent House,12410000.0
1404.0,2,1.0,2,1.0,3.0,Bangalore,Apartment,14890000.0
1229.0,2,2.0,2,2.0,43.0,Bangalore,Apartment,11200000.0
806.0,1,1.0,1,0.0,40.0,Hyderabad,Apartment,5140000.0
976.0,2,2.0,2,1.0,37.0,Mumbai,Apartment,13630000.0
1191.0,2,2.0,1,1.0,4.0,Pune,Independent House,14250000.0
1369.0,2,2.0,2,0.0,16.0,Pune,Apartment,14860000.0
992.0,2,2.0,1,1.0,28.0,Kolkata,Apartment,6380000.0
1358.0,2,2.0,1,2.0,35.0,Kolkata,Apartment,8920000.0
1150.0,2,2.0,1,1.0,14.0,Bangalore,Apartment,13270000.0
2139.0,4,3.0,1,1.0,4.0,Chennai,Independent House,30220000.0
801.0,1,1.0,2,0.0,9.0,Pune,Apartment,6690000.0
1485.0,2,1.0,2,0.0,32.0,Kolkata,Apartment,9610000.0
2012.0,3,3.0,3,1.0,17.0,Pune,Independent House,23660000.0
1774.0,3,3.0,2,1.0,0.0,Hyderabad,Apartment,20420000.0
2029.0,3,3.0,3,0.0,41.0,Kolkata,Independent House,11910000.0
876.0,1,1.0,1,0.0,43.0,Hyderabad,Apartment,6340000.0
2765.0,5,4.0,2,1.0,18.0,Chennai,Independent House,28840000.0
781.0,1,1.0,1,2.0,21.0,Bangalore,Apartment,7870000.0
3053.0,5,5.0,3,1.0,36.0,Chennai,Villa,35230000.0
1398.0,2,2.0,3,1.0,150.0,Delhi,Independent House,25590000.0
1060.0,2,1.0,2,1.0,40.0,Bangalore,Apartment,7480000.0
2322.0,4,3.0,3,0.0,36.0,Bangalore,Independent House,17900000.0
1500.0,2,1.0,1,2.0,1.0,Bangalore,Apartment,21550000.0
2670.0,5,5.0,2,2.0,28.0,Pune,Villa,31170000.0
2190.0,4,3.0,2,1.0,42.0,Mumbai,Independent House,32020000.0
1009.0,2,2.0,2,0.0,21.0,Delhi,Independent House,12800000.0
519.0,1,1.0,1,1.0,27.0,Bangalore,Apartment,5870000.0
2166.0,4,4.0,2,1.0,44.0,Kolkata,Independent House,13770000.0
3980.0,6,5.0,2,3.0,28.0,Chennai,Villa,46040000.0
1011.0,2,2.0,1,1.0,18.0,Mumbai,Apartment,17440000.0
1838.0,3,3.0,2,0.0,5.0,Delhi,Apartment,23380000.0
938.0,1,1.0,2,1.0,32.0,Bangalore,Independent House,10660000.0
1719.0,3,2.0,2,,26.0,Pune,Independent House,15960000.0
1255.0,2,2.0,3,1.0,32.0,Mumbai,Independent House,20690000.0
1850.0,3,3.0,1,1.0,8.0,Delhi,Independent House,27700000.0
2004.0,3,2.0,2,1.0,32.0,Chennai,Apartment,13100000.0
1864.0,3,3.0,1,1.0,21.0,Delhi,Apartment,23890000.0
2593.0,4,4.0,3,1.0,11.0,Mumbai,Villa,60760000.0
3593.0,6,5.0,2,2.0,5.0,Chennai,Villa,55850000.0
1640.0,3,3.0,2,0.0,41.0,Pune,Apartment,11310000.0
877.0,1,1.0,2,1.0,41.0,Delhi,Apartment,7460000.0
959.0,1,1.0,3,2.0,7.0,Delhi,Independent House,15510000.0
1086.0,2,2.0,1,1.0,3.0,Hyderabad,Apartment,11890000.0
1993.0,3,2.0,3,1.0,29.0,Chennai,Independent House,22330000.0
1977.0,3,2.0,1,1.0,44.0,Hyderabad,Apartment,12360000.0
1131.0,2,1.0,1,1.0,18.0,Hyderabad,Independent House,11500000.0
881.0,1,1.0,2,0.0,18.0,Delhi,Apartment,11370000.0
906.0,1,1.0,1,0.0,19.0,Chennai,Apartment,10230000.0
2865.0,5,5.0,3,2.0,20.0,Pune,Villa,34070000.0
1285.0,2,2.0,1,2.0,23.0,Pune,Apartment,12180000.0
829.0,1,1.0,2,0.0,14.0,Delhi,Apartment,12050000.0
2220.0,4,4.0,2,,20.0,Kolkata,Villa,25550000.0
987.0,2,1.0,1,0.0,11.0,Chennai,Apartment,9800000.0
1032.0,2,2.0,1,1.0,30.0,Bangalore,Apartment,11760000.0
1346.0,2,2.0,1,0.0,15.0,Delhi,Apartment,18630000.0
2381.0,4,4.0,3,,35.0,Mumbai,Villa,48130000.0
1126.0,2,1.0,1,1.0,7.0,Delhi,Apartment,14500000.0
1140.0,2,1.0,2,1.0,26.0,Kolkata,Apartment,6750000.0
927.0,1,1.0,2,1.0,34.0,Delhi,Apartment,10300000.0
1169.0,2,1.0,1,0.0,43.0,Kolkata,Apartment,7650000.0
1850.0,3,3.0,1,0.0,28.0,Mumbai,Apartment,23300000.0
4080.0,6,5.0,1,2.0,33.0,Chennai,Villa,45150000.0
2416.0,4,3.0,2,1.0,21.0,Mumbai,Independent House,39990000.0
1517.0,2,1.0,1,0.0,43.0,Pune,Apartment,12430000.0
1071.0,2,2.0,2,0.0,42.0,Bangalore,Apartment,8570000.0
773.0,1,1.0,1,1.0,28.0,Chennai,Apartment,6480000.0
541.0,1,1.0,2,0.0,12.0,Chennai,Apartment,6400000.0
1549.0,3,2.0,2,0.0,0.0,Kolkata,Apartment,15030000.0
4105.0,6,5.0,2,2.0,19.0,Chennai,Villa,59620000.0
1125.0,2,2.0,1,1.0,42.0,Delhi,Apartment,10470000.0
1814.0,3,3.0,2,2.0,17.0,Delhi,Villa,27850000.0
1135.0,2,1.0,1,0.0,21.0,Pune,Apartment,10690000.0
2141.0,4,4.0,3,1.0,10.0,Chennai,Independent House,26710000.0
2320.0,4,3.0,3,2.0,17.0,Chennai,Independent House,25480000.0
2123.0,4,4.0,2,0.0,25.0,Chennai,Independent House,23280000.0
1540.0,3,3.0,1,0.0,1.0,Bangalore,Apartment,16810000.0
1437.0,2,2.0,2,0.0,10.0,Kolkata,Apartment,13200000.0
1155.0,2,1.0,1,1.0,15.0,Pune,Apartment,10940000.0
1124.0,2,1.0,1,2.0,30.0,Delhi,Apartment,12760000.0
964.0,1,1.0,2,1.0,34.0,Mumbai,Apartment,12960000.0
1317.0,2,1.0,1,1.0,25.0,Mumbai,Apartment,20870000.0
1031.0,2,2.0,2,0.0,13.0,Mumbai,Apartment,17840000.0
1297.0,2,2.0,2,0.0,42.0,Kolkata,Apartment,8240000.0
2650.0,5,,1,1.0,28.0,Delhi,Villa,44940000.0
2459.0,4,3.0,3,1.0,34.0,Delhi,Villa,37630000.0
3243.0,6,5.0,1,1.0,16.0,Mumbai,Villa,59090000.0
1790.0,3,2.0,1,1.0,39.0,Kolkata,Independent House,11430000.0
914.0,1,1.0,2,0.0,10.0,Pune,Apartment,9280000.0
1279.0,2,2.0,2,0.0,7.0,Mumbai,Apartment,25150000.0
640.0,1,1.0,1,1.0,40.0,Delhi,Apartment,6800000.0
1597.0,3,2.0,2,1.0,20.0,Bangalore,Independent House,18650000.0
967.0,1,,2,1.0,37.0,Mumbai,Independent House,12560000.0
942.0,1,1.0,2,1.0,7.0,Mumbai,Independent House,18940000.0
2307.0,4,4.0,3,1.0,5.0,Kolkata,Villa,29670000.0
1842.0,3,3.0,2,0.0,2.0,Chennai,Independent House,20840000.0
1826.0,3,2.0,2,1.0,4.0,Bangalore,Independent House,24060000.0
1714.0,3,3.0,3,0.0,16.0,Bangalore,Independent House,18880000.0
2559.0,4,4.0,2,2.0,29.0,Delhi,Villa,36850000.0
1926.0,3,3.0,2,0.0,12.0,Bangalore,Apartment,20320000.0
1665.0,3,2.0,1,1.0,16.0,Hyderabad,Apartment,15340000.0
1710.0,3,3.0,3,0.0,4.0,Bangalore,Independent House,20630000.0
2806.0,5,4.0,2,2.0,2.0,Delhi,Villa,61980000.0
1069.0,2,2.0,2,2.0,0.0,Mumbai,Apartment,22020000.0
2201.0,4,3.0,3,2.0,27.0,Pune,Independent House,20800000.0
1560.0,3,2.0,2,2.0,16.0,Mumbai,Apartment,32740000.0
1423.0,2,2.0,2,0.0,38.0,Mumbai,Apartment,20120000.0
1598.0,3,2.0,1,1.0,8.0,Delhi,Apartment,21340000.0
1239.0,2,2.0,1,1.0,14.0,Mumbai,Apartment,18290000.0
1436.0,2,2.0,1,1.0,18.0,Chennai,Independent House,14550000.0
1345.0,2,2.0,2,0.0,35.0,Bangalore,Apartment,12140000.0
2148.0,4,4.0,3,2.0,19.0,Delhi,Independent House,27880000.0
781.0,1,1.0,1,2.0,19.0,Pune,Independent House,8080000.0
2354.0,4,4.0,2,2.0,44.0,Pune,Independent House,19680000.0
947.0,1,1.0,2,2.0,44.0,Mumbai,Independent House,13500000.0
1264.0,2,2.0,1,0.0,6.0,Bangalore,Apartment,15820000.0
1621.0,3,2.0,2,2.0,16.0,Pune,Independent House,19070000.0
2417.0,4,4.0,2,2.0,27.0,Bangalore,Independent House,27800000.0
892.0,1,1.0,2,2.0,31.0,Bangalore,Apartment,9760000.0
1304.0,2,2.0,1,0.0,9.0,Delhi,Apartment,17860000.0
2771.0,5,4.0,1,3.0,17.0,Mumbai,Villa,59890000.0
854.0,1,1.0,1,0.0,28.0,Mumbai,Apartment,12470000.0
1351.0,2,1.0,1,1.0,1.0,Chennai,Apartment,16080000.0
1586.0,3,2.0,1,1.0,7.0,Chennai,Apartment,16320000.0
1725.0,3,3.0,1,0.0,40.0,Mumbai,Independent House,26930000.0
1164.0,2,2.0,2,2.0,17.0,Chennai,Apartment,9850000.0
1605.0,3,3.0,2,2.0,14.0,Bangalore,Apartment,15960000.0
1288.0,2,1.0,2,2.0,14.0,Delhi,Apartment,19530000.0
1921.0,3,3.0,3,1.0,0.0,Delhi,Independent House,40370000.0
1504.0,2,2.0,1,1.0,33.0,Pune,Apartment,12130000.0
561.0,1,1.0,1,1.0,23.0,Mumbai,Apartment,8930000.0
1379.0,2,2.0,1,1.0,30.0,Bangalore,Apartment,13230000.0
1449.0,2,2.0,1,1.0,40.0,Mumbai,Apartment,19340000.0
1150.0,2,1.0,2,3.0,23.0,Mumbai,Villa,23720000.0
1115.0,2,1.0,2,0.0,25.0,Kolkata,Independent House,10040000.0
1237.0,2,1.0,2,2.0,30.0,Kolkata,Apartment,8470000.0
1690.0,3,3.0,1,1.0,11.0,Kolkata,Apartment,13230000.0
3588.0,6,5.0,3,2.0,28.0,Bangalore,Villa,39070000.0
1897.0,3,2.0,1,2.0,28.0,Chennai,Villa,24710000.0
2658.0,5,4.0,2,2.0,10.0,Bangalore,Villa,39560000.0
1479.0,2,1.0,3,2.0,27.0,Bangalore,Independent House,18790000.0
510.0,1,1.0,1,1.0,15.0,Delhi,Apartment,6420000.0
1615.0,3,2.0,3,1.0,10.0,Bangalore,Independent House,20920000.0
1540.0,3,3.0,1,1.0,36.0,Hyderabad,Apartment,12200000.0
500.0,1,1.0,2,0.0,44.0,Bangalore,Apartment,3580000.0
1379.0,2,1.0,1,0.0,41.0,Bangalore,Apartment,12620000.0
1081.0,2,1.0,2,1.0,43.0,Pune,Apartment,8390000.0
1168.0,2,1.0,1,1.0,30.0,Mumbai,Apartment,19240000.0
4112.0,6,5.0,3,3.0,1.0,Hyderabad,Villa,45420000.0
894.0,1,1.0,1,2.0,12.0,Mumbai,Apartment,17410000.0
2018.0,3,2.0,2,0.0,42.0,Kolkata,Independent House,14780000.0
1653.0,3,3.0,1,2.0,12.0,Delhi,Apartment,25440000.0
1025.0,2,1.0,1,0.0,9.0,Mumbai,Apartment,21170000.0
1548.0,3,3.0,2,0.0,38.0,Mumbai,Independent House,23000000.0
1535.0,3,3.0,2,2.0,31.0,Kolkata,Apartment,11500000.0
881.0,1,1.0,2,1.0,7.0,Bangalore,Apartment,9650000.0
1079.0,2,,1,0.0,27.0,Hyderabad,Apartment,8000000.0
975.0,2,1.0,1,0.0,5.0,Mumbai,Apartment,21260000.0
3421.0,6,5.0,3,2.0,35.0,Pune,Villa,37980000.0
808.0,1,1.0,2,0.0,18.0,Chennai,Apartment,7440000.0
1772.0,3,2.0,1,2.0,44.0,Delhi,Apartment,17130000.0
1400.0,2,2.0,2,1.0,42.0,Delhi,Apartment,15950000.0
1208.0,2,2.0,1,1.0,30.0,Bangalore,Apartment,11020000.0
1102.0,2,2.0,2,1.0,20.0,Pune,Apartment,11280000.0
1534.0,3,2.0,2,0.0,25.0,Delhi,Apartment,18210000.0
3092.0,5,5.0,1,2.0,41.0,Hyderabad,Villa,26210000.0
1500.0,2,2.0,2,1.0,14.0,Mumbai,Apartment,26650000.0
1008.0,2,1.0,2,1.0,42.0,,Apartment,0.0
695.0,1,1.0,1,1.0,36.0,Bangalore,Apartment,6550000.0
959.0,1,1.0,1,1.0,38.0,Mumbai,Apartment,13100000.0
950.0,1,1.0,2,0.0,34.0,Pune,Apartment,7570000.0
1734.0,3,3.0,2,1.0,40.0,Mumbai,Apartment,22000000.0
1454.0,2,2.0,1,1.0,19.0,Mumbai,Villa,34060000.0
1266.0,2,1.0,1,0.0,17.0,Pune,Apartment,11510000.0
1181.0,2,1.0,1,1.0,34.0,Delhi,Apartment,13250000.0
1123.0,2,2.0,1,0.0,30.0,Mumbai,Apartment,15500000.0
758.0,1,1.0,2,2.0,9.0,Kolkata,Apartment,6370000.0
1643.0,3,2.0,3,1.0,27.0,Kolkata,Independent House,11580000.0
2779.0,5,5.0,3,2.0,29.0,Mumbai,Independent House,42550000.0
1439.0,2,1.0,1,1.0,32.0,Delhi,Apartment,14390000.0
1290.0,2,2.0,2,,37.0,Mumbai,Apartment,18640000.0
730.0,1,1.0,1,2.0,26.0,Bangalore,Apartment,8010000.0
1129.0,2,1.0,2,1.0,31.0,Hyderabad,Villa,12050000.0
3099.0,5,4.0,3,1.0,22.0,Delhi,Independent House,42990000.0
2227.0,4,4.0,2,1.0,28.0,Mumbai,Villa,44890000.0
1487.0,2,1.0,2,0.0,43.0,Delhi,Apartment,16470000.0
1335.0,2,2.0,2,0.0,19.0,Mumbai,Apartment,22490000.0
749.0,1,1.0,2,1.0,22.0,Bangalore,Apartment,8680000.0
1269.0,2,2.0,2,1.0,19.0,Bangalore,Independent House,16210000.0
1591.0,3,3.0,1,1.0,14.0,Hyderabad,Apartment,13790000.0
527.0,1,1.0,2,2.0,26.0,Chennai,Independent House,5020000.0
1233.0,2,2.0,1,1.0,0.0,Hyderabad,Apartment,12380000.0
2047.0,3,2.0,3,2.0,39.0,Bangalore,Independent House,15110000.0
1530.0,3,2.0,2,1.0,17.0,Pune,Apartment,15130000.0
3242.0,6,5.0,3,3.0,37.0,Hyderabad,Villa,29330000.0
1110.0,2,1.0,1,0.0,24.0,Pune,Apartment,9860000.0
2184.0,4,3.0,1,1.0,39.0,Pune,Independent House,19290000.0
1425.0,2,2.0,2,1.0,33.0,Hyderabad,Apartment,11270000.0
1727.0,3,2.0,2,2.0,39.0,Chennai,Apartment,13820000.0
554.0,1,1.0,2,2.0,12.0,Delhi,Apartment,7760000.0
1129.0,2,1.0,2,1.0,38.0,Hyderabad,Apartment,9450000.0
1924.0,3,3.0,1,2.0,28.0,Mumbai,Independent House,31910000.0
1795.0,3,3.0,2,0.0,6.0,Mumbai,Apartment,33630000.0
1600.0,3,2.0,2,1.0,12.0,Hyderabad,Independent House,16790000.0
1212.0,2,1.0,2,0.0,34.0,Bangalore,Apartment,11870000.0
1804.0,3,2.0,1,,40.0,Chennai,Independent House,16780000.0
3690.0,6,5.0,1,1.0,20.0,Mumbai,Villa,88390000.0
2402.0,4,4.0,3,1.0,20.0,Pune,Independent House,22360000.0
1179.0,2,2.0,2,1.0,34.0,Mumbai,Apartment,14370000.0
1241.0,2,2.0,2,1.0,10.0,Bangalore,Apartment,14360000.0
1819.0,3,3.0,3,1.0,7.0,Bangalore,Independent House,22630000.0
1406.0,2,2.0,1,1.0,43.0,Pune,Independent House,12370000.0
1739.0,3,2.0,2,0.0,42.0,Hyderabad,Apartment,14010000.0
1110.0,2,1.0,1,1.0,11.0,Chennai,Apartment,9300000.0
1193.0,2,2.0,1,2.0,16.0,Pune,Apartment,13720000.0
1452.0,2,1.0,3,1.0,44.0,Pune,Independent House,10380000.0
1576.0,3,2.0,3,1.0,31.0,Chennai,Independent House,16400000.0
1140.0,2,2.0,1,0.0,15.0,Hyderabad,Apartment,9750000.0
2632.0,5,4.0,1,1.0,40.0,Bangalore,Independent House,27430000.0
2658.0,5,,2,2.0,6.0,Delhi,Villa,53340000.0
1305.0,2,1.0,1,2.0,0.0,Delhi,Apartment,20330000.0
1049.0,2,2.0,2,1.0,31.0,Bangalore,Apartment,9590000.0
1835.0,3,2.0,2,1.0,4.0,Bangalore,Independent House,21730000.0
983.0,2,2.0,1,0.0,12.0,Bangalore,Apartment,10470000.0
1701.0,3,3.0,2,1.0,33.0,Bangalore,Independent House,18010000.0
2375.0,4,4.0,1,0.0,30.0,Pune,Independent House,21200000.0
655.0,1,1.0,3,1.0,42.0,Delhi,Independent House,7750000.0
2974.0,5,4.0,2,1.0,10.0,Bangalore,Villa,47050000.0
1115.0,2,2.0,2,1.0,11.0,Delhi,Apartment,13990000.0
2541.0,4,4.0,2,1.0,44.0,Hyderabad,Independent House,18360000.0
1496.0,2,1.0,3,1.0,4.0,Pune,Independent House,17630000.0
1287.0,2,2.0,1,0.0,12.0,Mumbai,Apartment,19770000.0
2900.0,5,4.0,3,1.0,9.0,Mumbai,Independent House,58500000.0
1901.0,3,2.0,3,1.0,2.0,Kolkata,Independent House,16690000.0
2002.0,3,3.0,3,1.0,,Mumbai,Independent House,37400000.0
1585.0,3,2.0,1,1.0,,Hyderabad,Independent House,18690000.0
2938.0,5,4.0,2,2.0,24.0,Bangalore,Villa,38360000.0
1226.0,2,2.0,2,1.0,44.0,Chennai,Apartment,8160000.0
785.0,1,1.0,1,1.0,35.0,Bangalore,Apartment,6880000.0
2148.0,4,4.0,3,2.0,31.0,Mumbai,Villa,41820000.0
1596.0,3,2.0,2,2.0,25.0,Chennai,Independent House,17650000.0
820.0,1,1.0,1,1.0,,Kolkata,Apartment,4870000.0
1297.0,2,1.0,1,2.0,14.0,Mumbai,Apartment,24140000.0
2564.0,4,4.0,1,2.0,36.0,Delhi,Independent House,27510000.0
789.0,1,1.0,2,0.0,10.0,Chennai,Apartment,8560000.0
2466.0,4,4.0,3,,17.0,Pune,Independent House,26250000.0
1952.0,3,3.0,2,1.0,19.0,Delhi,Independent House,27410000.0
3609.0,6,5.0,1,2.0,17.0,Delhi,Villa,62080000.0
1289.0,2,1.0,1,1.0,11.0,Delhi,Apartment,14880000.0
1168.0,2,1.0,2,2.0,7.0,Delhi,Independent House,18250000.0
1049.0,2,2.0,3,1.0,33.0,Delhi,Independent House,12890000.0
1317.0,2,1.0,2,0.0,31.0,Bangalore,Independent House,13860000.0
1048.0,2,1.0,2,0.0,33.0,Pune,Apartment,7610000.0
3192.0,6,5.0,2,0.0,20.0,Chennai,Independent House,38990000.0
1627.0,3,3.0,2,0.0,23.0,Bangalore,Independent House,18320000.0
1156.0,2,2.0,2,1.0,33.0,Mumbai,Apartment,17600000.0
1002.0,2,2.0,1,2.0,2.0,Kolkata,Apartment,8940000.0
722.0,1,1.0,2,1.0,14.0,Chennai,Independent House,7440000.0
1724.0,3,2.0,1,2.0,18.0,Chennai,Villa,24270000.0
2024.0,3,3.0,1,1.0,6.0,Chennai,Villa,26720000.0
2226.0,4,3.0,3,2.0,2.0,Pune,Independent House,24900000.0
1076.0,2,1.0,2,2.0,6.0,Hyderabad,Apartment,11850000.0
937.0,1,1.0,1,0.0,36.0,Delhi,Apartment,10080000.0
1139.0,2,1.0,1,1.0,34.0,Delhi,Apartment,10420000.0
3160.0,5,4.0,1,1.0,0.0,Chennai,Villa,61320000.0
4251.0,6,5.0,1,2.0,32.0,Delhi,Villa,68710000.0
1384.0,2,2.0,1,0.0,23.0,Kolkata,Apartment,10250000.0
1112.0,2,1.0,3,0.0,32.0,Delhi,Independent House,15210000.0
1095.0,2,2.0,2,1.0,38.0,Pune,Apartment,8980000.0
3421.0,6,5.0,1,3.0,34.0,Hyderabad,Villa,34260000.0
1580.0,3,3.0,2,1.0,,Hyderabad,Apartment,11500000.0
2144.0,4,3.0,3,1.0,33.0,Mumbai,Villa,38050000.0
2269.0,4,4.0,3,1.0,8.0,Hyderabad,Independent House,22260000.0
1961.0,3,3.0,2,1.0,28.0,Hyderabad,Apartment,13720000.0
1420.0,2,2.0,1,0.0,27.0,Mumbai,Apartment,18840000.0
887.0,1,1.0,2,,4.0,Mumbai,Apartment,17490000.0
1609.0,3,2.0,1,0.0,2.0,Delhi,Independent House,26420000.0
739.0,1,1.0,2,1.0,35.0,Pune,Apartment,6190000.0
1164.0,2,1.0,2,1.0,39.0,Delhi,Apartment,10920000.0
1563.0,3,3.0,1,0.0,40.0,Hyderabad,Apartment,11370000.0
3059.0,5,4.0,2,3.0,19.0,Bangalore,Villa,39940000.0
2262.0,4,4.0,1,1.0,21.0,Kolkata,Independent House,17820000.0
1852.0,3,2.0,1,2.0,8.0,Bangalore,Apartment,21870000.0
1620.0,3,2.0,1,0.0,7.0,Bangalore,Apartment,17760000.0
2909.0,5,5.0,2,3.0,12.0,Mumbai,Villa,76660000.0
1734.0,3,3.0,2,1.0,41.0,Bangalore,Independent House,13760000.0
1377.0,2,2.0,1,0.0,42.0,Delhi,Apartment,13910000.0
1357.0,2,1.0,1,1.0,24.0,Delhi,Apartment,20400000.0
730.0,1,1.0,2,0.0,39.0,Bangalore,Apartment,6960000.0
1797.0,3,3.0,1,1.0,29.0,Mumbai,Apartment,28460000.0
1708.0,3,3.0,2,1.0,32.0,Delhi,Independent House,22400000.0
1241.0,2,1.0,2,1.0,18.0,Pune,Apartment,9990000.0
950.0,1,1.0,1,0.0,45.0,Mumbai,Apartment,11490000.0
4038.0,6,5.0,3,3.0,40.0,Hyderabad,Villa,38880000.0
1155.0,2,2.0,1,1.0,17.0,Delhi,Apartment,12960000.0
1617.0,3,2.0,1,1.0,18.0,Hyderabad,Independent House,16510000.0
1694.0,3,3.0,1,1.0,29.0,Mumbai,Independent House,26260000.0
2731.0,5,4.0,3,3.0,40.0,Hyderabad,Villa,24900000.0
1706.0,3,3.0,1,0.0,40.0,Delhi,Apartment,18790000.0
1165.0,2,2.0,2,2.0,25.0,Delhi,Apartment,13660000.0
1065.0,2,2.0,2,1.0,32.0,Kolkata,Apartment,7180000.0
2008.0,3,3.0,1,1.0,8.0,Bangalore,Apartment,20830000.0
1489.0,2,1.0,1,1.0,14.0,Mumbai,Apartment,23640000.0
1396.0,2,1.0,2,0.0,29.0,Bangalore,Apartment,13160000.0
1496.0,2,2.0,1,2.0,9.0,,Apartment,14830000.0
1353.0,2,2.0,2,1.0,44.0,Delhi,Apartment,12410000.0
1488.0,2,1.0,2,1.0,39.0,Pune,Apartment,11330000.0
1046.0,2,2.0,2,1.0,8.0,Pune,Apartment,12070000.0
1597.0,3,2.0,1,1.0,13.0,Delhi,Apartment,20110000.0
2614.0,4,4.0,3,0.0,23.0,Chennai,Independent House,24390000.0
1691.0,3,2.0,2,0.0,39.0,Delhi,Independent House,23230000.0
3933.0,6,5.0,1,2.0,34.0,Delhi,Villa,57690000.0
1242.0,2,1.0,2,0.0,38.0,Hyderabad,Apartment,8830000.0
1346.0,2,2.0,2,1.0,42.0,Mumbai,Independent House,17670000.0
1181.0,2,2.0,1,1.0,31.0,Delhi,Apartment,14930000.0
1133.0,2,1.0,1,0.0,44.0,Bangalore,Apartment,8950000.0
1405.0,2,1.0,3,1.0,35.0,Chennai,Independent House,11940000.0
1208.0,2,2.0,2,2.0,9.0,Mumbai,Apartment,21030000.0
3116.0,5,5.0,3,3.0,12.0,Hyderabad,Villa,44200000.0
3205.0,6,5.0,2,2.0,26.0,Kolkata,Villa,29300000.0
1280.0,2,2.0,2,2.0,39.0,Pune,Apartment,9680000.0
1500.0,2,2.0,1,0.0,21.0,Chennai,Apartment,13680000.0
1839.0,3,2.0,1,1.0,37.0,Chennai,Apartment,14200000.0
912.0,1,1.0,1,0.0,30.0,Hyderabad,Apartment,7090000.0
2974.0,5,4.0,2,3.0,31.0,Chennai,Villa,30670000.0
1702.0,3,3.0,3,0.0,13.0,Delhi,Independent House,24870000.0
2975.0,5,4.0,2,2.0,43.0,Mumbai,Villa,45160000.0
1818.0,3,3.0,1,1.0,32.0,Mumbai,Apartment,24350000.0
745.0,1,1.0,2,0.0,17.0,Bangalore,Apartment,7610000.0
1654.0,3,2.0,2,1.0,15.0,Hyderabad,Apartment,14190000.0
2604.0,4,4.0,3,2.0,4.0,Bangalore,Independent House,32480000.0
1477.0,2,2.0,1,1.0,29.0,Mumbai,Apartment,19630000.0
1327.0,2,1.0,1,1.0,23.0,Mumbai,Apartment,23570000.0
3420.0,6,5.0,2,,40.0,Pune,Villa,38600000.0
1487.0,2,2.0,2,0.0,42.0,Kolkata,Apartment,8070000.0
1199.0,2,1.0,2,1.0,1.0,Kolkata,Apartment,11810000.0
1103.0,2,1.0,1,0.0,27.0,Chennai,Apartment,9380000.0
1948.0,3,2.0,3,0.0,33.0,Kolkata,Independent House,13390000.0
937.0,1,1.0,1,2.0,5.0,Delhi,Apartment,16170000.0
1397.0,2,1.0,3,1.0,26.0,Chennai,Independent House,14690000.0
1223.0,2,2.0,1,0.0,21.0,Delhi,Apartment,15830000.0
893.0,1,1.0,2,0.0,34.0,Kolkata,Apartment,5220000.0
1347.0,2,2.0,1,1.0,11.0,Mumbai,Apartment,28200000.0
3841.0,6,5.0,1,2.0,17.0,Delhi,Villa,66370000.0
2184.0,4,3.0,3,2.0,36.0,Delhi,Villa,30580000.0
1150.0,2,1.0,3,3.0,11.0,Bangalore,Villa,21040000.0
990.0,2,2.0,2,3.0,36.0,Delhi,Villa,13480000.0
1697.0,3,3.0,3,2.0,19.0,Mumbai,Villa,34370000.0
3866.0,6,5.0,2,2.0,14.0,Bangalore,Villa,64430000.0
2467.0,4,3.0,3,1.0,10.0,Mumbai,Villa,57290000.0
2986.0,5,,1,2.0,10.0,Chennai,Villa,38910000.0
1064.0,2,2.0,1,2.0,33.0,Delhi,Apartment,13000000.0
1569.0,3,3.0,3,1.0,0.0,Hyderabad,Independent House,18980000.0
2562.0,4,4.0,3,1.0,36.0,Chennai,Independent House,21550000.0
756.0,1,1.0,1,1.0,3.0,Mumbai,Apartment,13360000.0
2028.0,3,2.0,3,1.0,33.0,Mumbai,Independent House,33540000.0
1743.0,3,2.0,3,0.0,34.0,Mumbai,Independent House,24230000.0
2423.0,4,4.0,1,1.0,33.0,Delhi,Independent House,27080000.0
1696.0,3,3.0,1,2.0,2.0,Kolkata,Apartment,15990000.0
1134.0,2,2.0,1,0.0,26.0,Mumbai,Apartment,18860000.0
1453.0,2,1.0,2,1.0,,Mumbai,Apartment,23030000.0
1516.0,2,1.0,2,2.0,23.0,Bangalore,Apartment,16090000.0
1684.0,3,3.0,2,0.0,16.0,Chennai,Apartment,18830000.0
1713.0,3,2.0,3,0.0,35.0,Mumbai,Independent House,27890000.0
3083.0,5,5.0,2,2.0,29.0,Pune,Villa,39720000.0
1307.0,2,1.0,2,1.0,31.0,Bangalore,Apartment,11860000.0
963.0,1,1.0,1,2.0,5.0,Delhi,Apartment,14010000.0
2034.0,3,3.0,3,2.0,37.0,Hyderabad,Villa,20570000.0
2029.0,3,2.0,3,2.0,24.0,Hyderabad,Independent House,18590000.0
3160.0,5,5.0,1,2.0,33.0,Chennai,Villa,32280000.0
1362.0,2,2.0,1,2.0,,Bangalore,Apartment,12430000.0
1389.0,2,1.0,1,1.0,38.0,Bangalore,Independent House,12230000.0
1670.0,3,2.0,3,1.0,40.0,Delhi,Independent House,19690000.0
1101.0,2,2.0,2,1.0,34.0,Chennai,Apartment,10220000.0
1582.0,3,2.0,2,0.0,15.0,Bangalore,Apartment,15610000.0
2744.0,5,4.0,1,1.0,,Delhi,Villa,50800000.0
1763.0,3,3.0,2,0.0,43.0,Bangalore,Independent House,15980000.0
1319.0,2,2.0,1,2.0,19.0,Chennai,Apartment,13580000.0
3045.0,5,5.0,2,3.0,40.0,Pune,Villa,36340000.0
1010.0,2,1.0,1,1.0,13.0,Delhi,Apartment,12940000.0
1090.0,2,2.0,1,0.0,,Delhi,Apartment,13790000.0
1733.0,3,3.0,2,0.0,15.0,Bangalore,Apartment,19790000.0
1409.0,2,2.0,1,1.0,37.0,Bangalore,Apartment,11340000.0
3043.0,5,4.0,3,2.0,41.0,Hyderabad,Villa,26880000.0
1244.0,2,2.0,2,1.0,15.0,Chennai,Apartment,12260000.0
952.0,1,1.0,2,2.0,10.0,Hyderabad,Apartment,9350000.0
1162.0,2,2.0,2,2.0,38.0,Hyderabad,Independent House,9210000.0
1042.0,2,2.0,1,1.0,35.0,Mumbai,Apartment,14070000.0
1425.0,2,1.0,1,2.0,1.0,Pune,Apartment,17570000.0
2116.0,4,4.0,3,1.0,28.0,Mumbai,Independent House,40990000.0
2885.0,5,5.0,2,2.0,29.0,Chennai,Villa,34270000.0
1604.0,3,3.0,2,1.0,8.0,Pune,Apartment,13400000.0
1418.0,2,2.0,1,0.0,29.0,Delhi,Apartment,17040000.0
3770.0,6,5.0,2,1.0,15.0,Delhi,Villa,68280000.0
1156.0,2,1.0,1,2.0,44.0,Bangalore,Apartment,8830000.0
2415.0,4,4.0,2,2.0,44.0,Bangalore,Villa,27490000.0
1340.0,2,1.0,2,1.0,42.0,Mumbai,Independent House,18730000.0
2238.0,4,4.0,2,2.0,9.0,Mumbai,Independent House,42590000.0
1794.0,3,2.0,3,1.0,10.0,Pune,Villa,27400000.0
1645.0,3,3.0,3,2.0,13.0,Bangalore,Independent House,20690000.0
3390.0,6,5.0,3,2.0,44.0,Bangalore,Villa,37240000.0
3926.0,6,5.0,2,2.0,40.0,Delhi,Villa,50460000.0
2420.0,4,4.0,1,1.0,6.0,Delhi,Independent House,44670000.0
1088.0,2,2.0,2,2.0,28.0,Hyderabad,Independent House,8380000.0
2061.0,3,3.0,2,1.0,11.0,Pune,Independent House,22560000.0
1030.0,2,1.0,2,0.0,23.0,Hyderabad,Apartment,12130000.0
2216.0,4,3.0,2,0.0,30.0,Delhi,Independent House,29370000.0
1672.0,3,2.0,2,1.0,36.0,Chennai,Independent House,14830000.0
1313.0,2,2.0,2,0.0,9.0,Bangalore,Apartment,14530000.0
1974.0,3,3.0,2,0.0,42.0,Mumbai,Apartment,27620000.0
938.0,1,1.0,1,2.0,0.0,Delhi,Apartment,15620000.0
2475.0,4,4.0,2,2.0,35.0,Bangalore,Villa,31940000.0
1219.0,2,1.0,2,1.0,30.0,Chennai,Apartment,10210000.0
2419.0,4,4.0,3,2.0,30.0,Bangalore,Villa,29310000.0
1353.0,2,1.0,2,2.0,12.0,Mumbai,Apartment,20440000.0
1574.0,3,2.0,1,2.0,28.0,Hyderabad,Independent House,15980000.0
1007.0,2,1.0,1,1.0,24.0,Delhi,Apartment,11530000.0
1828.0,3,2.0,3,1.0,8.0,Chennai,Independent House,23350000.0
3159.0,5,4.0,2,1.0,10.0,Chennai,Villa,47680000.0
1197.0,2,1.0,2,1.0,17.0,Pune,Apartment,12620000.0
1996.0,3,3.0,2,2.0,32.0,Chennai,Independent House,21030000.0
1674.0,3,3.0,1,1.0,3.0,Hyderabad,Independent House,19260000.0
1598.0,3,3.0,2,1.0,33.0,Chennai,Independent House,15670000.0
749.0,1,1.0,1,1.0,6.0,Hyderabad,Apartment,7430000.0
2973.0,5,4.0,3,3.0,23.0,Chennai,Villa,40240000.0
1183.0,2,2.0,1,0.0,41.0,Mumbai,Independent House,20120000.0
3263.0,6,5.0,3,3.0,38.0,Kolkata,Villa,33750000.0
1051.0,2,1.0,1,2.0,32.0,Chennai,Apartment,7470000.0
1098.0,2,2.0,1,1.0,5.0,Hyderabad,Apartment,10710000.0
1578.0,3,3.0,2,1.0,36.0,Pune,Apartment,12700000.0
2430.0,4,4.0,3,2.0,20.0,Mumbai,Independent House,43210000.0
1270.0,2,2.0,1,2.0,45.0,Delhi,Apartment,13370000.0
1149.0,2,1.0,2,2.0,5.0,Chennai,Apartment,12350000.0
2064.0,3,2.0,2,2.0,39.0,Mumbai,Independent House,27890000.0
1797.0,3,2.0,1,1.0,11.0,Pune,Apartment,15100000.0
1201.0,2,1.0,1,2.0,41.0,Bangalore,Apartment,9990000.0
2847.0,5,4.0,3,1.0,0.0,Bangalore,Villa,49010000.0
2904.0,5,4.0,2,,40.0,Chennai,Villa,30160000.0
1306.0,2,2.0,2,2.0,35.0,Hyderabad,Independent House,13200000.0
2369.0,4,3.0,1,2.0,34.0,Kolkata,Independent House,17960000.0
1360.0,2,1.0,1,2.0,14.0,Bangalore,Apartment,14450000.0
1443.0,2,1.0,2,0.0,38.0,Chennai,Apartment,11720000.0
1433.0,2,2.0,2,1.0,25.0,Mumbai,Independent House,24160000.0
1174.0,2,2.0,1,2.0,36.0,Bangalore,Apartment,11910000.0
1805.0,3,3.0,3,1.0,24.0,Delhi,Independent House,25390000.0
890.0,1,1.0,2,2.0,40.0,Chennai,Apartment,7140000.0
2735.0,5,5.0,2,1.0,3.0,Chennai,Independent House,37660000.0
3789.0,6,5.0,1,2.0,21.0,Pune,Villa,41860000.0
1351.0,2,1.0,1,0.0,19.0,Bangalore,Apartment,12790000.0
1803.0,3,3.0,2,1.0,30.0,Pune,Apartment,16800000.0
1589.0,3,2.0,3,2.0,44.0,Kolkata,Independent House,12830000.0
951.0,1,1.0,1,2.0,32.0,Hyderabad,Independent House,8900000.0
688.0,1,1.0,2,1.0,10.0,Bangalore,Apartment,8550000.0
1212.0,2,1.0,1,1.0,7.0,Pune,Apartment,13710000.0
2022.0,3,2.0,2,1.0,9.0,Chennai,Independent House,22130000.0
1695.0,3,2.0,2,2.0,9.0,Bangalore,Apartment,19800000.0
1324.0,2,2.0,2,0.0,32.0,Chennai,Apartment,11940000.0
1380.0,2,2.0,2,2.0,37.0,Bangalore,Apartment,14230000.0
948.0,1,1.0,1,1.0,9.0,Delhi,Apartment,13180000.0
1837.0,3,2.0,2,1.0,23.0,Chennai,Independent House,21790000.0
3170.0,5,4.0,1,2.0,9.0,Mumbai,Villa,86730000.0
1418.0,2,2.0,2,1.0,31.0,Delhi,Apartment,15020000.0
1300.0,2,1.0,3,2.0,10.0,Delhi,Independent House,19760000.0
2393.0,4,3.0,3,2.0,16.0,Mumbai,Villa,49580000.0
1149.0,2,2.0,2,1.0,6.0,Chennai,Apartment,11940000.0
2164.0,4,4.0,3,,40.0,Mumbai,Independent House,39340000.0
2793.0,5,5.0,3,2.0,3.0,Bangalore,Villa,45490000.0
2347.0,4,3.0,3,1.0,36.0,Pune,Independent House,16820000.0
1972.0,3,3.0,3,0.0,7.0,Mumbai,Independent House,43890000.0
1781.0,3,3.0,2,1.0,9.0,Pune,Independent House,18900000.0
1497.0,2,1.0,2,2.0,42.0,Bangalore,Independent House,14210000.0
959.0,1,1.0,1,1.0,0.0,Chennai,Apartment,11790000.0
1283.0,2,1.0,2,1.0,33.0,Chennai,Apartment,12060000.0
1052.0,2,1.0,1,0.0,2.0,Chennai,Apartment,10510000.0
1357.0,2,2.0,2,1.0,8.0,Bangalore,Apartment,14170000.0
1097.0,2,1.0,2,2.0,30.0,Hyderabad,Apartment,10600000.0
1621.0,3,2.0,2,1.0,24.0,Pune,Apartment,15220000.0
1273.0,2,1.0,1,1.0,10.0,Chennai,Apartment,13730000.0
1391.0,2,1.0,2,0.0,5.0,Delhi,Apartment,18670000.0
883.0,1,1.0,2,1.0,26.0,Bangalore,Apartment,8140000.0
2188.0,4,4.0,3,2.0,21.0,Chennai,Independent House,26770000.0
1212.0,2,2.0,1,1.0,22.0,Mumbai,Apartment,20890000.0
1195.0,2,1.0,1,0.0,12.0,Bangalore,Apartment,14290000.0
1938.0,3,3.0,3,2.0,38.0,Bangalore,Independent House,19790000.0
1375.0,2,1.0,2,3.0,43.0,Kolkata,Villa,11380000.0
930.0,1,1.0,2,2.0,22.0,Delhi,Apartment,11860000.0
1656.0,3,2.0,1,1.0,1.0,Delhi,Independent House,24740000.0
1039.0,2,1.0,2,1.0,8.0,Mumbai,Apartment,17540000.0
1965.0,3,2.0,2,1.0,28.0,Kolkata,Independent House,16190000.0
1432.0,2,1.0,2,0.0,35.0,Bangalore,Apartment,12960000.0
3306.0,6,5.0,2,2.0,23.0,Delhi,Villa,53330000.0
813.0,1,1.0,2,2.0,34.0,Pune,Apartment,6870000.0
1690.0,3,2.0,1,1.0,33.0,Bangalore,Independent House,18140000.0
500.0,1,1.0,1,1.0,29.0,Chennai,Apartment,3870000.0
3458.0,6,5.0,3,3.0,7.0,Bangalore,Villa,49170000.0
788.0,1,1.0,2,0.0,9.0,Delhi,Apartment,10120000.0
1178.0,2,2.0,2,1.0,30.0,Mumbai,Apartment,16590000.0
2109.0,4,4.0,2,2.0,0.0,Hyderabad,Villa,31350000.0
1218.0,2,1.0,1,0.0,4.0,Mumbai,Apartment,19470000.0
1377.0,2,2.0,1,1.0,31.0,Pune,Apartment,10230000.0
2441.0,4,3.0,2,2.0,31.0,Bangalore,Independent House,28620000.0
882.0,1,1.0,1,1.0,21.0,Hyderabad,Apartment,8990000.0
2360.0,4,3.0,1,0.0,24.0,Chennai,Independent House,24260000.0
1389.0,2,2.0,2,0.0,43.0,Bangalore,Apartment,11650000.0
1258.0,2,2.0,1,1.0,35.0,Kolkata,Independent House,8010000.0
813.0,1,1.0,1,1.0,6.0,Mumbai,Apartment,16810000.0
3548.0,6,5.0,3,3.0,5.0,Kolkata,Villa,39690000.0
2982.0,5,5.0,3,3.0,10.0,Kolkata,Villa,31330000.0
802.0,1,1.0,2,0.0,28.0,Hyderabad,Apartment,6630000.0
2400.0,4,4.0,1,0.0,0.0,Mumbai,Independent House,51700000.0
3034.0,5,5.0,2,1.0,26.0,Mumbai,Villa,58980000.0
1339.0,2,1.0,2,1.0,,Mumbai,Apartment,18430000.0
1310.0,2,1.0,1,1.0,21.0,Pune,Apartment,11430000.0
2593.0,4,4.0,2,0.0,36.0,Mumbai,Independent House,37350000.0
1322.0,2,1.0,1,1.0,33.0,Mumbai,Apartment,17960000.0
1451.0,2,2.0,1,1.0,40.0,Hyderabad,Apartment,11580000.0
871.0,1,1.0,2,1.0,37.0,Bangalore,Apartment,7150000.0
2279.0,4,4.0,1,1.0,42.0,Hyderabad,Independent House,20510000.0
1801.0,3,2.0,2,1.0,42.0,Hyderabad,Apartment,14110000.0
2662.0,5,4.0,2,2.0,5.0,Hyderabad,Villa,35570000.0
504.0,1,1.0,2,0.0,37.0,Kolkata,Apartment,3670000.0
2476.0,4,3.0,2,1.0,42.0,Delhi,Villa,30620000.0
1281.0,2,1.0,1,1.0,7.0,Delhi,Apartment,18650000.0
500.0,1,1.0,1,0.0,37.0,Pune,Apartment,3970000.0
2470.0,4,4.0,2,2.0,39.0,Chennai,Independent House,24450000.0
1383.0,2,1.0,2,0.0,44.0,Pune,Apartment,9260000.0
1294.0,2,1.0,2,1.0,13.0,Mumbai,Apartment,20400000.0
1311.0,2,2.0,2,2.0,,Mumbai,Apartment,24670000.0
1026.0,2,2.0,2,2.0,42.0,Hyderabad,Apartment,8740000.0
1084.0,2,1.0,1,0.0,8.0,Chennai,Independent House,13260000.0
1311.0,2,1.0,1,2.0,35.0,Mumbai,Apartment,18880000.0
2331.0,4,3.0,1,1.0,40.0,Pune,Independent House,21490000.0
1562.0,3,2.0,1,1.0,24.0,Mumbai,Apartment,24990000.0
971.0,1,1.0,2,1.0,30.0,Hyderabad,Apartment,8280000.0
1747.0,3,3.0,2,1.0,19.0,Delhi,Independent House,23690000.0
1029.0,2,1.0,1,0.0,25.0,Chennai,Apartment,9810000.0
2145.0,4,3.0,2,1.0,2.0,Pune,Independent House,24980000.0
1253.0,2,2.0,1,1.0,30.0,Mumbai,Apartment,17130000.0
1650.0,3,3.0,1,0.0,25.0,Mumbai,Apartment,27700000.0
1314.0,2,2.0,1,1.0,39.0,Chennai,Apartment,9440000.0
1513.0,2,2.0,2,1.0,11.0,Mumbai,Apartment,24290000.0
991.0,2,,2,1.0,23.0,Hyderabad,Apartment,8500000.0
1795.0,3,2.0,2,1.0,39.0,Mumbai,Apartment,23420000.0
1059.0,2,2.0,2,0.0,27.0,Hyderabad,Apartment,8160000.0
1504.0,2,1.0,1,1.0,27.0,Delhi,Apartment,16790000.0
1528.0,3,3.0,1,1.0,45.0,Bangalore,Independent House,14890000.0
1565.0,3,2.0,2,1.0,16.0,Delhi,Apartment,18300000.0
3046.0,5,4.0,2,2.0,38.0,Mumbai,Villa,54050000.0
1179.0,2,1.0,2,1.0,0.0,Chennai,Apartment,13830000.0
746.0,1,1.0,1,0.0,37.0,Hyderabad,Apartment,5950000.0
915.0,1,1.0,1,1.0,6.0,Delhi,Apartment,14560000.0
1528.0,3,3.0,1,0.0,,Mumbai,Apartment,30160000.0
1068.0,2,1.0,2,1.0,21.0,Mumbai,Apartment,18860000.0
1570.0,3,2.0,2,0.0,33.0,Chennai,Apartment,12630000.0
1658.0,3,3.0,1,1.0,2.0,Delhi,Apartment,24040000.0
1165.0,2,1.0,1,1.0,32.0,Hyderabad,Apartment,9630000.0
2582.0,4,3.0,3,2.0,45.0,Mumbai,Villa,41440000.0
1315.0,2,1.0,1,2.0,23.0,Chennai,Apartment,13680000.0
570.0,1,1.0,1,1.0,31.0,Kolkata,Independent House,5170000.0
765.0,1,1.0,1,1.0,5.0,Chennai,Apartment,7080000.0
2549.0,4,3.0,2,1.0,0.0,Bangalore,Independent House,35420000.0
2638.0,5,5.0,1,1.0,44.0,Delhi,Villa,31000000.0
1283.0,2,2.0,1,0.0,19.0,Mumbai,Apartment,19200000.0
982.0,2,1.0,1,2.0,15.0,Delhi,Independent House,14950000.0
1356.0,2,2.0,1,2.0,11.0,Chennai,Apartment,16560000.0
2541.0,4,3.0,3,2.0,22.0,Delhi,Villa,42570000.0
1638.0,3,3.0,1,3.0,5.0,Hyderabad,Villa,20170000.0
3021.0,5,4.0,3,2.0,,Pune,Villa,34840000.0
1390.0,2,1.0,2,1.0,11.0,Mumbai,Apartment,22600000.0
1438.0,2,1.0,1,2.0,26.0,Delhi,Villa,24490000.0
2389.0,4,3.0,1,1.0,12.0,Hyderabad,Villa,29660000.0
1285.0,2,1.0,2,2.0,30.0,Bangalore,Independent House,13600000.0
2484.0,4,3.0,2,2.0,,Pune,Independent House,27240000.0
866.0,1,1.0,1,1.0,27.0,Mumbai,Apartment,11600000.0
2183.0,4,3.0,3,1.0,12.0,Hyderabad,Independent House,22370000.0
2656.0,5,4.0,2,1.0,20.0,Mumbai,Independent House,44510000.0
1807.0,3,3.0,1,1.0,12.0,Hyderabad,Apartment,18670000.0
2206.0,4,4.0,1,0.0,22.0,Chennai,Independent House,18850000.0
962.0,1,1.0,2,2.0,23.0,Bangalore,Apartment,10810000.0
2088.0,4,3.0,1,2.0,8.0,Chennai,Independent House,24270000.0
1075.0,2,2.0,1,0.0,23.0,Pune,Apartment,10170000.0
1345.0,2,1.0,3,0.0,20.0,Delhi,Independent House,18720000.0
2131.0,4,3.0,1,2.0,26.0,Pune,Villa,25010000.0
1720.0,3,3.0,1,0.0,17.0,Delhi,Apartment,23230000.0
1798.0,3,2.0,2,0.0,4.0,Bangalore,Apartment,20150000.0
756.0,1,1.0,2,1.0,45.0,Pune,Independent House,5730000.0
1374.0,2,2.0,1,0.0,36.0,Mumbai,Independent House,20320000.0
962.0,1,1.0,2,1.0,9.0,Bangalore,Apartment,11080000.0
1216.0,2,2.0,2,0.0,37.0,Bangalore,Apartment,11800000.0
1219.0,2,1.0,3,1.0,26.0,Mumbai,Independent House,22680000.0
1448.0,2,1.0,3,1.0,33.0,Mumbai,Independent House,21580000.0
1119.0,2,1.0,2,0.0,29.0,Chennai,Apartment,8340000.0
2285.0,4,3.0,1,1.0,2.0,Delhi,Apartment,32230000.0
2415.0,4,3.0,3,1.0,41.0,Kolkata,Villa,21300000.0
2607.0,4,4.0,2,1.0,10.0,Bangalore,Independent House,34670000.0
1085.0,2,1.0,2,0.0,35.0,Chennai,Apartment,8420000.0
1908.0,3,3.0,1,1.0,33.0,Bangalore,Villa,24160000.0
1452.0,2,1.0,2,0.0,45.0,Mumbai,Apartment,17630000.0
927.0,1,1.0,3,0.0,27.0,Mumbai,Independent House,16340000.0
1312.0,2,2.0,1,1.0,2.0,Bangalore,Independent House,17810000.0
1177.0,2,2.0,1,1.0,38.0,Kolkata,Apartment,7860000.0
852.0,1,1.0,2,0.0,45.0,Bangalore,Apartment,6890000.0
1293.0,2,1.0,3,0.0,25.0,Hyderabad,Independent House,11100000.0
3885.0,6,5.0,3,2.0,33.0,Chennai,Villa,58230000.0
1141.0,2,1.0,1,1.0,29.0,Bangalore,Apartment,10810000.0
1835.0,3,3.0,1,0.0,35.0,Pune,Independent House,16190000.0
1259.0,2,1.0,3,0.0,25.0,,Independent House,18080000.0
1836.0,3,2.0,1,1.0,24.0,Mumbai,Independent House,33350000.0
1386.0,2,1.0,2,1.0,39.0,Mumbai,Apartment,16050000.0
1350.0,2,1.0,1,1.0,16.0,Pune,Apartment,12750000.0
1569.0,3,3.0,2,2.0,8.0,Chennai,Independent House,19420000.0
968.0,1,1.0,2,2.0,34.0,Bangalore,Apartment,10020000.0
1841.0,3,3.0,3,0.0,37.0,Chennai,Independent House,16990000.0
1490.0,2,1.0,2,0.0,29.0,Bangalore,Apartment,13040000.0
808.0,1,1.0,1,0.0,33.0,Delhi,Apartment,8650000.0
1304.0,2,2.0,3,,40.0,Hyderabad,Independent House,11250000.0
549.0,1,1.0,2,1.0,9.0,Bangalore,Apartment,5960000.0
1552.0,3,2.0,2,0.0,29.0,Kolkata,Apartment,11560000.0
1418.0,2,1.0,3,0.0,19.0,Bangalore,Independent House,15340000.0
1527.0,3,3.0,2,0.0,5.0,Delhi,Independent House,22740000.0
2967.0,5,5.0,2,2.0,25.0,Mumbai,Villa,60980000.0
1053.0,2,2.0,1,1.0,25.0,Mumbai,Apartment,14500000.0
1237.0,2,2.0,3,1.0,45.0,Mumbai,Independent House,19220000.0
887.0,1,1.0,2,1.0,41.0,Pune,Apartment,6640000.0
950.0,1,1.0,1,0.0,,Bangalore,Apartment,9950000.0
2802.0,5,5.0,2,1.0,34.0,Delhi,Villa,39550000.0
1972.0,3,3.0,1,1.0,10.0,Chennai,Apartment,20260000.0
2091.0,4,3.0,3,1.0,34.0,Delhi,Independent House,24910000.0
3847.0,6,5.0,3,3.0,25.0,,Villa,79600000.0
1579.0,3,3.0,2,2.0,15.0,Bangalore,Independent House,19130000.0
2889.0,5,4.0,1,2.0,19.0,Pune,Villa,44970000.0
1374.0,2,1.0,2,2.0,26.0,Mumbai,Apartment,21500000.0
1759.0,3,3.0,2,1.0,28.0,Mumbai,Independent House,37560000.0
1103.0,2,1.0,2,,8.0,Mumbai,Apartment,18830000.0
2266.0,4,3.0,1,1.0,,Pune,Independent House,20040000.0
1315.0,2,2.0,1,1.0,12.0,Mumbai,Apartment,19500000.0
1075.0,2,1.0,1,1.0,,Delhi,Independent House,13350000.0
1127.0,2,1.0,3,1.0,,Mumbai,Independent House,18520000.0
611.0,1,1.0,1,2.0,15.0,Mumbai,Apartment,10790000.0
1147.0,2,1.0,2,1.0,27.0,Delhi,Apartment,16090000.0
741.0,1,1.0,2,2.0,32.0,Hyderabad,Apartment,6450000.0
1884.0,3,3.0,1,1.0,24.0,Pune,Apartment,18180000.0
2952.0,5,4.0,2,2.0,41.0,Pune,Villa,30110000.0
4093.0,6,5.0,2,2.0,17.0,Bangalore,Villa,55400000.0
1199.0,2,2.0,3,2.0,20.0,Delhi,Independent House,16880000.0
1174.0,2,2.0,2,1.0,3.0,Hyderabad,Apartment,10670000.0
1763.0,3,2.0,2,1.0,12.0,Mumbai,Apartment,36970000.0
2451.0,4,4.0,1,1.0,45.0,Delhi,Independent House,26400000.0
1901.0,3,2.0,2,1.0,16.0,Kolkata,Independent House,16580000.0
1443.0,2,2.0,1,2.0,31.0,,Independent House,20780000.0
1410.0,2,1.0,1,1.0,34.0,Kolkata,Apartment,9530000.0
1890.0,3,2.0,1,0.0,42.0,Bangalore,Independent House,15430000.0
1069.0,2,1.0,1,0.0,10.0,Mumbai,Apartment,16740000.0
1374.0,2,2.0,2,0.0,43.0,Mumbai,Apartment,16080000.0
1247.0,2,2.0,1,,0.0,Delhi,Apartment,18240000.0
1635.0,3,3.0,1,2.0,28.0,Kolkata,Apartment,12070000.0
3308.0,6,5.0,2,2.0,28.0,Bangalore,Villa,39660000.0
921.0,1,1.0,1,0.0,10.0,Delhi,Apartment,12530000.0
1204.0,2,2.0,3,1.0,16.0,Hyderabad,Villa,18030000.0
1243.0,2,1.0,3,1.0,44.0,Delhi,Independent House,13420000.0
681.0,1,1.0,1,2.0,5.0,Mumbai,Apartment,12800000.0
1877.0,3,3.0,3,0.0,9.0,Bangalore,Independent House,25010000.0
2896.0,5,5.0,1,1.0,25.0,Mumbai,Villa,71040000.0
1236.0,2,2.0,1,1.0,18.0,Mumbai,Apartment,22890000.0
1000.0,2,1.0,1,1.0,2.0,Mumbai,Apartment,21270000.0
1044.0,2,1.0,1,1.0,28.0,Delhi,Independent House,14850000.0
2668.0,5,5.0,3,3.0,6.0,Kolkata,Villa,34470000.0
1599.0,3,3.0,3,2.0,38.0,Mumbai,Independent House,24330000.0
1500.0,2,2.0,3,1.0,12.0,Bangalore,Independent House,14940000.0
3262.0,6,5.0,2,1.0,29.0,Mumbai,Villa,64780000.0
991.0,2,2.0,1,2.0,40.0,Pune,Apartment,7930000.0
2332.0,4,4.0,1,1.0,25.0,Pune,Independent House,22820000.0
2146.0,4,3.0,1,1.0,24.0,Chennai,Independent House,23910000.0
1779.0,3,2.0,3,2.0,23.0,Delhi,Independent House,24160000.0
1798.0,3,3.0,1,2.0,30.0,Kolkata,Independent House,12820000.0
2005.0,3,3.0,1,0.0,37.0,Kolkata,Independent House,13300000.0
2624.0,4,3.0,1,3.0,14.0,Chennai,Villa,38590000.0
1525.0,2,2.0,2,0.0,3.0,Mumbai,Apartment,25510000.0
2002.0,3,3.0,3,1.0,45.0,Hyderabad,Independent House,15620000.0
1169.0,2,1.0,1,0.0,4.0,Mumbai,Apartment,22750000.0
1681.0,3,2.0,1,1.0,2.0,Delhi,Apartment,22580000.0
1438.0,2,1.0,2,0.0,22.0,Delhi,Apartment,16940000.0
3492.0,6,5.0,1,1.0,25.0,Hyderabad,Villa,40430000.0
1652.0,3,3.0,2,2.0,40.0,Hyderabad,Apartment,11320000.0
2373.0,4,3.0,3,2.0,33.0,Delhi,Independent House,33750000.0
1710.0,3,3.0,3,0.0,31.0,Hyderabad,Independent House,17060000.0
1576.0,3,3.0,1,2.0,10.0,Chennai,Apartment,18920000.0
1124.0,2,1.0,1,0.0,17.0,Hyderabad,Apartment,11560000.0
1347.0,2,1.0,1,2.0,37.0,Pune,Apartment,11250000.0
1364.0,2,,1,1.0,,Bangalore,Apartment,12360000.0
912.0,1,1.0,1,,7.0,Delhi,Apartment,12480000.0
1471.0,2,2.0,2,1.0,28.0,Delhi,Apartment,19030000.0
1520.0,2,1.0,2,1.0,23.0,Chennai,Apartment,14020000.0
2161.0,4,3.0,1,1.0,31.0,Chennai,Apartment,21010000.0
1574.0,3,2.0,2,1.0,37.0,Delhi,Independent House,19250000.0
1434.0,2,1.0,1,0.0,24.0,Bangalore,Apartment,12740000.0
1720.0,3,2.0,3,0.0,34.0,Chennai,Independent House,14130000.0
1404.0,2,1.0,1,1.0,2.0,Kolkata,Apartment,13760000.0
1181.0,2,2.0,1,1.0,8.0,Hyderabad,Independent House,12710000.0
2169.0,4,3.0,2,0.0,45.0,Mumbai,Apartment,23810000.0
2018.0,3,3.0,2,,44.0,Hyderabad,Independent House,17250000.0
3147.0,5,4.0,2,3.0,18.0,Kolkata,Villa,31780000.0
2809.0,5,4.0,1,3.0,25.0,Mumbai,Villa,69260000.0
1187.0,2,2.0,2,0.0,9.0,Bangalore,Apartment,13990000.0
1364.0,2,2.0,1,0.0,10.0,Bangalore,Independent House,17110000.0
767.0,1,1.0,2,0.0,27.0,Bangalore,Apartment,7680000.0
1141.0,2,1.0,2,0.0,25.0,Delhi,Independent House,14490000.0
1201.0,2,2.0,2,0.0,10.0,Delhi,Apartment,15370000.0
1255.0,2,2.0,1,1.0,9.0,Pune,Apartment,13200000.0
1447.0,2,1.0,3,2.0,25.0,Delhi,Independent House,20040000.0
1893.0,3,3.0,1,2.0,12.0,Pune,Apartment,18910000.0
1797.0,3,3.0,3,1.0,32.0,Chennai,Independent House,17300000.0
1335.0,2,2.0,2,0.0,31.0,Kolkata,Apartment,9010000.0
1512.0,2,1.0,1,1.0,4.0,Bangalore,Apartment,15330000.0
1402.0,2,1.0,1,0.0,27.0,Chennai,Apartment,14020000.0
1046.0,2,1.0,1,1.0,29.0,Pune,Apartment,9590000.0
1314.0,2,1.0,2,1.0,25.0,Bangalore,Apartment,12570000.0
1336.0,2,2.0,1,0.0,17.0,Delhi,Apartment,16510000.0
2529.0,4,3.0,1,3.0,0.0,Bangalore,Villa,40190000.0
1098.0,2,2.0,1,1.0,26.0,Mumbai,Apartment,14360000.0
1062.0,2,2.0,2,,5.0,Mumbai,Apartment,20040000.0
1501.0,2,2.0,3,1.0,27.0,Mumbai,Independent House,27710000.0
1262.0,2,1.0,2,0.0,13.0,Kolkata,Apartment,9540000.0
766.0,1,1.0,1,2.0,13.0,Bangalore,Independent House,9770000.0
1370.0,2,1.0,2,2.0,35.0,Mumbai,Apartment,18460000.0
3199.0,6,,3,1.0,7.0,Chennai,Villa,47560000.0
2856.0,5,5.0,3,2.0,27.0,,Villa,56690000.0
4253.0,6,5.0,3,2.0,9.0,Chennai,Villa,59200000.0
711.0,1,1.0,2,0.0,24.0,Pune,Apartment,6560000.0
2247.0,4,4.0,2,2.0,23.0,Hyderabad,Independent House,21600000.0
1585.0,3,2.0,2,0.0,45.0,Delhi,Independent House,16690000.0
1498.0,2,1.0,2,0.0,12.0,Mumbai,Apartment,27090000.0
1375.0,2,1.0,2,2.0,9.0,Bangalore,Apartment,16790000.0
1129.0,2,2.0,1,2.0,29.0,Hyderabad,Apartment,9520000.0
943.0,1,1.0,2,1.0,19.0,Bangalore,Independent House,9260000.0
2761.0,5,4.0,3,2.0,43.0,Hyderabad,Villa,27290000.0
1003.0,2,1.0,2,0.0,14.0,Mumbai,Apartment,19840000.0
2103.0,4,4.0,1,1.0,34.0,Mumbai,Independent House,39310000.0
1423.0,2,1.0,1,0.0,40.0,Hyderabad,Apartment,10710000.0
1088.0,2,1.0,1,1.0,28.0,Bangalore,Apartment,11610000.0
2073.0,3,2.0,3,2.0,36.0,Bangalore,Independent House,21250000.0
809.0,1,1.0,2,0.0,0.0,Delhi,Apartment,10900000.0
1109.0,2,1.0,1,2.0,38.0,Kolkata,Apartment,7560000.0
2808.0,5,4.0,3,0.0,3.0,Bangalore,Independent House,34030000.0
997.0,2,1.0,3,2.0,43.0,Chennai,Independent House,8140000.0
1450.0,2,1.0,2,0.0,5.0,Mumbai,Apartment,28910000.0
1207.0,2,1.0,2,1.0,5.0,Mumbai,Apartment,24680000.0
1399.0,2,1.0,1,2.0,10.0,Pune,Apartment,11840000.0
1469.0,2,1.0,3,0.0,44.0,Mumbai,Independent House,21290000.0
1377.0,2,1.0,1,2.0,41.0,Pune,Apartment,10760000.0
1896.0,3,3.0,1,2.0,33.0,Bangalore,Apartment,19610000.0
1271.0,2,2.0,1,1.0,18.0,Bangalore,Apartment,14940000.0
1043.0,2,1.0,1,1.0,13.0,Pune,Apartment,10640000.0
1329.0,2,2.0,2,2.0,12.0,Mumbai,Apartment,23040000.0
1394.0,2,2.0,1,0.0,36.0,Bangalore,Independent House,12540000.0
1503.0,2,2.0,2,1.0,7.0,Mumbai,Apartment,26700000.0
1080.0,2,1.0,1,1.0,42.0,Mumbai,Apartment,14480000.0
631.0,1,1.0,2,0.0,35.0,Bangalore,Apartment,6000000.0
1692.0,3,3.0,1,0.0,20.0,Hyderabad,Independent House,16670000.0
501.0,1,1.0,2,1.0,3.0,Mumbai,Apartment,9100000.0
1298.0,2,1.0,2,0.0,26.0,Delhi,Apartment,15310000.0
1360.0,2,1.0,2,1.0,28.0,Pune,Independent House,12520000.0
2660.0,5,4.0,3,1.0,17.0,Mumbai,Independent House,53090000.0
1057.0,2,2.0,2,1.0,14.0,Delhi,Apartment,15990000.0
818.0,1,1.0,3,1.0,11.0,Mumbai,Independent House,16590000.0
3192.0,6,5.0,3,2.0,43.0,Mumbai,Villa,50110000.0
1536.0,3,2.0,2,1.0,14.0,Kolkata,Apartment,14040000.0
1801.0,3,2.0,2,1.0,18.0,Delhi,Apartment,25790000.0
1501.0,2,,1,1.0,41.0,Pune,Apartment,9010000.0
1318.0,2,1.0,2,0.0,28.0,Delhi,Apartment,13230000.0
1101.0,2,2.0,2,2.0,5.0,Kolkata,Apartment,10320000.0
1132.0,2,2.0,1,1.0,31.0,Delhi,Apartment,12160000.0
673.0,1,1.0,2,1.0,9.0,Mumbai,Independent House,12070000.0
1256.0,2,2.0,2,2.0,30.0,Mumbai,Apartment,20840000.0
1230.0,2,2.0,2,2.0,10.0,Hyderabad,Apartment,13320000.0
3666.0,6,5.0,3,3.0,13.0,Bangalore,Villa,48490000.0
1740.0,3,3.0,1,2.0,33.0,Chennai,Apartment,13580000.0
1212.0,2,1.0,2,1.0,16.0,Delhi,Apartment,16260000.0
1851.0,3,2.0,2,2.0,32.0,Hyderabad,Independent House,15710000.0
1698.0,3,3.0,1,1.0,16.0,Pune,Independent House,20570000.0
520.0,1,1.0,1,1.0,3.0,Hyderabad,Villa,8120000.0
1727.0,3,2.0,2,1.0,,Delhi,Apartment,25590000.0
2159.0,4,4.0,3,2.0,40.0,Hyderabad,Villa,21020000.0
1906.0,3,2.0,1,1.0,34.0,Chennai,Independent House,18230000.0
1914.0,3,2.0,2,2.0,28.0,Pune,Apartment,15130000.0
1489.0,2,1.0,3,1.0,13.0,Mumbai,Independent House,30880000.0
864.0,1,1.0,1,1.0,30.0,Pune,Apartment,7970000.0
1493.0,2,1.0,3,1.0,43.0,Hyderabad,Independent House,10910000.0
1654.0,3,2.0,3,1.0,22.0,Delhi,Independent House,23920000.0
1005.0,2,1.0,1,2.0,20.0,Mumbai,Apartment,15390000.0
3071.0,5,4.0,2,1.0,45.0,Kolkata,Villa,24670000.0
855.0,1,1.0,2,1.0,4.0,Hyderabad,Apartment,9050000.0
3847.0,6,5.0,1,1.0,10.0,Delhi,Villa,70880000.0
1029.0,2,2.0,2,0.0,1.0,Kolkata,Apartment,9020000.0
1867.0,3,2.0,2,0.0,4.0,Hyderabad,Apartment,18410000.0
2849.0,5,4.0,3,1.0,41.0,Bangalore,Independent House,26380000.0
1172.0,2,2.0,1,0.0,4.0,Mumbai,Apartment,21700000.0
1391.0,2,1.0,1,0.0,22.0,Mumbai,Apartment,23980000.0
1669.0,3,2.0,1,2.0,41.0,Mumbai,Apartment,20530000.0
1496.0,2,1.0,2,1.0,10.0,Bangalore,Apartment,19040000.0
1285.0,2,2.0,2,,28.0,Pune,Apartment,10910000.0
1529.0,3,2.0,1,1.0,5.0,Mumbai,Independent House,31140000.0
1438.0,2,1.0,2,1.0,10.0,Mumbai,Apartment,26490000.0
1173.0,2,2.0,1,1.0,30.0,Mumbai,Apartment,15580000.0
1652.0,3,2.0,2,1.0,45.0,Bangalore,Independent House,14470000.0
630.0,1,1.0,1,0.0,31.0,Delhi,Apartment,7330000.0
1170.0,2,2.0,2,2.0,4.0,Bangalore,Apartment,14140000.0
1372.0,2,1.0,2,2.0,33.0,Mumbai,Apartment,19560000.0
2141.0,4,3.0,1,1.0,29.0,Pune,Independent House,18600000.0
1321.0,2,2.0,1,0.0,29.0,Chennai,Independent House,11020000.0
2180.0,4,3.0,2,1.0,31.0,Kolkata,Independent House,18830000.0
2254.0,4,3.0,1,0.0,19.0,Delhi,Apartment,28220000.0
1674.0,3,2.0,1,1.0,24.0,Hyderabad,Independent House,13410000.0
1326.0,2,1.0,1,1.0,14.0,Chennai,Independent House,14270000.0
2183.0,4,3.0,2,,8.0,Delhi,Independent House,37610000.0
1797.0,3,2.0,1,1.0,,Bangalore,Independent House,20120000.0
1178.0,2,1.0,1,2.0,5.0,Delhi,Apartment,17470000.0
735.0,1,1.0,1,1.0,27.0,Mumbai,Apartment,11410000.0
1688.0,3,3.0,3,1.0,,Kolkata,Independent House,14740000.0
1812.0,3,3.0,2,1.0,31.0,Hyderabad,Independent House,15850000.0
1062.0,2,2.0,1,1.0,13.0,Pune,Apartment,10500000.0
2029.0,3,2.0,3,1.0,32.0,Bangalore,Independent House,22080000.0
2254.0,4,4.0,2,0.0,31.0,Pune,Independent House,18970000.0
3895.0,6,5.0,1,1.0,28.0,Hyderabad,Villa,41490000.0
1669.0,3,2.0,2,1.0,22.0,Kolkata,Independent House,14020000.0
2059.0,3,2.0,1,0.0,21.0,Mumbai,Independent House,39750000.0
889.0,1,1.0,1,0.0,4.0,Delhi,Apartment,12520000.0
1140.0,2,2.0,1,2.0,11.0,Pune,Apartment,13190000.0
1832.0,3,3.0,2,0.0,44.0,Bangalore,Apartment,12930000.0
1839.0,3,2.0,1,2.0,7.0,Mumbai,Independent House,35550000.0
3408.0,6,5.0,1,3.0,,Mumbai,Villa,71200000.0
1632.0,3,2.0,1,1.0,22.0,Pune,Apartment,15540000.0
1379.0,2,1.0,1,0.0,36.0,Mumbai,Apartment,19520000.0
1280.0,2,2.0,2,0.0,4.0,Delhi,Apartment,16930000.0
1002.0,2,2.0,2,0.0,20.0,Delhi,Apartment,12460000.0
1046.0,2,1.0,2,2.0,14.0,Mumbai,Apartment,16380000.0
1763.0,3,2.0,3,0.0,10.0,Delhi,Independent House,26580000.0
1517.0,2,2.0,3,1.0,9.0,Kolkata,Independent House,15240000.0
1381.0,2,1.0,2,2.0,23.0,Bangalore,Apartment,12510000.0
919.0,1,1.0,2,1.0,44.0,Delhi,Apartment,8000000.0
1266.0,2,2.0,1,0.0,26.0,Delhi,Apartment,13380000.0
1085.0,2,2.0,1,1.0,32.0,Bangalore,Apartment,11160000.0
857.0,1,1.0,1,0.0,38.0,Delhi,Apartment,7980000.0
1363.0,2,1.0,1,0.0,40.0,Hyderabad,Apartment,9630000.0
1599.0,3,3.0,1,0.0,25.0,Delhi,Apartment,18990000.0
1195.0,2,2.0,1,2.0,44.0,Chennai,Apartment,8540000.0
1733.0,3,2.0,1,1.0,25.0,Chennai,Apartment,15280000.0
3580.0,6,5.0,2,1.0,3.0,Bangalore,Villa,52060000.0
2882.0,5,5.0,2,2.0,34.0,Delhi,Villa,38310000.0
1703.0,3,3.0,2,1.0,8.0,Bangalore,Apartment,15600000.0
1978.0,3,2.0,3,0.0,15.0,Kolkata,Independent House,17550000.0
1070.0,2,2.0,1,1.0,21.0,Pune,Apartment,9410000.0
1892.0,3,2.0,1,0.0,32.0,Mumbai,Independent House,31020000.0
2779.0,5,4.0,3,0.0,5.0,Delhi,Independent House,44680000.0
1819.0,3,3.0,2,2.0,22.0,Pune,Apartment,18010000.0
2075.0,4,3.0,3,1.0,22.0,Pune,Independent House,20830000.0
800.0,1,1.0,1,1.0,31.0,Kolkata,Apartment,5770000.0
1220.0,2,2.0,1,0.0,7.0,Bangalore,Apartment,15370000.0
1551.0,3,3.0,3,1.0,0.0,Delhi,Independent House,25250000.0
1483.0,2,2.0,2,1.0,28.0,Delhi,Apartment,18230000.0
1016.0,2,1.0,1,1.0,9.0,Pune,Apartment,10660000.0
1387.0,2,2.0,2,0.0,5.0,Delhi,Apartment,21850000.0
1749.0,3,3.0,1,1.0,34.0,Mumbai,Independent House,28790000.0
1308.0,2,2.0,2,2.0,8.0,Mumbai,Apartment,23280000.0
826.0,1,1.0,1,0.0,30.0,Mumbai,Independent House,12200000.0
1657.0,3,3.0,2,2.0,34.0,Chennai,Apartment,13390000.0
1302.0,2,2.0,2,0.0,44.0,Mumbai,Apartment,15620000.0
1737.0,3,2.0,1,1.0,10.0,Kolkata,Apartment,17350000.0
1184.0,2,2.0,2,2.0,31.0,Hyderabad,Apartment,9480000.0
3796.0,6,5.0,2,3.0,43.0,Pune,Villa,31490000.0
1806.0,3,3.0,1,1.0,30.0,Chennai,Independent House,15930000.0
2700.0,5,5.0,1,1.0,19.0,Hyderabad,Independent House,25510000.0
1486.0,2,1.0,1,0.0,40.0,Delhi,Independent House,21130000.0
1036.0,2,1.0,2,1.0,3.0,Delhi,Apartment,16440000.0
1128.0,2,1.0,1,2.0,7.0,Pune,Apartment,13620000.0
995.0,2,2.0,2,0.0,20.0,Mumbai,Apartment,16360000.0
1046.0,2,1.0,2,1.0,26.0,Hyderabad,Apartment,9770000.0
1087.0,2,2.0,1,0.0,5.0,Delhi,Apartment,14900000.0
1220.0,2,2.0,2,1.0,23.0,Bangalore,Apartment,13420000.0
2477.0,4,3.0,3,1.0,39.0,Pune,Independent House,22550000.0
1627.0,3,3.0,1,1.0,3.0,Pune,Apartment,17920000.0
1054.0,2,2.0,1,2.0,6.0,Bangalore,Apartment,13330000.0
1388.0,2,2.0,2,1.0,21.0,Delhi,Apartment,18270000.0
1976.0,3,3.0,2,1.0,15.0,Kolkata,Independent House,15970000.0
1093.0,2,1.0,2,1.0,45.0,Chennai,Apartment,7710000.0
1070.0,2,2.0,1,2.0,9.0,Mumbai,Independent House,24770000.0
1213.0,2,2.0,3,0.0,24.0,Bangalore,Independent House,12080000.0
1675.0,3,2.0,2,1.0,24.0,Pune,Independent House,17030000.0
1633.0,3,3.0,1,0.0,43.0,Bangalore,Apartment,15140000.0
1284.0,2,1.0,1,2.0,18.0,Mumbai,Apartment,21890000.0
2385.0,4,4.0,2,1.0,37.0,Bangalore,Villa,26800000.0
575.0,1,1.0,2,1.0,26.0,Mumbai,Apartment,7430000.0
927.0,1,1.0,1,1.0,39.0,Bangalore,Apartment,8750000.0
1079.0,2,2.0,1,1.0,10.0,Kolkata,Apartment,8360000.0
1080.0,2,2.0,1,0.0,43.0,Pune,Apartment,7200000.0
1352.0,2,2.0,1,2.0,15.0,Hyderabad,Apartment,12130000.0
2065.0,3,2.0,3,1.0,8.0,Delhi,Villa,38750000.0
2858.0,5,5.0,3,3.0,19.0,Chennai,Villa,37160000.0
4160.0,6,5.0,1,2.0,42.0,Pune,Villa,37370000.0
1147.0,2,2.0,1,0.0,16.0,Chennai,Apartment,10980000.0
1356.0,2,2.0,1,0.0,44.0,Hyderabad,Apartment,8570000.0
1322.0,2,1.0,1,0.0,25.0,Delhi,Apartment,14280000.0
741.0,1,1.0,2,0.0,8.0,Delhi,Independent House,11080000.0
1916.0,3,2.0,3,3.0,37.0,Delhi,Villa,28930000.0
1249.0,2,2.0,1,2.0,13.0,Delhi,Apartment,15620000.0
1104.0,2,1.0,1,1.0,10.0,Bangalore,Apartment,11040000.0
2127.0,4,3.0,3,1.0,23.0,Bangalore,Independent House,24730000.0
2653.0,5,4.0,3,1.0,28.0,Pune,Independent House,25570000.0
972.0,1,1.0,1,1.0,20.0,Delhi,Apartment,10430000.0
3195.0,6,5.0,1,1.0,13.0,Delhi,Villa,48940000.0
1917.0,3,2.0,2,0.0,30.0,Hyderabad,Independent House,16850000.0
2273.0,4,3.0,1,2.0,36.0,Hyderabad,Villa,26840000.0
1938.0,3,2.0,3,2.0,1.0,Chennai,Independent House,29670000.0
1125.0,2,1.0,2,1.0,43.0,Bangalore,Apartment,8360000.0
1404.0,2,1.0,3,2.0,36.0,Mumbai,Independent House,21450000.0
1726.0,3,2.0,1,1.0,9.0,Delhi,Apartment,24160000.0
1687.0,3,3.0,3,1.0,20.0,Chennai,Independent House,17940000.0
835.0,1,,2,1.0,0.0,Chennai,Apartment,9060000.0
1307.0,2,2.0,2,1.0,17.0,Bangalore,Apartment,16400000.0
1456.0,2,2.0,2,2.0,22.0,Bangalore,Apartment,17040000.0
1346.0,2,1.0,2,1.0,26.0,Bangalore,Apartment,13540000.0
3040.0,5,4.0,3,1.0,42.0,Chennai,Villa,27500000.0
1324.0,2,1.0,3,1.0,22.0,Chennai,Independent House,17040000.0
968.0,1,1.0,3,1.0,19.0,Mumbai,Independent House,16040000.0
1223.0,2,2.0,1,1.0,37.0,Hyderabad,Apartment,10470000.0
1496.0,2,2.0,2,1.0,2.0,Mumbai,Independent House,32840000.0
960.0,1,1.0,1,1.0,16.0,Delhi,Apartment,11220000.0
1495.0,2,1.0,1,0.0,40.0,Hyderabad,Apartment,10900000.0
2430.0,4,3.0,2,2.0,42.0,Pune,Independent House,20190000.0
1699.0,3,2.0,3,0.0,40.0,Kolkata,Independent House,13520000.0
1593.0,3,3.0,2,1.0,11.0,Delhi,Apartment,19440000.0
3557.0,6,5.0,1,2.0,9.0,Bangalore,Villa,51150000.0
1124.0,2,1.0,2,2.0,44.0,Bangalore,Apartment,8260000.0
-925.0,1,1.0,1,1.0,41.0,Bangalore,Apartment,7180000.0
1067.0,2,1.0,2,1.0,22.0,Mumbai,Apartment,16850000.0
1279.0,2,2.0,2,0.0,39.0,Hyderabad,Independent House,9650000.0
1699.0,3,3.0,2,1.0,28.0,Hyderabad,Apartment,15030000.0
1801.0,3,3.0,2,2.0,5.0,Pune,Independent House,20710000.0
2896.0,5,5.0,1,2.0,42.0,Bangalore,Villa,32300000.0
3254.0,6,5.0,3,2.0,43.0,Pune,Villa,32570000.0
2347.0,4,3.0,3,0.0,10.0,Mumbai,Independent House,46950000.0
1301.0,2,2.0,2,1.0,44.0,Mumbai,Apartment,14060000.0
1673.0,3,3.0,1,1.0,37.0,Pune,Independent House,13650000.0
2822.0,5,5.0,2,2.0,11.0,Delhi,Villa,49870000.0
1723.0,3,3.0,2,0.0,31.0,Delhi,Apartment,20550000.0
820.0,1,1.0,2,0.0,,Chennai,Apartment,6050000.0
2152.0,4,3.0,2,2.0,44.0,Mumbai,Independent House,28110000.0
1150.0,2,,2,0.0,7.0,Pune,Independent House,12370000.0
1497.0,2,2.0,1,2.0,0.0,Chennai,Apartment,17040000.0
1588.0,3,2.0,2,2.0,6.0,Mumbai,Apartment,29710000.0
1396.0,2,2.0,1,1.0,28.0,Bangalore,Apartment,12590000.0
1388.0,2,1.0,2,1.0,6.0,Mumbai,Independent House,29180000.0
2119.0,4,4.0,2,2.0,34.0,Delhi,Apartment,23460000.0
2785.0,5,5.0,2,1.0,30.0,Mumbai,Villa,63820000.0
1015.0,2,2.0,1,2.0,38.0,Mumbai,Apartment,13300000.0
3436.0,6,5.0,3,2.0,44.0,Bangalore,Villa,35930000.0
1913.0,3,2.0,3,2.0,7.0,Delhi,Independent House,27710000.0
1142.0,2,1.0,1,1.0,41.0,Delhi,Apartment,11870000.0
1476.0,2,2.0,1,1.0,35.0,Mumbai,Independent House,26340000.0
1627.0,3,2.0,1,1.0,18.0,Delhi,Apartment,22500000.0
1850.0,3,2.0,1,1.0,8.0,Mumbai,Apartment,26830000.0
1071.0,2,2.0,2,1.0,41.0,Bangalore,Apartment,8530000.0
1144.0,2,2.0,2,1.0,13.0,Delhi,Apartment,14670000.0
2166.0,4,,2,0.0,30.0,Delhi,Independent House,30570000.0
1389.0,2,2.0,1,1.0,16.0,Bangalore,Apartment,16090000.0
1229.0,2,2.0,1,2.0,0.0,Mumbai,Apartment,26630000.0
2207.0,4,4.0,3,1.0,34.0,Chennai,Independent House,21060000.0
1603.0,3,2.0,2,1.0,34.0,Delhi,Apartment,16430000.0
1391.0,2,2.0,1,1.0,6.0,Bangalore,Apartment,14100000.0
1000.0,2,2.0,2,0.0,11.0,Kolkata,Apartment,8540000.0
2198.0,4,4.0,1,1.0,26.0,Bangalore,Independent House,28260000.0
1209.0,2,2.0,1,2.0,23.0,Pune,Independent House,13440000.0
1099.0,2,2.0,1,1.0,1.0,Delhi,Apartment,15980000.0
935.0,1,1.0,1,1.0,44.0,Delhi,Apartment,8610000.0
-983.0,2,2.0,1,2.0,,Bangalore,Apartment,9670000.0
936.0,1,1.0,2,0.0,41.0,Hyderabad,Apartment,5610000.0
1601.0,3,3.0,1,2.0,25.0,Bangalore,Apartment,14010000.0
2963.0,5,4.0,3,1.0,12.0,Chennai,Villa,44700000.0
2017.0,3,2.0,2,2.0,27.0,Bangalore,Apartment,24910000.0
3506.0,6,5.0,3,3.0,37.0,Kolkata,Villa,29050000.0
2176.0,4,3.0,1,2.0,12.0,Pune,Villa,26020000.0
1619.0,3,3.0,2,1.0,36.0,Mumbai,Independent House,27840000.0
947.0,1,1.0,1,1.0,35.0,Pune,Apartment,7590000.0
1282.0,2,1.0,1,0.0,6.0,Delhi,Apartment,16400000.0
1268.0,2,2.0,1,1.0,7.0,Chennai,Apartment,11580000.0
583.0,1,1.0,2,0.0,25.0,Bangalore,Apartment,5800000.0
3682.0,6,5.0,2,1.0,1.0,Mumbai,Villa,91800000.0
1672.0,3,2.0,1,2.0,43.0,Chennai,Apartment,11420000.0
2047.0,3,2.0,2,1.0,23.0,Mumbai,Independent House,36390000.0
1412.0,2,2.0,3,3.0,20.0,Delhi,Villa,24710000.0
1619.0,3,2.0,1,1.0,,Mumbai,Independent House,26180000.0
1732.0,3,2.0,1,0.0,35.0,Delhi,Independent House,20330000.0
2509.0,4,4.0,2,1.0,11.0,Mumbai,Independent House,44830000.0
1216.0,2,1.0,1,2.0,35.0,Bangalore,Apartment,12930000.0
1004.0,2,1.0,1,1.0,39.0,Chennai,Apartment,7370000.0
1907.0,3,3.0,2,0.0,35.0,Chennai,Apartment,14930000.0
1470.0,2,1.0,1,0.0,10.0,Kolkata,Apartment,14180000.0
1092.0,2,1.0,1,1.0,12.0,Mumbai,Apartment,18460000.0
1095.0,2,2.0,2,1.0,5.0,Mumbai,Apartment,16800000.0
1467.0,2,1.0,2,1.0,12.0,Bangalore,Apartment,16950000.0
1204.0,2,2.0,1,1.0,1.0,Chennai,Independent House,14800000.0
1682.0,3,2.0,2,1.0,21.0,Hyderabad,Apartment,15580000.0
1552.0,3,2.0,2,1.0,43.0,Delhi,Apartment,16340000.0
2097.0,4,3.0,2,1.0,15.0,Hyderabad,Independent House,22430000.0
1645.0,3,2.0,1,2.0,19.0,Bangalore,Apartment,16820000.0
2249.0,4,3.0,3,2.0,22.0,Delhi,Villa,40580000.0
4094.0,6,5.0,1,2.0,33.0,Kolkata,Villa,36250000.0
1480.0,2,1.0,1,0.0,19.0,Chennai,Apartment,13700000.0
1921.0,3,3.0,1,1.0,38.0,Delhi,Apartment,18390000.0
673.0,1,1.0,1,2.0,20.0,Mumbai,Apartment,11970000.0
688.0,1,1.0,1,1.0,45.0,Delhi,Apartment,7790000.0
880.0,1,1.0,1,0.0,34.0,Bangalore,Apartment,7500000.0
1089.0,2,2.0,1,2.0,45.0,Mumbai,Apartment,11760000.0
1436.0,2,,2,0.0,40.0,Chennai,Apartment,9990000.0
1468.0,2,2.0,1,0.0,38.0,Delhi,Apartment,15690000.0
2614.0,4,4.0,3,1.0,40.0,Bangalore,Independent House,23980000.0
1324.0,2,1.0,2,0.0,22.0,Bangalore,Apartment,12240000.0
1465.0,2,1.0,2,1.0,23.0,Bangalore,Independent House,17320000.0
1363.0,2,1.0,1,1.0,14.0,Bangalore,Apartment,13990000.0
1792.0,3,2.0,2,1.0,42.0,Bangalore,Apartment,15560000.0
1364.0,2,2.0,2,0.0,5.0,Mumbai,Apartment,24750000.0
918.0,1,1.0,1,2.0,23.0,Delhi,Apartment,11680000.0
1736.0,3,3.0,3,2.0,0.0,Chennai,Independent House,24070000.0
2165.0,4,3.0,2,1.0,28.0,Mumbai,Independent House,31940000.0
1236.0,2,2.0,2,0.0,41.0,Hyderabad,Apartment,10110000.0
2151.0,4,3.0,2,2.0,29.0,Bangalore,Villa,31560000.0
1406.0,2,1.0,1,1.0,5.0,Mumbai,Apartment,24690000.0
2305.0,4,3.0,2,2.0,28.0,Pune,Independent House,21830000.0
3249.0,6,5.0,3,1.0,21.0,Pune,Villa,35790000.0
1709.0,3,2.0,1,1.0,19.0,Mumbai,Apartment,27120000.0
762.0,1,1.0,2,0.0,33.0,Bangalore,Apartment,7260000.0
1829.0,3,3.0,1,0.0,39.0,Delhi,Independent House,18100000.0
2447.0,4,3.0,1,0.0,44.0,Kolkata,Independent House,16130000.0
2569.0,4,3.0,1,1.0,6.0,Delhi,Independent House,40860000.0
919.0,1,1.0,1,0.0,44.0,Kolkata,Apartment,5220000.0
1313.0,2,2.0,2,2.0,10.0,Chennai,Apartment,13740000.0
1918.0,3,3.0,2,1.0,21.0,Bangalore,Independent House,22520000.0
1666.0,3,2.0,2,1.0,27.0,Bangalore,Apartment,14470000.0
2657.0,5,4.0,3,3.0,17.0,Chennai,Villa,31820000.0
3630.0,6,5.0,3,1.0,45.0,Bangalore,Villa,45020000.0
1544.0,3,3.0,1,1.0,6.0,Delhi,Apartment,21880000.0
1047.0,2,1.0,1,1.0,7.0,Bangalore,Apartment,13470000.0
2103.0,4,3.0,2,0.0,45.0,Pune,Apartment,13170000.0
1332.0,2,2.0,1,1.0,10.0,Mumbai,Independent House,26880000.0
1623.0,3,3.0,2,1.0,12.0,Mumbai,Apartment,28210000.0
1132.0,2,1.0,1,0.0,5.0,Mumbai,Apartment,24800000.0
1494.0,2,1.0,2,0.0,3.0,Bangalore,Apartment,17450000.0
1132.0,2,1.0,1,0.0,32.0,Delhi,Apartment,13410000.0
1549.0,3,3.0,1,1.0,25.0,Mumbai,Independent House,28860000.0
962.0,1,1.0,2,2.0,34.0,Mumbai,Apartment,13380000.0
1632.0,3,2.0,1,1.0,8.0,Chennai,Apartment,20260000.0
1075.0,2,1.0,1,0.0,40.0,Delhi,Apartment,10520000.0
2171.0,4,4.0,3,1.0,7.0,Delhi,Independent House,33750000.0
1020.0,2,2.0,2,1.0,40.0,Bangalore,Apartment,10920000.0
1703.0,3,3.0,3,0.0,28.0,Delhi,Independent House,20510000.0
1534.0,3,3.0,1,0.0,37.0,Mumbai,Apartment,20880000.0
1598.0,3,3.0,3,2.0,3.0,Bangalore,Independent House,21980000.0
1835.0,3,2.0,2,1.0,26.0,Mumbai,Independent House,29280000.0
1476.0,2,1.0,1,1.0,38.0,Delhi,Independent House,14270000.0
1953.0,3,2.0,3,1.0,2.0,Bangalore,Independent House,30680000.0
734.0,1,1.0,2,1.0,24.0,Bangalore,Apartment,7650000.0
1477.0,2,2.0,1,1.0,37.0,Hyderabad,Independent House,13340000.0
1838.0,3,3.0,1,1.0,15.0,Mumbai,Independent House,30400000.0
1088.0,2,2.0,1,2.0,17.0,Mumbai,Independent House,22830000.0
1511.0,2,1.0,1,0.0,18.0,,Apartment,13420000.0
1459.0,2,1.0,2,1.0,30.0,Mumbai,Apartment,25060000.0
1294.0,2,2.0,2,1.0,29.0,Kolkata,Apartment,8540000.0
1537.0,3,2.0,2,1.0,7.0,Mumbai,Independent House,35000000.0
1133.0,2,1.0,1,1.0,26.0,Mumbai,Apartment,16290000.0
2266.0,4,3.0,2,2.0,19.0,Pune,Villa,30430000.0
1131.0,2,2.0,2,0.0,43.0,Hyderabad,Apartment,8830000.0
1097.0,2,2.0,2,0.0,14.0,Kolkata,Apartment,8660000.0
1874.0,3,2.0,1,1.0,0.0,Bangalore,Apartment,22150000.0
2531.0,4,3.0,1,,32.0,Bangalore,Independent House,28410000.0
1366.0,2,1.0,1,1.0,5.0,Mumbai,Apartment,26750000.0
1766.0,3,3.0,2,0.0,32.0,Kolkata,Apartment,12280000.0
1555.0,3,3.0,2,0.0,24.0,Bangalore,Apartment,15200000.0
1063.0,2,1.0,1,0.0,,Mumbai,Apartment,13970000.0
1905.0,3,2.0,1,1.0,40.0,Kolkata,Apartment,10650000.0
1027.0,2,2.0,1,1.0,19.0,Hyderabad,Apartment,7660000.0
914.0,1,1.0,1,1.0,40.0,Hyderabad,Independent House,8490000.0
1945.0,3,3.0,2,1.0,42.0,Bangalore,Apartment,14850000.0
993.0,2,2.0,1,1.0,38.0,,Apartment,14230000.0
2018.0,3,3.0,3,1.0,36.0,Hyderabad,Independent House,14640000.0
1322.0,2,1.0,1,0.0,24.0,Mumbai,Apartment,20190000.0
1273.0,2,2.0,2,0.0,9.0,Bangalore,Apartment,15860000.0
1184.0,2,1.0,2,1.0,38.0,Mumbai,Apartment,15040000.0
1703.0,3,3.0,2,1.0,0.0,Bangalore,Independent House,21900000.0
2778.0,5,4.0,3,3.0,32.0,Mumbai,Villa,53010000.0
983.0,2,2.0,2,1.0,12.0,Mumbai,Apartment,19960000.0
2812.0,5,4.0,1,3.0,16.0,Bangalore,Villa,37080000.0
933.0,1,1.0,2,1.0,33.0,Hyderabad,Apartment,7770000.0
1088.0,2,2.0,1,1.0,21.0,Hyderabad,Apartment,10070000.0
2250.0,4,4.0,3,0.0,20.0,Delhi,Independent House,31630000.0
2179.0,4,3.0,2,3.0,40.0,Pune,Villa,27690000.0
1722.0,3,3.0,2,1.0,29.0,Kolkata,Apartment,11750000.0
1089.0,2,1.0,2,1.0,3.0,Bangalore,Apartment,13270000.0
1188.0,2,1.0,1,1.0,18.0,Delhi,Apartment,13420000.0
1418.0,2,1.0,2,0.0,11.0,Delhi,Apartment,18790000.0
1009.0,2,2.0,1,2.0,0.0,Pune,Apartment,12700000.0
1824.0,3,2.0,2,1.0,2.0,Pune,Independent House,18200000.0
2377.0,4,3.0,2,2.0,2.0,Pune,Independent House,28400000.0
2282.0,4,3.0,2,0.0,0.0,Mumbai,Independent House,56180000.0
1851.0,3,3.0,1,1.0,17.0,Delhi,Apartment,22290000.0
1518.0,2,1.0,2,1.0,6.0,Pune,Apartment,14700000.0
1606.0,3,2.0,2,0.0,25.0,Pune,Apartment,12500000.0
1808.0,3,3.0,1,1.0,33.0,Chennai,Independent House,21590000.0
1050.0,2,2.0,2,2.0,9.0,Delhi,Apartment,13950000.0
2583.0,4,4.0,3,3.0,42.0,Hyderabad,Villa,28830000.0
3151.0,5,4.0,3,2.0,36.0,Mumbai,Independent House,48650000.0
669.0,1,1.0,1,1.0,2.0,Kolkata,Apartment,7140000.0
1766.0,3,2.0,1,2.0,37.0,Bangalore,Apartment,14920000.0
791.0,1,1.0,1,2.0,5.0,Bangalore,Apartment,9690000.0
582.0,1,1.0,2,2.0,43.0,Delhi,Apartment,6170000.0
751.0,1,1.0,1,0.0,27.0,Pune,Apartment,5820000.0
602.0,1,1.0,1,1.0,12.0,Mumbai,Apartment,10750000.0
1313.0,2,1.0,1,1.0,24.0,Delhi,Apartment,15510000.0
1591.0,3,2.0,3,3.0,41.0,Mumbai,Villa,28630000.0
670.0,1,1.0,2,2.0,16.0,Chennai,Apartment,5840000.0
1065.0,2,1.0,2,1.0,7.0,Delhi,Apartment,15850000.0
865.0,1,1.0,1,1.0,7.0,Mumbai,Apartment,15920000.0
1366.0,2,2.0,2,1.0,21.0,Mumbai,Apartment,21360000.0
1582.0,3,3.0,1,1.0,18.0,Hyderabad,Independent House,13980000.0
3011.0,5,4.0,1,3.0,15.0,Chennai,Villa,42420000.0
1192.0,2,2.0,3,0.0,0.0,Bangalore,Independent House,16670000.0
755.0,1,1.0,2,2.0,12.0,Delhi,Apartment,10560000.0
1987.0,3,2.0,1,1.0,35.0,Delhi,Independent House,24580000.0
1191.0,2,,1,1.0,25.0,Hyderabad,Independent House,11990000.0
2757.0,5,5.0,2,1.0,4.0,Chennai,Independent House,28220000.0
906.0,1,1.0,1,0.0,41.0,Mumbai,Apartment,10890000.0
3257.0,6,5.0,2,1.0,33.0,Hyderabad,Villa,34110000.0
1382.0,2,1.0,1,1.0,18.0,Mumbai,Apartment,22830000.0
1333.0,2,1.0,1,1.0,36.0,Mumbai,Apartment,18160000.0
1379.0,2,1.0,2,0.0,0.0,Pune,Apartment,13260000.0
1621.0,3,3.0,3,1.0,23.0,Bangalore,Independent House,18600000.0
937.0,1,1.0,2,0.0,3.0,Mumbai,Apartment,17020000.0
1428.0,2,2.0,2,0.0,12.0,Chennai,Apartment,13750000.0
1315.0,2,1.0,1,1.0,21.0,Hyderabad,Apartment,9990000.0
1631.0,3,3.0,2,0.0,41.0,Mumbai,Independent House,27280000.0
1678.0,3,3.0,3,2.0,36.0,Mumbai,Independent House,25090000.0
1400.0,2,2.0,1,0.0,9.0,Bangalore,Independent House,20370000.0
1407.0,2,1.0,2,1.0,9.0,Kolkata,Apartment,10700000.0
1790.0,3,2.0,2,2.0,14.0,Delhi,Villa,31420000.0
1735.0,3,2.0,1,1.0,40.0,Pune,Apartment,11300000.0
1443.0,2,1.0,2,1.0,21.0,Mumbai,Apartment,23350000.0
2309.0,4,4.0,2,2.0,20.0,Chennai,Apartment,21050000.0
882.0,1,1.0,2,1.0,15.0,Chennai,Independent House,8470000.0
743.0,1,1.0,2,1.0,24.0,Mumbai,Apartment,11770000.0
974.0,1,1.0,1,1.0,11.0,Delhi,Apartment,12570000.0
2780.0,5,5.0,3,2.0,29.0,Chennai,Villa,36230000.0
3070.0,5,5.0,1,2.0,29.0,Bangalore,Villa,36060000.0
925.0,1,1.0,2,1.0,10.0,Mumbai,Apartment,15480000.0
2847.0,5,4.0,2,1.0,20.0,Delhi,Independent House,41250000.0
1023.0,2,1.0,1,1.0,37.0,Mumbai,Apartment,13670000.0
1726.0,3,2.0,1,2.0,26.0,Kolkata,Apartment,13970000.0
1549.0,3,2.0,1,2.0,26.0,Bangalore,Apartment,15540000.0
1135.0,2,2.0,2,,39.0,Mumbai,Apartment,14180000.0
1164.0,2,2.0,2,1.0,39.0,Mumbai,Apartment,14910000.0
4404.0,6,5.0,2,1.0,13.0,Mumbai,Villa,110350000.0
2008.0,3,3.0,1,1.0,7.0,Pune,Independent House,22380000.0
1440.0,2,2.0,2,1.0,25.0,Mumbai,Apartment,23770000.0
871.0,1,1.0,2,3.0,7.0,Bangalore,Villa,14380000.0
500.0,1,1.0,2,1.0,21.0,Delhi,Apartment,6920000.0
1247.0,2,1.0,2,1.0,7.0,Bangalore,Apartment,15140000.0
3956.0,6,5.0,3,3.0,10.0,Delhi,Villa,74990000.0
755.0,1,1.0,2,0.0,29.0,Bangalore,Apartment,7770000.0
994.0,2,2.0,2,1.0,29.0,Bangalore,Apartment,9730000.0
723.0,1,1.0,1,1.0,8.0,Mumbai,Apartment,12890000.0
908.0,1,1.0,1,2.0,17.0,Kolkata,Apartment,7850000.0
2115.0,4,3.0,3,0.0,15.0,,Independent House,23380000.0
1936.0,3,3.0,2,2.0,10.0,Delhi,Independent House,35630000.0
964.0,1,1.0,1,2.0,40.0,Mumbai,Apartment,12900000.0
2040.0,3,2.0,3,1.0,26.0,Bangalore,Villa,30470000.0
1216.0,2,1.0,1,2.0,2.0,Bangalore,Apartment,17900000.0
955.0,1,1.0,1,1.0,43.0,Hyderabad,Apartment,6890000.0
1044.0,2,1.0,2,1.0,30.0,Bangalore,Apartment,10640000.0
534.0,1,1.0,2,0.0,44.0,Bangalore,Apartment,4870000.0
1256.0,2,1.0,2,0.0,43.0,Pune,Independent House,9600000.0
1522.0,2,1.0,3,2.0,15.0,Mumbai,Independent House,28630000.0
1506.0,2,2.0,1,1.0,4.0,Bangalore,Independent House,19690000.0
1365.0,2,2.0,1,1.0,25.0,Mumbai,Apartment,19900000.0
1624.0,3,2.0,2,2.0,15.0,Delhi,Apartment,22040000.0
1244.0,2,2.0,2,2.0,45.0,Hyderabad,Apartment,8330000.0
606.0,1,1.0,1,3.0,17.0,Bangalore,Villa,11590000.0
1439.0,2,2.0,3,,3.0,Delhi,Independent House,23410000.0
3228.0,6,5.0,2,2.0,26.0,Mumbai,Villa,64720000.0
2048.0,3,2.0,1,1.0,26.0,Bangalore,Apartment,19570000.0
2433.0,4,3.0,1,0.0,9.0,Pune,Independent House,25460000.0
1517.0,2,1.0,1,1.0,30.0,Mumbai,Apartment,22400000.0
732.0,1,1.0,1,0.0,43.0,Delhi,Apartment,7070000.0
1123.0,2,2.0,1,1.0,9.0,Hyderabad,Apartment,11600000.0
1347.0,2,,2,1.0,30.0,Bangalore,Apartment,14930000.0
2968.0,5,4.0,3,1.0,15.0,Mumbai,Villa,65020000.0
2106.0,4,4.0,2,0.0,7.0,Bangalore,Independent House,25580000.0
2457.0,4,4.0,1,0.0,30.0,Mumbai,Independent House,41820000.0
1476.0,2,1.0,2,0.0,2.0,Chennai,Apartment,15380000.0
2150.0,4,4.0,1,2.0,30.0,Mumbai,Independent House,37640000.0
2324.0,4,4.0,1,1.0,28.0,Mumbai,Independent House,37320000.0
1254.0,2,2.0,1,1.0,40.0,Delhi,Apartment,13070000.0
3774.0,6,5.0,3,3.0,6.0,Chennai,Villa,54450000.0
1450.0,2,2.0,2,1.0,7.0,Chennai,Apartment,13640000.0
1461.0,2,1.0,2,1.0,,Delhi,Independent House,19980000.0
1260.0,2,1.0,1,2.0,31.0,Bangalore,Apartment,11930000.0
1410.0,2,2.0,1,0.0,26.0,Delhi,Apartment,15620000.0
1461.0,2,2.0,1,1.0,1.0,Hyderabad,Apartment,16080000.0
2715.0,5,4.0,3,1.0,24.0,Mumbai,Villa,65890000.0
1489.0,2,1.0,1,,26.0,Pune,Apartment,13080000.0
1100.0,2,1.0,2,1.0,14.0,Bangalore,Apartment,11000000.0
1549.0,3,2.0,1,1.0,26.0,Mumbai,Apartment,20820000.0
2253.0,4,4.0,2,1.0,11.0,Mumbai,Independent House,38300000.0
1233.0,2,1.0,3,0.0,41.0,Pune,Independent House,10200000.0
740.0,1,1.0,2,1.0,7.0,Hyderabad,Apartment,7620000.0
2220.0,4,4.0,2,2.0,19.0,Hyderabad,Villa,26830000.0
2178.0,4,4.0,2,1.0,2.0,Kolkata,Apartment,19960000.0
513.0,1,1.0,2,,16.0,Pune,Apartment,5590000.0
976.0,2,2.0,2,1.0,45.0,Mumbai,Apartment,13150000.0
1499.0,2,1.0,1,0.0,37.0,Pune,Independent House,10890000.0
1604.0,3,2.0,1,0.0,38.0,Chennai,Independent House,15990000.0
1360.0,2,2.0,1,2.0,17.0,Pune,Independent House,14960000.0
1755.0,3,2.0,2,0.0,39.0,Chennai,Independent House,15120000.0
1353.0,2,2.0,3,1.0,23.0,Mumbai,Villa,28430000.0
3083.0,5,5.0,3,2.0,13.0,Mumbai,Villa,80300000.0
2704.0,5,5.0,2,1.0,12.0,Kolkata,Villa,30270000.0
2735.0,5,5.0,2,2.0,12.0,Bangalore,Villa,43000000.0
2375.0,4,3.0,3,1.0,41.0,Chennai,Independent House,18990000.0
2731.0,5,4.0,1,3.0,1.0,Delhi,Villa,60010000.0
908.0,1,1.0,1,2.0,45.0,Mumbai,Apartment,11850000.0
2349.0,4,4.0,3,1.0,32.0,Mumbai,Independent House,38750000.0
3164.0,5,4.0,3,2.0,44.0,Bangalore,Villa,38290000.0
1929.0,3,,1,1.0,23.0,Mumbai,Independent House,30540000.0
902.0,1,1.0,1,1.0,15.0,Delhi,Apartment,11430000.0
1473.0,2,1.0,1,0.0,226.0,Chennai,Apartment,18390000.0
1192.0,2,1.0,1,0.0,3.0,Hyderabad,Independent House,14060000.0
658.0,1,1.0,2,1.0,2.0,Delhi,Apartment,10410000.0
1576.0,3,3.0,1,2.0,18.0,Hyderabad,Apartment,13690000.0
1047.0,2,2.0,1,3.0,15.0,Bangalore,Villa,15490000.0
1440.0,2,1.0,2,1.0,19.0,Pune,Apartment,12050000.0
1178.0,2,2.0,1,1.0,39.0,Bangalore,Apartment,11380000.0
1997.0,3,3.0,2,2.0,19.0,Pune,Independent House,21860000.0
2758.0,5,5.0,3,3.0,45.0,Bangalore,Villa,27940000.0
2587.0,4,4.0,1,,0.0,Mumbai,Villa,59610000.0
2270.0,4,3.0,3,3.0,21.0,Bangalore,Villa,30260000.0
1585.0,3,3.0,1,1.0,4.0,Pune,Apartment,17150000.0
1735.0,3,2.0,1,1.0,15.0,Pune,Independent House,16960000.0
1609.0,3,2.0,2,0.0,12.0,Mumbai,Independent House,28770000.0
723.0,1,1.0,1,2.0,32.0,Mumbai,Apartment,11660000.0
1118.0,2,2.0,1,0.0,38.0,Bangalore,Apartment,10260000.0
1859.0,3,3.0,1,0.0,39.0,Kolkata,Apartment,12180000.0
2368.0,4,4.0,2,1.0,39.0,Mumbai,Independent House,36090000.0
1504.0,2,1.0,1,1.0,,Mumbai,Independent House,23120000.0
595.0,1,1.0,1,1.0,36.0,Bangalore,Apartment,5970000.0
1391.0,2,2.0,1,0.0,23.0,Pune,Independent House,12350000.0
2118.0,4,3.0,2,1.0,7.0,Mumbai,Apartment,39210000.0
1310.0,2,2.0,2,1.0,19.0,Pune,Apartment,11660000.0
1123.0,2,2.0,2,0.0,24.0,Delhi,Apartment,11910000.0
1640.0,3,3.0,1,0.0,,Mumbai,Apartment,27630000.0
883.0,1,1.0,2,2.0,41.0,Bangalore,Apartment,8010000.0
2278.0,4,3.0,2,1.0,32.0,Bangalore,Independent House,26150000.0
1935.0,3,2.0,2,0.0,33.0,Mumbai,Independent House,27740000.0
2441.0,4,4.0,3,1.0,7.0,Mumbai,Independent House,49590000.0
1255.0,2,1.0,1,0.0,33.0,Mumbai,Apartment,20200000.0
1262.0,2,1.0,1,0.0,34.0,Chennai,Apartment,11700000.0
3568.0,6,5.0,1,2.0,1.0,Bangalore,Villa,57670000.0
993.0,2,2.0,3,1.0,19.0,Kolkata,Independent House,10220000.0
1202.0,2,1.0,1,0.0,3.0,Pune,Apartment,12860000.0
1989.0,3,3.0,2,2.0,36.0,Bangalore,Independent House,17800000.0
832.0,1,1.0,2,2.0,26.0,Pune,Apartment,7230000.0
1569.0,3,3.0,1,1.0,22.0,Delhi,Apartment,21670000.0
1703.0,3,3.0,2,0.0,30.0,Delhi,Independent House,22070000.0
1036.0,2,2.0,2,1.0,22.0,Pune,Apartment,8920000.0
1676.0,3,2.0,2,0.0,2.0,Hyderabad,Apartment,15960000.0
3574.0,6,5.0,2,1.0,6.0,Chennai,Villa,44740000.0
1809.0,3,3.0,2,1.0,3.0,Bangalore,Independent House,24150000.0
1104.0,2,1.0,1,0.0,3.0,Bangalore,Apartment,15090000.0
742.0,1,1.0,2,0.0,1.0,Mumbai,Apartment,14590000.0
1304.0,2,2.0,1,1.0,36.0,Bangalore,Apartment,13340000.0
1327.0,2,1.0,2,1.0,6.0,Delhi,Apartment,18150000.0
1447.0,2,1.0,2,1.0,29.0,Mumbai,Independent House,22970000.0
2786.0,5,5.0,1,2.0,11.0,Bangalore,Independent House,31670000.0
987.0,2,2.0,1,1.0,36.0,Bangalore,Apartment,8450000.0
3236.0,6,5.0,2,2.0,17.0,Hyderabad,Villa,42180000.0
1008.0,2,2.0,1,2.0,7.0,Mumbai,Apartment,19340000.0
1283.0,2,1.0,2,2.0,40.0,Pune,Apartment,9750000.0
777.0,1,1.0,2,0.0,4.0,Delhi,Apartment,11690000.0
1547.0,3,3.0,1,2.0,7.0,Bangalore,Apartment,17900000.0
1382.0,2,2.0,2,2.0,30.0,Hyderabad,Apartment,11410000.0
1018.0,2,1.0,2,2.0,8.0,Mumbai,Apartment,18760000.0
2152.0,4,3.0,3,1.0,17.0,Mumbai,Independent House,37410000.0
1398.0,2,1.0,2,2.0,9.0,Mumbai,Independent House,28300000.0
1120.0,2,1.0,2,2.0,27.0,Delhi,Apartment,12560000.0
2489.0,4,3.0,2,1.0,38.0,Bangalore,Independent House,27770000.0
1047.0,2,2.0,1,1.0,6.0,Mumbai,Apartment,21270000.0
802.0,1,1.0,2,1.0,18.0,Delhi,Apartment,10070000.0
1253.0,2,2.0,1,1.0,27.0,Kolkata,Apartment,9100000.0
1987.0,3,3.0,1,2.0,9.0,Delhi,Apartment,27630000.0
1811.0,3,2.0,1,1.0,38.0,Bangalore,Apartment,14690000.0
2075.0,4,4.0,1,0.0,30.0,Delhi,Independent House,22910000.0
1677.0,3,2.0,3,0.0,13.0,Delhi,Independent House,24780000.0
944.0,1,1.0,2,1.0,14.0,Mumbai,Apartment,17680000.0
1823.0,3,3.0,2,1.0,34.0,Chennai,Villa,24460000.0
1489.0,2,1.0,2,1.0,2.0,Bangalore,Apartment,18930000.0
826.0,1,1.0,2,0.0,45.0,Mumbai,Independent House,12840000.0
1180.0,2,2.0,1,1.0,15.0,Kolkata,Apartment,8880000.0
1728.0,3,2.0,2,2.0,26.0,Bangalore,Villa,19430000.0
2232.0,4,4.0,2,1.0,33.0,Chennai,Independent House,19850000.0
1458.0,2,1.0,1,1.0,8.0,Mumbai,Apartment,25140000.0
1441.0,2,2.0,1,2.0,24.0,Mumbai,Independent House,25640000.0
2264.0,4,4.0,1,2.0,4.0,Mumbai,Independent House,48260000.0
1134.0,2,2.0,2,2.0,43.0,Mumbai,Apartment,15390000.0
1445.0,2,1.0,2,1.0,18.0,Mumbai,Independent House,29210000.0
1850.0,3,3.0,1,0.0,14.0,Mumbai,Independent House,32460000.0
1310.0,2,1.0,1,0.0,35.0,Chennai,Apartment,10840000.0
1030.0,2,2.0,2,1.0,,Pune,Apartment,8740000.0
1330.0,2,1.0,3,1.0,24.0,Mumbai,Independent House,21610000.0
2875.0,5,5.0,2,2.0,0.0,Mumbai,Villa,83190000.0
1788.0,3,2.0,2,2.0,34.0,Kolkata,Apartment,11770000.0
1213.0,2,2.0,1,1.0,28.0,Pune,Apartment,10910000.0
1330.0,2,2.0,2,1.0,8.0,Mumbai,Independent House,28200000.0
1730.0,3,3.0,2,0.0,24.0,Pune,Apartment,14820000.0
1568.0,3,2.0,2,1.0,1.0,Bangalore,Apartment,22440000.0
1771.0,3,2.0,1,1.0,19.0,Delhi,Independent House,24780000.0
1248.0,2,1.0,2,0.0,32.0,Hyderabad,Independent House,10430000.0
750.0,1,1.0,1,0.0,21.0,Bangalore,Apartment,7000000.0
1055.0,2,2.0,1,3.0,25.0,Pune,Villa,14480000.0
1199.0,2,2.0,1,0.0,43.0,Bangalore,Apartment,9180000.0
1416.0,2,2.0,2,0.0,25.0,Chennai,Independent House,16160000.0
2458.0,4,3.0,1,2.0,3.0,Hyderabad,Villa,36740000.0
2477.0,4,3.0,3,,34.0,Mumbai,Independent House,40640000.0
2164.0,4,3.0,3,1.0,31.0,Mumbai,Independent House,32480000.0
2403.0,4,4.0,1,,2.0,Pune,Independent House,26410000.0
2451.0,4,4.0,3,2.0,16.0,Bangalore,Independent House,26360000.0
3295.0,6,5.0,3,1.0,6.0,Mumbai,Villa,71340000.0
1165.0,2,2.0,2,1.0,6.0,Kolkata,Apartment,10340000.0
2219.0,4,4.0,1,1.0,10.0,Mumbai,Independent House,41370000.0
1671.0,3,2.0,2,2.0,27.0,Pune,Apartment,16040000.0
2836.0,5,5.0,1,2.0,11.0,Bangalore,Independent House,30010000.0
1334.0,2,2.0,3,0.0,44.0,Kolkata,Independent House,7070000.0
1188.0,2,2.0,1,0.0,30.0,Chennai,Apartment,11280000.0
1354.0,2,1.0,1,1.0,4.0,Delhi,Apartment,18180000.0
1710.0,3,3.0,1,2.0,22.0,Mumbai,Independent House,30300000.0
1619.0,3,2.0,1,1.0,5.0,Mumbai,Apartment,27650000.0
3205.0,6,5.0,1,2.0,15.0,Delhi,Villa,54330000.0
909.0,1,1.0,1,0.0,9.0,Delhi,Apartment,13580000.0
1112.0,2,2.0,1,1.0,12.0,Delhi,Apartment,15270000.0
1051.0,2,2.0,1,2.0,21.0,Delhi,Apartment,13050000.0
3579.0,6,5.0,1,1.0,27.0,Mumbai,Villa,66340000.0
1305.0,2,2.0,2,2.0,4.0,Mumbai,Apartment,21690000.0
2739.0,5,4.0,3,2.0,4.0,Bangalore,Villa,42370000.0
1186.0,2,2.0,2,0.0,39.0,Chennai,Independent House,9730000.0
1214.0,2,1.0,2,2.0,40.0,Mumbai,Apartment,15150000.0
1185.0,2,1.0,2,0.0,29.0,Mumbai,Apartment,19340000.0
1366.0,2,1.0,1,1.0,1.0,Delhi,Apartment,22610000.0
2007.0,3,2.0,2,3.0,40.0,Bangalore,Villa,22080000.0
1393.0,2,2.0,1,1.0,32.0,Kolkata,Apartment,8380000.0
1847.0,3,2.0,1,2.0,21.0,Mumbai,Independent House,37190000.0
1161.0,2,2.0,1,2.0,15.0,Pune,Apartment,13050000.0
671.0,1,1.0,2,0.0,31.0,Bangalore,Apartment,7080000.0
1391.0,2,2.0,2,0.0,,Delhi,Apartment,15730000.0
1563.0,3,3.0,1,1.0,10.0,Hyderabad,Independent House,17290000.0
1567.0,3,2.0,2,2.0,7.0,Bangalore,Apartment,18830000.0
1459.0,2,1.0,2,1.0,43.0,Delhi,Independent House,16560000.0
1619.0,3,3.0,1,3.0,17.0,Bangalore,Villa,24230000.0
1541.0,3,2.0,1,0.0,34.0,Chennai,Apartment,13480000.0
1701.0,3,2.0,1,0.0,15.0,Hyderabad,Apartment,14660000.0
1350.0,2,1.0,1,2.0,39.0,Bangalore,Apartment,11390000.0
3484.0,6,5.0,2,3.0,35.0,Delhi,Villa,50880000.0
1263.0,2,1.0,1,0.0,27.0,Chennai,Apartment,10420000.0
1670.0,3,3.0,1,1.0,5.0,Delhi,Apartment,26090000.0
1475.0,2,2.0,3,1.0,16.0,Delhi,Independent House,21250000.0
1560.0,3,3.0,1,2.0,23.0,Hyderabad,Apartment,15420000.0
1430.0,2,1.0,1,0.0,3.0,Delhi,Independent House,22800000.0
970.0,1,1.0,1,2.0,,Pune,Apartment,7900000.0
1052.0,2,1.0,1,1.0,30.0,Mumbai,Apartment,14250000.0
607.0,1,1.0,2,1.0,7.0,,Apartment,5420000.0
1648.0,3,3.0,2,0.0,27.0,Pune,Apartment,17200000.0
1762.0,3,3.0,2,1.0,37.0,Bangalore,Independent House,16780000.0
1276.0,2,1.0,2,2.0,25.0,Delhi,Apartment,17100000.0
1646.0,3,3.0,2,1.0,12.0,Bangalore,Apartment,16290000.0
2408.0,4,3.0,3,0.0,29.0,Hyderabad,Independent House,22210000.0
746.0,1,1.0,1,1.0,40.0,Delhi,Apartment,7230000.0
668.0,1,1.0,1,,34.0,Delhi,Apartment,7630000.0
972.0,1,1.0,2,1.0,12.0,Hyderabad,Apartment,9540000.0
897.0,1,1.0,2,1.0,2.0,Delhi,Apartment,12830000.0
2371.0,4,4.0,2,0.0,37.0,Delhi,Independent House,27070000.0
1170.0,2,1.0,2,1.0,27.0,Bangalore,Apartment,11910000.0
2035.0,3,3.0,1,1.0,3.0,Bangalore,Apartment,19910000.0
1119.0,2,2.0,1,0.0,37.0,Kolkata,Apartment,7550000.0
1134.0,2,1.0,2,0.0,9.0,Delhi,Independent House,17730000.0
2335.0,4,3.0,1,1.0,33.0,Mumbai,Apartment,35710000.0
1087.0,2,2.0,1,2.0,13.0,Delhi,Apartment,16190000.0
1364.0,2,1.0,1,2.0,10.0,Delhi,Apartment,15810000.0
1874.0,3,3.0,2,0.0,29.0,Mumbai,Apartment,23560000.0
1507.0,2,2.0,3,1.0,34.0,Delhi,Independent House,20200000.0
1617.0,3,2.0,1,1.0,0.0,Pune,Independent House,17120000.0
1472.0,2,1.0,1,1.0,36.0,Mumbai,Apartment,23150000.0
1065.0,2,1.0,2,1.0,2.0,Bangalore,Apartment,14300000.0
1765.0,3,2.0,1,0.0,12.0,Mumbai,Apartment,29380000.0
3493.0,6,5.0,2,3.0,,Pune,Villa,35310000.0
2443.0,4,4.0,2,2.0,5.0,Hyderabad,Villa,36120000.0
2479.0,4,3.0,3,1.0,17.0,Delhi,Independent House,31310000.0
1069.0,2,2.0,1,0.0,28.0,Delhi,Apartment,13990000.0
1053.0,2,1.0,1,2.0,1.0,Mumbai,Apartment,19670000.0
1132.0,2,1.0,1,1.0,2.0,Bangalore,Apartment,14190000.0
2039.0,3,3.0,1,2.0,21.0,Chennai,Independent House,19220000.0
1488.0,2,2.0,1,1.0,13.0,Delhi,Apartment,18410000.0
1042.0,2,1.0,2,0.0,5.0,Kolkata,Apartment,9370000.0
1607.0,3,2.0,2,2.0,44.0,Delhi,Apartment,14200000.0
1520.0,2,2.0,1,0.0,39.0,Delhi,Apartment,15700000.0
1649.0,3,2.0,3,1.0,45.0,Kolkata,Independent House,11100000.0
1690.0,3,3.0,1,0.0,33.0,Mumbai,Apartment,26610000.0
1765.0,3,2.0,1,1.0,10.0,Pune,Apartment,16890000.0
1356.0,2,1.0,2,0.0,39.0,Mumbai,Independent House,17970000.0
2013.0,3,2.0,2,0.0,18.0,Bangalore,Apartment,24320000.0
1739.0,3,3.0,3,1.0,12.0,Mumbai,Independent House,34840000.0
1742.0,3,3.0,2,1.0,1.0,Chennai,Independent House,20890000.0
1774.0,3,3.0,1,2.0,22.0,Chennai,Apartment,16220000.0
1569.0,3,2.0,1,0.0,26.0,Hyderabad,Independent House,13950000.0
1668.0,3,2.0,2,2.0,17.0,Pune,Villa,22200000.0
1079.0,2,1.0,2,0.0,10.0,Mumbai,Apartment,19120000.0
987.0,2,2.0,2,1.0,2.0,Kolkata,Independent House,8400000.0
1750.0,3,2.0,1,1.0,16.0,Delhi,Apartment,25100000.0
2161.0,4,4.0,3,1.0,21.0,Delhi,Independent House,30180000.0
1247.0,2,1.0,1,0.0,34.0,Kolkata,Apartment,6970000.0
2038.0,3,2.0,2,2.0,22.0,Mumbai,Independent House,32840000.0
1739.0,3,3.0,1,0.0,44.0,Chennai,Apartment,11380000.0
2185.0,4,4.0,3,1.0,6.0,Mumbai,Independent House,47150000.0
3727.0,6,5.0,3,3.0,0.0,Bangalore,Villa,64320000.0
2225.0,4,4.0,3,1.0,13.0,Mumbai,Independent House,41760000.0
1322.0,2,1.0,2,0.0,3.0,Pune,Apartment,14310000.0
1704.0,3,3.0,2,0.0,21.0,Bangalore,Apartment,19200000.0
1259.0,2,2.0,1,1.0,6.0,Mumbai,Independent House,25090000.0
3303.0,6,5.0,2,1.0,23.0,Bangalore,Villa,48810000.0
2419.0,4,3.0,3,2.0,42.0,Delhi,Independent House,24940000.0
1059.0,2,2.0,2,1.0,42.0,Mumbai,Apartment,13030000.0
1310.0,2,2.0,2,2.0,2.0,Mumbai,Apartment,28550000.0
2120.0,4,3.0,3,2.0,27.0,Delhi,Villa,35360000.0
1793.0,3,2.0,1,1.0,19.0,Bangalore,Independent House,22120000.0
1195.0,2,1.0,2,0.0,41.0,Pune,Apartment,8250000.0
636.0,1,1.0,2,1.0,20.0,Pune,Apartment,5370000.0
2659.0,5,4.0,1,1.0,17.0,Mumbai,Villa,63940000.0
2684.0,5,5.0,2,0.0,29.0,Kolkata,Independent House,25580000.0
1014.0,2,1.0,2,,7.0,Chennai,Apartment,11220000.0
717.0,1,1.0,1,2.0,19.0,Mumbai,Apartment,11670000.0
1709.0,3,3.0,2,0.0,22.0,Hyderabad,Independent House,19620000.0
1735.0,3,3.0,3,1.0,28.0,Kolkata,Independent House,13730000.0
1407.0,2,2.0,2,1.0,45.0,Bangalore,Apartment,12050000.0
500.0,1,1.0,2,1.0,5.0,Mumbai,Apartment,9040000.0
2116.0,4,4.0,3,1.0,33.0,Bangalore,Villa,34640000.0
1476.0,2,1.0,1,2.0,24.0,Kolkata,Apartment,10740000.0
1228.0,2,1.0,2,1.0,3.0,Delhi,Apartment,15710000.0
1870.0,3,3.0,2,1.0,4.0,Bangalore,Apartment,24710000.0
1323.0,2,2.0,1,0.0,6.0,Mumbai,Apartment,21560000.0
1429.0,2,1.0,2,1.0,2.0,Kolkata,Apartment,10840000.0
1120.0,2,1.0,1,1.0,29.0,Kolkata,Apartment,8530000.0
3313.0,6,5.0,2,3.0,33.0,Kolkata,Villa,29020000.0
1358.0,2,2.0,2,2.0,8.0,Bangalore,Independent House,17600000.0
1078.0,2,1.0,2,0.0,0.0,Bangalore,Apartment,14970000.0
1792.0,3,3.0,1,1.0,17.0,Bangalore,Independent House,25430000.0
1771.0,3,3.0,2,2.0,20.0,Bangalore,Apartment,20320000.0
1607.0,3,3.0,1,0.0,16.0,Kolkata,Independent House,14190000.0
2985.0,5,4.0,3,2.0,10.0,Hyderabad,Villa,40700000.0
2062.0,3,2.0,3,1.0,25.0,Delhi,Independent House,28850000.0
2601.0,4,4.0,1,1.0,11.0,Mumbai,Independent House,45050000.0
751.0,1,1.0,1,2.0,16.0,Chennai,Apartment,8020000.0
834.0,1,1.0,1,1.0,9.0,Bangalore,Apartment,9240000.0
1791.0,3,2.0,1,0.0,4.0,Mumbai,Apartment,30200000.0
4319.0,6,5.0,1,2.0,13.0,Pune,Villa,51410000.0
3345.0,6,5.0,1,2.0,11.0,Mumbai,Villa,82230000.0
2677.0,5,5.0,3,1.0,23.0,Bangalore,Independent House,30400000.0
1092.0,2,2.0,3,1.0,32.0,Pune,Independent House,9830000.0
1612.0,3,2.0,2,2.0,6.0,Chennai,Apartment,17890000.0
-1170.0,2,2.0,2,2.0,43.0,Delhi,Apartment,11420000.0
1754.0,3,3.0,3,1.0,11.0,Bangalore,Independent House,21210000.0
911.0,1,1.0,1,1.0,4.0,Mumbai,Apartment,18410000.0
1098.0,2,2.0,3,,10.0,Bangalore,Independent House,16220000.0
3361.0,6,5.0,2,1.0,6.0,Hyderabad,Villa,47260000.0
1058.0,2,2.0,2,0.0,34.0,Bangalore,Apartment,10220000.0
1572.0,3,2.0,2,1.0,16.0,Chennai,Apartment,13040000.0
1286.0,2,1.0,1,1.0,15.0,Chennai,Apartment,11990000.0
1431.0,2,2.0,1,1.0,35.0,Chennai,Apartment,12150000.0
1087.0,2,2.0,2,0.0,42.0,Chennai,Apartment,8830000.0
1069.0,2,2.0,2,2.0,6.0,Delhi,Apartment,14770000.0
1361.0,2,2.0,1,2.0,42.0,Bangalore,Apartment,11570000.0
1169.0,2,1.0,2,2.0,41.0,Chennai,Apartment,9960000.0
1879.0,3,2.0,1,1.0,35.0,Delhi,Apartment,23290000.0
2181.0,4,3.0,3,1.0,19.0,Pune,Independent House,22240000.0
1764.0,3,2.0,1,1.0,22.0,Bangalore,Apartment,16730000.0
1450.0,2,1.0,1,2.0,36.0,Bangalore,Apartment,11550000.0
1762.0,3,2.0,1,0.0,29.0,Bangalore,Apartment,18310000.0
500.0,1,1.0,1,0.0,20.0,Kolkata,Apartment,3790000.0
2023.0,3,2.0,1,1.0,38.0,Delhi,Independent House,24010000.0
669.0,1,1.0,2,1.0,15.0,Pune,Apartment,8180000.0
3433.0,6,5.0,1,3.0,,Chennai,Villa,51150000.0
1064.0,2,2.0,2,1.0,15.0,Chennai,Apartment,9720000.0
1578.0,3,2.0,2,1.0,6.0,Mumbai,Independent House,31570000.0
2350.0,4,4.0,3,3.0,37.0,Kolkata,Villa,19250000.0
1967.0,3,2.0,3,2.0,26.0,Delhi,Independent House,22150000.0
642.0,1,1.0,2,2.0,44.0,Delhi,Apartment,7030000.0
1687.0,3,2.0,2,0.0,22.0,Bangalore,Apartment,18650000.0
4045.0,6,5.0,1,1.0,0.0,Bangalore,Villa,71290000.0
1112.0,2,2.0,2,1.0,42.0,Mumbai,Apartment,15920000.0
1035.0,2,1.0,1,1.0,6.0,Delhi,Apartment,16640000.0
1221.0,2,1.0,1,1.0,40.0,Bangalore,Apartment,10490000.0
1580.0,3,3.0,1,1.0,45.0,Delhi,Independent House,17920000.0
1610.0,3,3.0,1,2.0,39.0,Delhi,Apartment,15980000.0
1214.0,2,1.0,1,0.0,20.0,Kolkata,Apartment,8480000.0
2320.0,4,3.0,2,2.0,42.0,Mumbai,Villa,49440000.0
1816.0,3,3.0,2,0.0,41.0,Kolkata,Independent House,11680000.0
1451.0,2,2.0,1,1.0,19.0,Mumbai,Independent House,23560000.0
1599.0,3,2.0,2,1.0,39.0,Hyderabad,Apartment,11970000.0
1088.0,2,2.0,2,2.0,19.0,Delhi,Apartment,15060000.0
3117.0,5,5.0,2,2.0,1.0,Hyderabad,Villa,44830000.0
2124.0,4,3.0,1,0.0,23.0,Kolkata,Independent House,14390000.0
3008.0,5,5.0,1,2.0,23.0,Bangalore,Villa,43350000.0
1373.0,2,1.0,1,1.0,18.0,Pune,Apartment,14380000.0
506.0,1,1.0,2,1.0,41.0,Hyderabad,Apartment,3990000.0
1129.0,2,1.0,2,2.0,20.0,Pune,Apartment,10140000.0
896.0,1,1.0,2,1.0,27.0,Mumbai,Independent House,16150000.0
1630.0,3,2.0,2,1.0,32.0,Mumbai,Apartment,21750000.0
1989.0,3,2.0,1,0.0,1.0,Mumbai,Apartment,35590000.0
1118.0,2,1.0,3,0.0,9.0,Bangalore,Independent House,15180000.0
1129.0,2,1.0,1,1.0,37.0,Bangalore,Apartment,10420000.0
1355.0,2,2.0,2,2.0,30.0,Mumbai,Apartment,17710000.0
1119.0,2,1.0,2,1.0,15.0,Delhi,Apartment,14560000.0
1795.0,3,3.0,1,1.0,38.0,Bangalore,Apartment,14340000.0
1035.0,2,1.0,3,1.0,1.0,Kolkata,Independent House,10610000.0
2613.0,4,4.0,1,3.0,42.0,Mumbai,Villa,46760000.0
1976.0,3,3.0,3,1.0,34.0,Mumbai,Independent House,25790000.0
704.0,1,1.0,2,1.0,5.0,Mumbai,Apartment,13790000.0
1723.0,3,3.0,3,1.0,32.0,Mumbai,Independent House,31780000.0
1170.0,2,2.0,1,0.0,9.0,Delhi,Apartment,15480000.0
1193.0,2,2.0,1,1.0,1.0,Bangalore,Apartment,16270000.0
756.0,1,1.0,2,1.0,1.0,Bangalore,Apartment,9500000.0
2098.0,4,3.0,1,0.0,40.0,Bangalore,Independent House,17710000.0
923.0,1,1.0,2,1.0,21.0,Mumbai,Apartment,16040000.0
1265.0,2,2.0,1,0.0,41.0,Mumbai,Independent House,17830000.0
1319.0,2,2.0,2,1.0,0.0,Delhi,Apartment,20600000.0
1509.0,2,1.0,2,1.0,21.0,Kolkata,Apartment,10480000.0
1301.0,2,1.0,2,0.0,30.0,Delhi,Apartment,14170000.0
1663.0,3,3.0,3,1.0,7.0,Kolkata,Independent House,12750000.0
2441.0,4,3.0,2,2.0,17.0,Hyderabad,Independent House,24130000.0
1012.0,2,1.0,1,0.0,30.0,Chennai,Apartment,8440000.0
965.0,1,1.0,2,1.0,38.0,Pune,Apartment,7630000.0
1035.0,2,1.0,1,2.0,21.0,Mumbai,Apartment,15810000.0
1892.0,3,2.0,1,1.0,43.0,Bangalore,Independent House,17760000.0
1122.0,2,2.0,2,1.0,18.0,Mumbai,Apartment,23460000.0
1935.0,3,2.0,1,2.0,10.0,Delhi,Independent House,27320000.0
3174.0,5,4.0,1,3.0,39.0,Mumbai,Villa,66420000.0
1640.0,3,2.0,2,0.0,11.0,Mumbai,Apartment,30890000.0
1481.0,2,2.0,1,0.0,27.0,Hyderabad,Apartment,12790000.0
2050.0,3,3.0,3,2.0,8.0,Chennai,Independent House,26900000.0
1386.0,2,1.0,2,0.0,32.0,Hyderabad,Apartment,10660000.0
1003.0,2,1.0,2,2.0,41.0,Chennai,Apartment,7280000.0
1445.0,2,1.0,2,0.0,40.0,Delhi,Apartment,13560000.0
795.0,1,1.0,1,,12.0,Delhi,Apartment,10390000.0
1858.0,3,3.0,2,0.0,0.0,Bangalore,Apartment,24720000.0
2469.0,4,4.0,2,2.0,16.0,Mumbai,Villa,55450000.0
1172.0,2,2.0,1,1.0,42.0,Mumbai,Apartment,16480000.0
3186.0,6,5.0,2,2.0,13.0,Chennai,Villa,37210000.0
1651.0,3,2.0,1,2.0,4.0,Delhi,Independent House,23630000.0
1767.0,3,2.0,2,1.0,3.0,Bangalore,Apartment,20080000.0
1427.0,2,2.0,1,2.0,10.0,Mumbai,Independent House,30260000.0
1737.0,3,2.0,1,1.0,3.0,Mumbai,Independent House,32200000.0
1134.0,2,1.0,2,0.0,9.0,Delhi,Independent House,17730000.0
3023.0,5,5.0,2,1.0,10.0,Kolkata,Independent House,26230000.0
2457.0,4,4.0,1,0.0,38.0,Delhi,Independent House,28140000.0
1532.0,3,3.0,2,0.0,4.0,Delhi,Apartment,18830000.0
1246.0,2,1.0,2,0.0,29.0,Mumbai,Apartment,16400000.0
1284.0,2,2.0,3,2.0,17.0,Bangalore,Independent House,16870000.0
2756.0,5,5.0,2,1.0,8.0,Delhi,Villa,54780000.0
1247.0,2,2.0,1,0.0,11.0,Mumbai,Apartment,19750000.0
1988.0,3,2.0,2,1.0,26.0,Delhi,Independent House,23050000.0
2787.0,5,4.0,3,1.0,8.0,Bangalore,Independent House,38200000.0
500.0,1,1.0,1,1.0,18.0,Delhi,Apartment,6290000.0
945.0,1,1.0,2,1.0,43.0,Kolkata,Apartment,5640000.0
2333.0,4,4.0,1,2.0,12.0,Pune,Independent House,24750000.0
1223.0,2,2.0,1,1.0,,Delhi,Apartment,15290000.0
718.0,1,1.0,1,1.0,10.0,Mumbai,Apartment,13440000.0
1881.0,3,3.0,3,1.0,7.0,Pune,Independent House,22300000.0
1537.0,3,3.0,2,1.0,29.0,Mumbai,Apartment,17300000.0
2041.0,3,2.0,1,0.0,11.0,Delhi,Apartment,25800000.0
822.0,1,1.0,1,1.0,5.0,,Apartment,8730000.0
1195.0,2,1.0,2,2.0,21.0,Delhi,Apartment,17130000.0
1575.0,3,2.0,3,1.0,2.0,Hyderabad,Independent House,16830000.0
1438.0,2,1.0,2,0.0,34.0,Bangalore,Apartment,14040000.0
4170.0,6,5.0,3,2.0,39.0,Hyderabad,Villa,44120000.0
1154.0,2,2.0,1,,18.0,Bangalore,Independent House,13790000.0
1409.0,2,1.0,2,1.0,3.0,Hyderabad,Independent House,13070000.0
1144.0,2,1.0,2,2.0,42.0,Mumbai,Apartment,14990000.0
3080.0,5,4.0,2,2.0,,Mumbai,Villa,75720000.0
1327.0,2,2.0,2,1.0,30.0,Bangalore,Apartment,13280000.0
2135.0,4,4.0,3,2.0,26.0,,Independent House,35620000.0
1618.0,3,3.0,1,1.0,33.0,Pune,Independent House,13790000.0
1270.0,2,1.0,2,0.0,24.0,Delhi,Apartment,15270000.0
2426.0,4,4.0,3,0.0,25.0,Chennai,Independent House,29480000.0
1091.0,2,2.0,1,2.0,14.0,Pune,Apartment,9550000.0
1218.0,2,1.0,2,2.0,33.0,Chennai,Apartment,11210000.0
1666.0,3,2.0,1,1.0,41.0,Delhi,Independent House,19790000.0
1343.0,2,2.0,2,2.0,27.0,Bangalore,Apartment,14990000.0
1041.0,2,1.0,2,0.0,1.0,Delhi,Apartment,13880000.0
946.0,1,1.0,2,2.0,6.0,Mumbai,Independent House,21070000.0
1803.0,3,2.0,3,1.0,24.0,Mumbai,Independent House,30820000.0
3123.0,5,5.0,3,1.0,13.0,Chennai,Villa,42090000.0
2534.0,4,4.0,2,,42.0,Delhi,Independent House,32970000.0
1986.0,3,3.0,1,1.0,9.0,Delhi,Independent House,31980000.0
1483.0,2,1.0,2,0.0,3.0,Bangalore,Apartment,19360000.0
1243.0,2,1.0,2,0.0,39.0,Mumbai,Apartment,17680000.0
1537.0,3,2.0,1,2.0,35.0,Bangalore,Apartment,12710000.0
1260.0,2,1.0,2,0.0,1.0,Bangalore,Apartment,16710000.0
1236.0,2,2.0,1,0.0,19.0,Pune,Apartment,11320000.0
3911.0,6,5.0,1,1.0,45.0,Delhi,Villa,50490000.0
1122.0,2,1.0,2,1.0,24.0,Chennai,Apartment,8550000.0
2954.0,5,4.0,2,2.0,3.0,Bangalore,Independent House,40330000.0
2050.0,3,3.0,3,2.0,8.0,Chennai,Independent House,26900000.0
931.0,1,1.0,1,1.0,25.0,Bangalore,Independent House,10930000.0
1189.0,2,1.0,1,1.0,7.0,Bangalore,Apartment,12420000.0
1244.0,2,2.0,1,0.0,39.0,Delhi,Independent House,14260000.0
1025.0,2,1.0,1,1.0,23.0,Hyderabad,Apartment,8350000.0
1336.0,2,2.0,1,0.0,22.0,Kolkata,Apartment,10640000.0
1319.0,2,2.0,1,0.0,21.0,Mumbai,Apartment,19940000.0
500.0,1,,1,1.0,35.0,Mumbai,Apartment,7880000.0
2712.0,5,5.0,1,1.0,42.0,Pune,Independent House,18730000.0
970.0,1,1.0,1,2.0,1.0,Mumbai,Apartment,19010000.0
684.0,1,1.0,2,1.0,15.0,Bangalore,Apartment,7330000.0
1492.0,2,2.0,1,1.0,45.0,Bangalore,Apartment,12860000.0
623.0,1,1.0,1,2.0,38.0,Bangalore,Apartment,5290000.0
1298.0,2,1.0,2,0.0,24.0,Bangalore,Independent House,13440000.0
1557.0,3,3.0,2,2.0,9.0,Mumbai,Apartment,27160000.0
1950.0,3,3.0,1,1.0,12.0,Bangalore,Independent House,24550000.0
4644.0,6,5.0,3,1.0,40.0,Bangalore,Villa,55420000.0
1186.0,2,1.0,2,0.0,44.0,Chennai,Apartment,9920000.0
1942.0,3,3.0,3,1.0,23.0,Delhi,Independent House,23520000.0
1251.0,2,2.0,1,1.0,24.0,Delhi,Apartment,17300000.0
1695.0,3,3.0,1,0.0,36.0,Delhi,Apartment,18080000.0
2496.0,4,3.0,3,2.0,32.0,Mumbai,Independent House,36600000.0
808.0,1,1.0,2,2.0,24.0,Delhi,Apartment,9260000.0
2436.0,4,3.0,1,1.0,26.0,Kolkata,Independent House,18430000.0
3281.0,6,5.0,3,1.0,7.0,Delhi,Independent House,51300000.0
1362.0,2,1.0,3,1.0,44.0,Chennai,Independent House,10440000.0
1390.0,2,1.0,1,1.0,15.0,Chennai,Apartment,16900000.0
1965.0,3,2.0,1,1.0,23.0,Hyderabad,Independent House,16240000.0
2334.0,4,4.0,2,0.0,16.0,Kolkata,Independent House,17790000.0
1607.0,3,2.0,2,1.0,29.0,Mumbai,Apartment,27420000.0
604.0,1,1.0,1,0.0,37.0,Kolkata,Independent House,4400000.0
1460.0,2,2.0,1,2.0,34.0,Chennai,Independent House,13190000.0
1228.0,2,1.0,2,2.0,,Chennai,Independent House,14790000.0
1440.0,2,2.0,2,0.0,2.0,Hyderabad,Independent House,14680000.0
1080.0,2,1.0,2,0.0,3.0,Kolkata,Apartment,8000000.0
1643.0,3,2.0,1,1.0,20.0,Mumbai,Independent House,32250000.0
2337.0,4,3.0,1,2.0,23.0,Delhi,Independent House,27350000.0
1433.0,2,2.0,2,0.0,22.0,Bangalore,Apartment,16210000.0
1738.0,3,2.0,2,2.0,28.0,Delhi,Apartment,18660000.0
1228.0,2,1.0,2,0.0,44.0,Mumbai,Apartment,14830000.0
2490.0,4,4.0,3,0.0,38.0,Pune,Independent House,23950000.0
1453.0,2,1.0,1,2.0,25.0,Bangalore,Apartment,14280000.0
1811.0,3,3.0,2,2.0,43.0,Bangalore,Villa,21140000.0
1660.0,3,,2,0.0,30.0,Bangalore,Apartment,15430000.0
1717.0,3,3.0,1,0.0,21.0,Chennai,Apartment,13980000.0
1217.0,2,1.0,1,1.0,31.0,Mumbai,Apartment,19250000.0
1367.0,2,1.0,1,0.0,39.0,Hyderabad,Apartment,9510000.0
1550.0,3,2.0,2,0.0,8.0,Mumbai,Apartment,28810000.0
1460.0,2,2.0,2,0.0,24.0,Kolkata,Apartment,9810000.0
2924.0,5,5.0,2,1.0,24.0,Bangalore,Villa,38960000.0
1519.0,2,1.0,1,1.0,14.0,Mumbai,Apartment,27140000.0
1688.0,3,3.0,3,1.0,11.0,Pune,Independent House,19680000.0
1303.0,2,1.0,2,1.0,18.0,Delhi,Independent House,19270000.0
1432.0,2,1.0,2,1.0,10.0,Bangalore,Independent House,21210000.0
1157.0,2,2.0,1,1.0,14.0,Pune,Apartment,10090000.0
1857.0,3,3.0,3,0.0,16.0,Hyderabad,Independent House,19870000.0
1551.0,3,2.0,2,1.0,9.0,Kolkata,Apartment,11990000.0
2673.0,5,5.0,3,1.0,42.0,Bangalore,Independent House,25140000.0
3004.0,5,4.0,1,2.0,20.0,Delhi,Villa,55860000.0
2334.0,4,4.0,2,0.0,16.0,Kolkata,Independent House,17790000.0
3692.0,6,5.0,1,,20.0,Mumbai,Villa,91780000.0
2124.0,4,4.0,3,0.0,42.0,Hyderabad,Independent House,15610000.0
1424.0,2,2.0,2,1.0,13.0,Bangalore,Apartment,19340000.0
1250.0,2,1.0,3,1.0,35.0,Mumbai,Independent House,16050000.0
1283.0,2,2.0,3,1.0,35.0,Bangalore,Independent House,14110000.0
1729.0,3,3.0,1,1.0,25.0,Kolkata,Apartment,12710000.0
1416.0,2,1.0,2,1.0,7.0,Kolkata,Apartment,11450000.0
2016.0,3,2.0,2,1.0,19.0,Mumbai,Independent House,41340000.0
1989.0,3,2.0,2,1.0,40.0,Bangalore,Apartment,16340000.0
1170.0,2,2.0,1,2.0,19.0,Delhi,Independent House,18290000.0
1485.0,2,1.0,1,2.0,9.0,Hyderabad,Apartment,14490000.0
2114.0,4,3.0,3,1.0,43.0,Mumbai,Independent House,30640000.0
1582.0,3,2.0,1,1.0,20.0,Bangalore,Apartment,18350000.0
1659.0,3,2.0,3,0.0,3.0,Kolkata,Independent House,20380000.0
3173.0,5,5.0,1,2.0,,Bangalore,Villa,32980000.0
1274.0,2,2.0,1,2.0,17.0,Chennai,Apartment,11610000.0
2063.0,3,2.0,3,0.0,22.0,Bangalore,Independent House,27140000.0
886.0,1,1.0,2,1.0,35.0,Mumbai,Apartment,14070000.0
1677.0,3,2.0,2,1.0,18.0,Bangalore,Apartment,18580000.0
1449.0,2,2.0,1,2.0,22.0,Chennai,Independent House,14510000.0
1527.0,3,3.0,1,0.0,16.0,Mumbai,Apartment,31260000.0
3342.0,6,5.0,1,,15.0,Pune,Villa,38410000.0
1743.0,3,2.0,1,1.0,25.0,Hyderabad,Apartment,14910000.0
1250.0,2,1.0,2,1.0,18.0,Delhi,Apartment,16260000.0
1420.0,2,2.0,1,2.0,34.0,Mumbai,Independent House,19270000.0
2414.0,4,4.0,1,0.0,10.0,Hyderabad,Independent House,24080000.0
1351.0,2,,2,1.0,,Hyderabad,Independent House,12550000.0
1211.0,2,2.0,1,0.0,45.0,Kolkata,Apartment,5980000.0
4448.0,6,5.0,2,3.0,11.0,Chennai,Villa,64320000.0
1060.0,2,1.0,1,2.0,36.0,Delhi,Apartment,12100000.0
914.0,1,1.0,1,1.0,12.0,Bangalore,Apartment,11000000.0
1373.0,2,1.0,2,1.0,7.0,Mumbai,Independent House,30210000.0
3218.0,6,5.0,1,3.0,4.0,Mumbai,Villa,74930000.0
1554.0,3,3.0,2,1.0,26.0,Mumbai,Apartment,25460000.0
1503.0,2,2.0,2,2.0,35.0,Mumbai,Apartment,17670000.0
1320.0,2,2.0,1,0.0,13.0,Mumbai,Apartment,22490000.0
2818.0,5,4.0,1,1.0,33.0,Mumbai,Independent House,47650000.0
1315.0,2,2.0,1,0.0,4.0,Bangalore,Apartment,12880000.0
2460.0,4,3.0,1,0.0,7.0,Chennai,Independent House,22640000.0
1787.0,3,2.0,1,3.0,10.0,Chennai,Villa,25390000.0
1831.0,3,3.0,2,,44.0,Bangalore,Apartment,14920000.0
2756.0,5,5.0,2,2.0,37.0,Chennai,Villa,24300000.0
1573.0,3,2.0,1,1.0,41.0,Pune,Independent House,11500000.0
3612.0,6,5.0,3,2.0,1.0,Kolkata,Villa,38960000.0
1947.0,3,3.0,3,1.0,33.0,Delhi,Independent House,24690000.0
1294.0,2,2.0,2,0.0,41.0,Bangalore,Apartment,13020000.0
534.0,1,1.0,2,0.0,44.0,Bangalore,Apartment,4870000.0
500.0,1,1.0,1,2.0,40.0,Chennai,Apartment,5180000.0
1268.0,2,1.0,2,1.0,15.0,Bangalore,Apartment,12640000.0
2484.0,4,4.0,1,2.0,23.0,Mumbai,Villa,62350000.0
1932.0,3,2.0,1,0.0,16.0,Delhi,Apartment,27770000.0
2252.0,4,3.0,3,3.0,6.0,Pune,Villa,29390000.0
1233.0,2,2.0,2,2.0,22.0,Bangalore,Apartment,15210000.0
2248.0,4,3.0,2,0.0,5.0,Pune,Independent House,26500000.0
1315.0,2,1.0,1,1.0,23.0,Delhi,Apartment,15900000.0
3387.0,6,5.0,2,3.0,21.0,Bangalore,Villa,48520000.0
1390.0,2,2.0,3,0.0,37.0,Hyderabad,Independent House,10120000.0
2369.0,4,3.0,3,0.0,3.0,Mumbai,Independent House,51590000.0
2225.0,4,4.0,3,0.0,16.0,Delhi,Independent House,31560000.0
811.0,1,1.0,1,1.0,16.0,Bangalore,Apartment,9690000.0
1816.0,3,3.0,2,0.0,44.0,Delhi,Independent House,19370000.0
1956.0,3,2.0,2,2.0,35.0,Hyderabad,Independent House,17240000.0
1393.0,2,1.0,2,1.0,14.0,Pune,Apartment,12950000.0
1340.0,2,2.0,2,1.0,28.0,Bangalore,Apartment,11250000.0
2579.0,4,3.0,3,2.0,8.0,Pune,Independent House,30750000.0
1634.0,3,3.0,1,2.0,9.0,Delhi,Apartment,23500000.0
2449.0,4,,2,3.0,41.0,Delhi,Villa,35600000.0
3093.0,5,5.0,3,1.0,44.0,Delhi,Villa,44150000.0
1128.0,2,1.0,2,0.0,35.0,Chennai,Apartment,9790000.0
1953.0,3,2.0,1,1.0,3.0,Pune,Villa,24790000.0
1101.0,2,2.0,3,2.0,36.0,Delhi,Villa,15400000.0
710.0,1,1.0,1,1.0,1.0,Kolkata,Apartment,7060000.0
500.0,1,1.0,2,0.0,4.0,Hyderabad,Apartment,5190000.0
1236.0,2,2.0,2,0.0,3.0,Bangalore,Independent House,16940000.0
1496.0,2,2.0,1,0.0,26.0,Bangalore,Apartment,15260000.0
1033.0,2,2.0,2,0.0,13.0,Mumbai,Apartment,17940000.0
2446.0,4,4.0,2,0.0,21.0,Bangalore,Independent House,27040000.0
935.0,1,1.0,2,1.0,0.0,Mumbai,Apartment,19400000.0
524.0,1,1.0,2,2.0,0.0,Pune,Apartment,5740000.0
1785.0,3,3.0,3,1.0,45.0,Chennai,Villa,15590000.0
2191.0,4,4.0,2,,11.0,Mumbai,Apartment,39170000.0
1299.0,2,2.0,2,0.0,45.0,Chennai,Apartment,11220000.0
1441.0,2,2.0,2,0.0,7.0,Kolkata,Independent House,15820000.0
1838.0,3,2.0,2,2.0,17.0,Mumbai,Independent House,41180000.0
1366.0,2,1.0,2,0.0,0.0,Mumbai,Apartment,29210000.0
1381.0,2,1.0,1,2.0,26.0,Delhi,Independent House,17030000.0
1278.0,2,2.0,1,0.0,11.0,Pune,Apartment,10580000.0
1377.0,2,1.0,2,1.0,10.0,Mumbai,Apartment,23060000.0
1307.0,2,2.0,2,2.0,9.0,Mumbai,Apartment,26340000.0
1911.0,3,3.0,2,1.0,12.0,Bangalore,Apartment,18510000.0
1266.0,2,1.0,2,1.0,9.0,Mumbai,Independent House,24080000.0
2278.0,4,4.0,2,1.0,44.0,Kolkata,Independent House,14420000.0
1902.0,3,2.0,1,2.0,27.0,Pune,Villa,20840000.0
2001.0,3,2.0,1,0.0,18.0,Delhi,Independent House,28570000.0
2570.0,4,3.0,3,,23.0,Delhi,Independent House,32140000.0
933.0,1,1.0,2,1.0,39.0,Pune,Apartment,7000000.0
1324.0,2,2.0,2,2.0,45.0,Delhi,Apartment,13930000.0
1240.0,2,1.0,1,1.0,31.0,Kolkata,Apartment,9250000.0
1412.0,2,2.0,2,1.0,32.0,Hyderabad,Apartment,10440000.0
2944.0,5,4.0,1,2.0,0.0,Pune,Villa,42500000.0
1508.0,2,2.0,2,1.0,,Chennai,Apartment,13060000.0
1325.0,2,2.0,2,0.0,7.0,Chennai,Apartment,17680000.0
1598.0,3,3.0,1,1.0,26.0,Hyderabad,Apartment,14510000.0
1466.0,2,2.0,1,1.0,45.0,Mumbai,Apartment,20420000.0
1547.0,3,3.0,1,1.0,9.0,Hyderabad,Apartment,14770000.0
2179.0,4,4.0,2,2.0,40.0,Delhi,Villa,27930000.0
1326.0,2,2.0,3,1.0,11.0,Chennai,Independent House,17450000.0
1150.0,2,1.0,2,1.0,7.0,Delhi,Apartment,15580000.0
1602.0,3,3.0,1,1.0,36.0,Delhi,Independent House,21010000.0
2028.0,3,2.0,2,0.0,40.0,Hyderabad,Apartment,14480000.0
1623.0,3,3.0,3,1.0,8.0,Bangalore,Independent House,21480000.0
2039.0,3,2.0,1,0.0,45.0,Delhi,Independent House,24740000.0
1765.0,3,3.0,1,1.0,,Delhi,Independent House,26010000.0
1502.0,2,1.0,1,0.0,0.0,Bangalore,Apartment,18690000.0
1379.0,2,1.0,1,1.0,31.0,Bangalore,Apartment,12330000.0
1322.0,2,1.0,1,2.0,3.0,Mumbai,Apartment,27810000.0
4624.0,6,5.0,3,1.0,23.0,Bangalore,Villa,63110000.0
1995.0,3,3.0,3,0.0,35.0,Bangalore,Independent House,18620000.0
1972.0,3,3.0,3,2.0,11.0,Chennai,Villa,26010000.0
1093.0,2,1.0,2,0.0,40.0,Mumbai,Apartment,13300000.0
1130.0,2,1.0,2,1.0,18.0,Delhi,Apartment,14850000.0
3179.0,6,5.0,3,3.0,42.0,Chennai,Villa,32420000.0
1177.0,2,1.0,1,1.0,1.0,Hyderabad,Apartment,10940000.0
725.0,1,1.0,1,0.0,6.0,Hyderabad,Apartment,6810000.0
1923.0,3,3.0,1,1.0,34.0,Kolkata,Independent House,11730000.0
2878.0,5,4.0,1,1.0,26.0,Chennai,Villa,34340000.0
2161.0,4,3.0,3,2.0,34.0,Chennai,Villa,26640000.0
920.0,1,1.0,1,1.0,19.0,Chennai,Apartment,8330000.0
1393.0,2,2.0,2,0.0,23.0,Hyderabad,Apartment,12560000.0
1963.0,3,2.0,3,0.0,3.0,Mumbai,Independent House,45430000.0
934.0,1,1.0,2,0.0,5.0,Bangalore,Apartment,11620000.0
1127.0,2,1.0,2,2.0,44.0,Chennai,Apartment,7950000.0
2560.0,4,3.0,2,1.0,23.0,Pune,Villa,25360000.0
2242.0,4,4.0,3,0.0,45.0,Mumbai,Independent House,31280000.0
1379.0,2,1.0,2,1.0,32.0,Delhi,Apartment,14470000.0
500.0,1,1.0,2,1.0,40.0,Mumbai,Apartment,6600000.0
500.0,1,1.0,1,1.0,,Pune,Apartment,5810000.0
3410.0,6,5.0,1,1.0,41.0,Bangalore,Villa,36630000.0
1577.0,3,3.0,2,0.0,18.0,Pune,Apartment,15180000.0
1080.0,2,2.0,2,0.0,42.0,Delhi,Apartment,10730000.0
1060.0,2,2.0,2,2.0,3.0,Delhi,Apartment,17510000.0
997.0,2,2.0,1,2.0,0.0,Hyderabad,Apartment,12710000.0
1562.0,3,3.0,2,1.0,28.0,Chennai,Apartment,13430000.0
1359.0,2,2.0,1,1.0,24.0,Mumbai,Apartment,23990000.0
1034.0,2,2.0,2,0.0,11.0,Delhi,Independent House,16260000.0
1389.0,2,1.0,1,1.0,29.0,Bangalore,Apartment,17160000.0
1035.0,2,2.0,2,0.0,37.0,Bangalore,Apartment,10110000.0
1453.0,2,1.0,1,1.0,28.0,Mumbai,Independent House,25670000.0
1205.0,2,1.0,1,2.0,21.0,Delhi,Apartment,15000000.0
1632.0,3,3.0,3,1.0,13.0,Pune,Independent House,18280000.0
866.0,1,1.0,1,0.0,19.0,Bangalore,Apartment,9370000.0
3077.0,5,4.0,1,1.0,,Mumbai,Villa,56950000.0
739.0,1,1.0,2,1.0,21.0,Pune,Apartment,7170000.0
1730.0,3,2.0,3,2.0,25.0,Chennai,Villa,20660000.0
2723.0,5,4.0,1,1.0,38.0,Mumbai,Villa,56450000.0
994.0,2,2.0,1,0.0,6.0,Hyderabad,Apartment,10640000.0
882.0,1,1.0,1,2.0,18.0,Mumbai,Apartment,15940000.0
527.0,1,1.0,2,2.0,26.0,Chennai,Independent House,5020000.0
1624.0,3,2.0,1,1.0,5.0,Bangalore,Apartment,19640000.0
1481.0,2,1.0,2,1.0,21.0,Kolkata,Apartment,11340000.0
1178.0,2,2.0,2,1.0,17.0,Pune,Apartment,12420000.0
953.0,1,1.0,2,1.0,36.0,Bangalore,Apartment,8550000.0
1533.0,3,3.0,3,0.0,10.0,Delhi,Independent House,25530000.0
2337.0,4,3.0,2,1.0,29.0,Bangalore,Independent House,23120000.0
2471.0,4,3.0,1,1.0,23.0,Mumbai,Independent House,41230000.0
2197.0,4,4.0,3,0.0,7.0,Pune,Independent House,26730000.0
981.0,2,2.0,2,1.0,26.0,Pune,Apartment,8760000.0
1174.0,2,1.0,1,1.0,32.0,Mumbai,Independent House,18280000.0
2625.0,4,3.0,2,2.0,5.0,Delhi,Villa,47550000.0
1019.0,2,2.0,3,2.0,44.0,Pune,Independent House,8790000.0
1141.0,2,2.0,2,1.0,0.0,Hyderabad,Apartment,11190000.0
1156.0,2,2.0,2,1.0,9.0,Hyderabad,Apartment,10650000.0
2134.0,4,4.0,1,2.0,9.0,Mumbai,Independent House,49620000.0
1255.0,2,1.0,1,1.0,4.0,Pune,Apartment,12690000.0
1265.0,2,2.0,1,2.0,25.0,Kolkata,Independent House,11260000.0
500.0,1,1.0,2,2.0,40.0,Kolkata,Apartment,3680000.0
1429.0,2,1.0,1,1.0,5.0,Delhi,Apartment,18990000.0
1428.0,2,2.0,2,0.0,20.0,Delhi,Independent House,20530000.0
1641.0,3,2.0,1,1.0,45.0,Hyderabad,Apartment,11700000.0
925.0,1,1.0,2,1.0,40.0,Kolkata,Apartment,5650000.0
4113.0,6,5.0,1,1.0,4.0,Pune,Villa,60570000.0
1715.0,3,2.0,1,2.0,10.0,Mumbai,Independent House,33150000.0
2077.0,4,4.0,1,1.0,6.0,Bangalore,Independent House,24640000.0
1217.0,2,1.0,1,0.0,40.0,Kolkata,Independent House,8840000.0
2320.0,4,4.0,2,2.0,2.0,Pune,Independent House,24800000.0
1348.0,2,2.0,2,0.0,9.0,Bangalore,Apartment,14560000.0
617.0,1,1.0,2,1.0,19.0,Bangalore,Apartment,6670000.0
1897.0,3,3.0,3,0.0,26.0,Pune,Independent House,20010000.0
3949.0,6,5.0,1,3.0,4.0,,Villa,50100000.0
1886.0,3,3.0,2,0.0,16.0,Hyderabad,Independent House,19040000.0
1487.0,2,2.0,1,2.0,10.0,Pune,Apartment,16600000.0
630.0,1,1.0,2,1.0,6.0,Pune,Apartment,6740000.0
1132.0,2,2.0,2,2.0,28.0,Hyderabad,Apartment,8710000.0
1265.0,2,1.0,3,1.0,19.0,Hyderabad,Independent House,13530000.0
894.0,1,1.0,2,0.0,27.0,Delhi,Apartment,10780000.0
1072.0,2,1.0,2,1.0,43.0,Hyderabad,Apartment,7040000.0
1428.0,2,2.0,3,0.0,30.0,Mumbai,Independent House,25200000.0
1783.0,3,2.0,2,1.0,43.0,Hyderabad,Apartment,11680000.0
1757.0,3,2.0,1,1.0,22.0,Mumbai,Apartment,31380000.0
1611.0,3,2.0,1,2.0,42.0,Mumbai,Apartment,22660000.0
840.0,1,1.0,1,1.0,,Kolkata,Apartment,5470000.0
1042.0,2,1.0,2,1.0,11.0,Mumbai,Apartment,19870000.0
2350.0,4,4.0,2,2.0,1.0,Hyderabad,Villa,36220000.0
3028.0,5,4.0,3,3.0,36.0,Delhi,Villa,41140000.0
2093.0,4,3.0,1,1.0,11.0,Mumbai,Independent House,39380000.0
2120.0,4,3.0,3,0.0,32.0,Pune,Independent House,16150000.0
647.0,1,1.0,2,2.0,36.0,Mumbai,Apartment,10000000.0
887.0,1,1.0,1,1.0,32.0,Mumbai,Apartment,13520000.0
1195.0,2,2.0,1,1.0,38.0,Bangalore,Apartment,9790000.0
2709.0,5,4.0,2,1.0,34.0,Mumbai,Villa,48150000.0
1819.0,3,3.0,1,1.0,34.0,Bangalore,Apartment,14770000.0
1570.0,3,3.0,1,2.0,22.0,Kolkata,Independent House,14690000.0
1721.0,3,3.0,2,1.0,34.0,,Apartment,14810000.0
2604.0,4,3.0,1,2.0,25.0,Mumbai,Villa,54180000.0
650.0,1,1.0,1,0.0,40.0,Mumbai,Apartment,10110000.0
1359.0,2,1.0,1,1.0,7.0,Kolkata,Apartment,13210000.0
1745.0,3,2.0,1,1.0,18.0,Hyderabad,Apartment,15770000.0
1115.0,2,2.0,1,1.0,33.0,Delhi,Apartment,11860000.0
839.0,1,1.0,2,0.0,25.0,Bangalore,Apartment,8190000.0
1906.0,3,3.0,2,2.0,2.0,Delhi,Independent House,36030000.0
2802.0,5,4.0,3,2.0,38.0,Pune,Villa,30470000.0
1564.0,3,2.0,1,2.0,10.0,Pune,Independent House,16610000.0
1040.0,2,1.0,2,0.0,8.0,Chennai,Apartment,12640000.0
2514.0,4,4.0,1,1.0,43.0,Hyderabad,Independent House,20200000.0
4466.0,6,5.0,3,,25.0,Hyderabad,Villa,47200000.0
2482.0,4,4.0,3,1.0,3.0,Chennai,Independent House,31520000.0
1814.0,3,3.0,2,1.0,7.0,Mumbai,Independent House,30510000.0
2478.0,4,4.0,2,2.0,20.0,Bangalore,Villa,35460000.0
3347.0,6,5.0,1,2.0,3.0,Kolkata,Villa,39050000.0
1130.0,2,1.0,2,0.0,19.0,Mumbai,Apartment,19470000.0
918.0,1,1.0,2,0.0,30.0,Delhi,Apartment,9690000.0
3993.0,6,5.0,2,1.0,35.0,Bangalore,Villa,46560000.0
1105.0,2,2.0,2,1.0,16.0,Delhi,Apartment,14690000.0
1585.0,3,2.0,1,2.0,36.0,Pune,Apartment,11390000.0
1429.0,2,2.0,2,0.0,45.0,Hyderabad,Apartment,9570000.0
2506.0,4,3.0,2,2.0,30.0,Pune,Independent House,20560000.0
1799.0,3,3.0,2,0.0,39.0,Delhi,Independent House,17670000.0
2176.0,4,4.0,2,1.0,45.0,Chennai,Independent House,20250000.0
2005.0,3,3.0,2,1.0,4.0,Delhi,Independent House,32690000.0
1633.0,3,3.0,1,0.0,19.0,Bangalore,Apartment,16270000.0
998.0,2,1.0,2,1.0,7.0,Hyderabad,Apartment,9790000.0
949.0,1,1.0,1,0.0,8.0,Hyderabad,Apartment,9990000.0
1324.0,2,2.0,3,1.0,26.0,Hyderabad,Independent House,12350000.0
1786.0,3,2.0,1,0.0,38.0,Delhi,Apartment,15070000.0
865.0,1,1.0,1,2.0,0.0,Kolkata,Apartment,6820000.0
1345.0,2,1.0,1,2.0,14.0,Hyderabad,Apartment,13210000.0
1432.0,2,1.0,2,1.0,18.0,Bangalore,Apartment,13890000.0
2146.0,4,4.0,1,1.0,9.0,Kolkata,Independent House,20220000.0
1628.0,3,2.0,3,1.0,42.0,Pune,Independent House,11700000.0
2194.0,4,4.0,1,0.0,45.0,Kolkata,Independent House,13050000.0
960.0,1,1.0,3,1.0,5.0,Mumbai,Independent House,21930000.0
1527.0,3,2.0,2,1.0,14.0,Mumbai,Apartment,24380000.0
1711.0,3,,1,1.0,26.0,Mumbai,Independent House,28640000.0
1473.0,2,1.0,2,0.0,26.0,Pune,Apartment,13730000.0
2639.0,5,4.0,1,1.0,21.0,Bangalore,Independent House,27620000.0
806.0,1,1.0,2,1.0,34.0,Bangalore,Independent House,7360000.0
1869.0,3,3.0,1,0.0,40.0,Pune,Independent House,12330000.0
1252.0,2,1.0,1,1.0,11.0,Kolkata,Apartment,9250000.0
949.0,1,1.0,2,0.0,39.0,Pune,Apartment,7300000.0
1516.0,2,1.0,3,1.0,41.0,Mumbai,Independent House,22750000.0
1659.0,3,3.0,2,0.0,20.0,Delhi,Independent House,21370000.0
3453.0,6,5.0,3,3.0,26.0,Bangalore,Villa,45880000.0
1979.0,3,3.0,3,1.0,40.0,Mumbai,Independent House,29150000.0
797.0,1,1.0,2,0.0,43.0,Pune,Independent House,7090000.0
1754.0,3,2.0,3,1.0,16.0,Mumbai,Independent House,33660000.0
1372.0,2,1.0,2,2.0,33.0,Mumbai,Apartment,19560000.0
987.0,2,1.0,1,0.0,37.0,Delhi,Apartment,9750000.0
2068.0,3,2.0,3,0.0,11.0,Pune,Independent House,18190000.0
1270.0,2,2.0,2,,34.0,Pune,Apartment,11500000.0
2521.0,4,3.0,1,2.0,25.0,Kolkata,Independent House,16870000.0
1676.0,3,3.0,1,2.0,20.0,Delhi,Independent House,20580000.0
2448.0,4,4.0,1,1.0,0.0,Bangalore,Villa,42130000.0
1745.0,3,3.0,1,0.0,25.0,Delhi,Independent House,23660000.0
892.0,1,1.0,2,1.0,41.0,Pune,Apartment,7680000.0
2780.0,5,5.0,3,2.0,19.0,Chennai,Villa,35040000.0
2787.0,5,4.0,3,1.0,8.0,Bangalore,Independent House,38200000.0
759.0,1,1.0,1,0.0,,Mumbai,Apartment,10530000.0
829.0,1,1.0,1,0.0,29.0,Mumbai,Apartment,10500000.0
779.0,1,1.0,1,1.0,36.0,Bangalore,Apartment,7160000.0
962.0,1,1.0,2,0.0,33.0,Mumbai,Apartment,14070000.0
2217.0,4,3.0,3,2.0,3.0,Bangalore,Independent House,30730000.0
1612.0,3,2.0,1,1.0,13.0,Bangalore,Independent House,20410000.0
2260.0,4,4.0,2,1.0,23.0,Chennai,Independent House,23530000.0
1230.0,2,2.0,1,0.0,1.0,Pune,Apartment,14130000.0
1723.0,3,3.0,1,1.0,38.0,Pune,Apartment,12540000.0
1298.0,2,1.0,1,1.0,18.0,Delhi,Apartment,15080000.0
1034.0,2,1.0,2,1.0,9.0,Hyderabad,Apartment,10340000.0
1212.0,2,1.0,2,0.0,8.0,Delhi,Apartment,16280000.0
896.0,1,1.0,1,,39.0,Pune,Apartment,6520000.0
855.0,1,1.0,2,2.0,32.0,Bangalore,Apartment,7800000.0
500.0,1,1.0,1,0.0,24.0,Mumbai,Independent House,9110000.0
663.0,1,1.0,1,1.0,10.0,Mumbai,Apartment,12770000.0
1158.0,2,1.0,1,1.0,7.0,Bangalore,Apartment,13660000.0
3567.0,6,5.0,1,2.0,36.0,Pune,Villa,36160000.0
1523.0,2,1.0,1,0.0,19.0,Delhi,Apartment,20490000.0
1986.0,3,3.0,3,1.0,16.0,Pune,Independent House,25190000.0
821.0,1,1.0,2,0.0,36.0,Bangalore,Apartment,7280000.0
1258.0,2,1.0,1,0.0,35.0,Chennai,Apartment,8810000.0
1042.0,2,1.0,1,0.0,20.0,Chennai,Apartment,10610000.0
1670.0,3,3.0,2,2.0,7.0,Mumbai,Apartment,33090000.0
1051.0,2,1.0,2,1.0,32.0,Pune,Apartment,10060000.0
936.0,1,1.0,2,2.0,43.0,Delhi,Apartment,8890000.0
1508.0,2,2.0,3,1.0,22.0,Pune,Independent House,14980000.0
1272.0,2,2.0,2,1.0,12.0,Hyderabad,Apartment,12990000.0
2474.0,4,4.0,2,2.0,43.0,Hyderabad,Independent House,19970000.0
2701.0,5,4.0,1,2.0,4.0,Pune,Independent House,29960000.0
1330.0,2,1.0,1,0.0,6.0,Mumbai,Apartment,23040000.0
2013.0,3,2.0,2,0.0,,Delhi,Independent House,34570000.0
3048.0,5,5.0,3,3.0,5.0,Bangalore,Villa,50750000.0
1119.0,2,2.0,1,0.0,27.0,Mumbai,Apartment,17130000.0
525.0,1,1.0,2,2.0,40.0,Bangalore,Apartment,4390000.0
2644.0,5,4.0,1,1.0,44.0,Hyderabad,Independent House,24410000.0
2864.0,5,4.0,2,1.0,26.0,Chennai,Villa,38950000.0
3596.0,6,5.0,3,2.0,22.0,Mumbai,Villa,67830000.0
1249.0,2,2.0,2,2.0,15.0,Chennai,Apartment,12740000.0
1800.0,3,3.0,3,1.0,5.0,Chennai,Independent House,23870000.0
1277.0,2,2.0,1,1.0,42.0,Chennai,Apartment,8340000.0
2224.0,4,4.0,1,1.0,17.0,Delhi,Villa,33240000.0
2489.0,4,3.0,3,2.0,45.0,Delhi,Independent House,23870000.0
1837.0,3,2.0,1,2.0,33.0,Hyderabad,Apartment,12490000.0
689.0,1,1.0,2,0.0,1.0,Delhi,Apartment,10020000.0
1766.0,3,2.0,2,1.0,33.0,Delhi,Independent House,24660000.0
2481.0,4,3.0,2,2.0,36.0,Mumbai,Villa,43730000.0
926.0,1,1.0,2,2.0,37.0,Delhi,Apartment,11380000.0
1463.0,2,1.0,1,0.0,29.0,Kolkata,Apartment,10440000.0
1420.0,2,1.0,1,0.0,24.0,Bangalore,Apartment,13430000.0
1278.0,2,1.0,1,2.0,37.0,Bangalore,Apartment,10360000.0
2959.0,5,4.0,2,3.0,8.0,Mumbai,Villa,75070000.0
1380.0,2,1.0,1,2.0,2.0,Bangalore,Apartment,16340000.0
1270.0,2,2.0,1,1.0,5.0,Bangalore,Apartment,15950000.0
1153.0,2,2.0,2,1.0,11.0,Delhi,Villa,22910000.0
1517.0,2,2.0,1,2.0,25.0,Hyderabad,Apartment,13900000.0
1437.0,2,1.0,1,1.0,1.0,Delhi,Apartment,21340000.0
1135.0,2,1.0,1,1.0,0.0,Mumbai,Apartment,22620000.0
1217.0,2,2.0,2,1.0,31.0,Chennai,Apartment,10700000.0
1020.0,2,2.0,2,2.0,20.0,Mumbai,Apartment,18170000.0
2610.0,4,4.0,3,2.0,41.0,Bangalore,Villa,32180000.0
877.0,1,1.0,2,2.0,14.0,Mumbai,Apartment,14690000.0
1575.0,3,3.0,3,1.0,11.0,Mumbai,Independent House,34110000.0
2817.0,5,5.0,3,0.0,24.0,Mumbai,Independent House,48100000.0
851.0,1,1.0,1,1.0,24.0,Mumbai,Apartment,13990000.0
2513.0,4,3.0,2,2.0,15.0,Hyderabad,Villa,31950000.0
1625.0,3,2.0,2,0.0,36.0,Delhi,Apartment,18570000.0
2255.0,4,3.0,1,2.0,15.0,Mumbai,Independent House,39200000.0
1716.0,3,3.0,2,1.0,22.0,Chennai,Independent House,18260000.0
695.0,1,1.0,1,0.0,35.0,Bangalore,Apartment,5790000.0
1934.0,3,2.0,2,1.0,17.0,Mumbai,Apartment,34660000.0
1012.0,2,2.0,2,0.0,1.0,Kolkata,Apartment,10670000.0
2724.0,5,5.0,3,1.0,1.0,Bangalore,Independent House,38060000.0
1787.0,3,3.0,1,1.0,8.0,Bangalore,Independent House,20110000.0
500.0,1,1.0,1,1.0,29.0,Mumbai,Independent House,8070000.0
983.0,2,1.0,2,0.0,20.0,Chennai,Apartment,9570000.0
1216.0,2,1.0,1,0.0,44.0,Mumbai,Apartment,14610000.0
1175.0,2,1.0,1,1.0,18.0,Mumbai,Apartment,20860000.0
1155.0,2,2.0,1,0.0,12.0,Pune,Apartment,10840000.0
1145.0,2,1.0,1,2.0,34.0,Bangalore,Apartment,10560000.0
1540.0,3,2.0,2,0.0,6.0,Mumbai,Apartment,29670000.0
2188.0,4,3.0,1,,15.0,Pune,Apartment,24600000.0
677.0,1,1.0,2,1.0,11.0,Bangalore,Apartment,8470000.0
791.0,1,1.0,1,1.0,28.0,Pune,Apartment,8000000.0
2826.0,5,5.0,2,2.0,12.0,Chennai,Independent House,28560000.0
2501.0,4,3.0,1,1.0,12.0,Mumbai,Villa,47570000.0
-1477.0,2,2.0,1,2.0,17.0,Mumbai,Apartment,24880000.0
3448.0,6,5.0,1,2.0,4.0,Delhi,Villa,87070000.0
986.0,2,1.0,1,1.0,29.0,Delhi,Apartment,11850000.0
961.0,1,1.0,2,0.0,9.0,Mumbai,Apartment,18160000.0
1057.0,2,2.0,1,2.0,2.0,Bangalore,Apartment,14080000.0
1244.0,2,1.0,1,1.0,17.0,Chennai,Apartment,11800000.0
1440.0,2,2.0,2,1.0,27.0,Mumbai,Independent House,26130000.0
1651.0,3,3.0,2,0.0,28.0,Bangalore,Apartment,16330000.0
1725.0,3,2.0,2,1.0,11.0,Mumbai,Independent House,32540000.0
2080.0,4,3.0,3,1.0,12.0,Chennai,Independent House,23080000.0
1292.0,2,1.0,2,1.0,33.0,Pune,Apartment,8940000.0
983.0,2,2.0,2,1.0,13.0,Hyderabad,Apartment,8640000.0
2293.0,4,3.0,1,1.0,25.0,Hyderabad,Independent House,20190000.0
994.0,2,2.0,1,0.0,6.0,Hyderabad,Apartment,10640000.0
1724.0,3,2.0,1,0.0,21.0,Chennai,Independent House,16980000.0
1723.0,3,2.0,2,2.0,19.0,Mumbai,Independent House,30750000.0
3255.0,6,5.0,1,2.0,23.0,Mumbai,Villa,76460000.0
2125.0,4,4.0,3,2.0,22.0,Bangalore,Villa,24800000.0
1286.0,2,2.0,2,0.0,19.0,Delhi,Independent House,17210000.0
1640.0,3,2.0,1,2.0,11.0,Bangalore,Apartment,18930000.0
1366.0,2,2.0,1,1.0,20.0,Kolkata,Apartment,9600000.0
2430.0,4,4.0,3,0.0,21.0,Hyderabad,Independent House,24890000.0
1194.0,2,2.0,1,2.0,34.0,Delhi,Apartment,14170000.0
1457.0,2,1.0,1,1.0,27.0,Delhi,Apartment,18650000.0
2181.0,4,4.0,2,0.0,11.0,Mumbai,Independent House,48790000.0
3714.0,6,5.0,1,1.0,38.0,Mumbai,Villa,66200000.0
3277.0,6,5.0,2,2.0,36.0,Kolkata,Villa,25900000.0
2514.0,4,4.0,2,2.0,3.0,Mumbai,Villa,64130000.0
2437.0,4,4.0,2,1.0,1.0,Chennai,Independent House,27150000.0
1630.0,3,2.0,1,2.0,24.0,Kolkata,Apartment,14320000.0
1635.0,3,3.0,1,1.0,18.0,Chennai,Apartment,16110000.0
2992.0,5,4.0,2,3.0,7.0,Delhi,Villa,68780000.0
3475.0,6,5.0,3,2.0,30.0,Pune,Villa,40170000.0
1803.0,3,2.0,2,1.0,16.0,Mumbai,Apartment,28970000.0
1000.0,2,2.0,2,2.0,,Mumbai,Apartment,11000000.0
1404.0,2,1.0,2,1.0,23.0,Bangalore,Apartment,12920000.0
1418.0,2,2.0,1,1.0,0.0,Pune,Apartment,14950000.0
1538.0,3,3.0,1,0.0,10.0,Bangalore,Apartment,18620000.0
1030.0,2,2.0,2,2.0,19.0,Delhi,Independent House,15960000.0
1351.0,2,2.0,1,1.0,36.0,Hyderabad,Apartment,11780000.0
1997.0,3,3.0,1,2.0,29.0,Delhi,Apartment,24930000.0
2627.0,5,5.0,1,2.0,44.0,Mumbai,Villa,43830000.0
1132.0,2,1.0,1,1.0,39.0,Pune,Independent House,9030000.0
1883.0,3,3.0,1,0.0,14.0,Delhi,Independent House,28560000.0
1374.0,2,1.0,1,0.0,,Pune,Independent House,16280000.0
1929.0,3,2.0,2,2.0,39.0,Mumbai,Apartment,25000000.0
1435.0,2,2.0,2,1.0,12.0,Kolkata,Apartment,11870000.0
1002.0,2,1.0,2,1.0,39.0,Pune,Apartment,7720000.0
1281.0,2,1.0,1,1.0,2.0,Hyderabad,Apartment,13120000.0
3419.0,6,5.0,1,2.0,6.0,Chennai,Villa,59360000.0
932.0,1,1.0,2,2.0,10.0,Bangalore,Independent House,11560000.0
2624.0,4,3.0,2,1.0,9.0,Bangalore,Villa,43470000.0
2257.0,4,3.0,3,0.0,9.0,Mumbai,Independent House,45780000.0
1407.0,2,2.0,3,1.0,44.0,Pune,Independent House,10280000.0
1528.0,3,2.0,1,0.0,19.0,Pune,Apartment,15470000.0
1435.0,2,1.0,2,1.0,36.0,Mumbai,Independent House,21550000.0
855.0,1,1.0,1,0.0,36.0,Delhi,Apartment,8230000.0
1204.0,2,1.0,1,1.0,24.0,Bangalore,Apartment,11510000.0
1294.0,2,2.0,2,1.0,12.0,Pune,Apartment,13030000.0
1452.0,2,1.0,3,1.0,5.0,Mumbai,Independent House,31440000.0
1042.0,2,2.0,2,0.0,26.0,Hyderabad,Apartment,9050000.0
888.0,1,1.0,2,1.0,42.0,Delhi,Apartment,10120000.0
1567.0,3,3.0,3,2.0,38.0,Hyderabad,Independent House,11620000.0
1873.0,3,2.0,2,2.0,,Chennai,Villa,25400000.0
2798.0,5,5.0,2,0.0,24.0,Bangalore,Independent House,35020000.0
2201.0,4,3.0,2,0.0,0.0,Chennai,Independent House,27820000.0
2620.0,4,4.0,2,2.0,4.0,Hyderabad,Villa,33820000.0
1460.0,2,1.0,2,2.0,38.0,Bangalore,Apartment,12500000.0
3669.0,6,5.0,3,2.0,38.0,Delhi,Villa,55680000.0
1952.0,3,2.0,1,1.0,21.0,Chennai,Apartment,17070000.0
1491.0,2,2.0,2,1.0,38.0,Hyderabad,Apartment,11210000.0
2600.0,4,3.0,2,2.0,25.0,Bangalore,Villa,34840000.0
4097.0,6,5.0,2,2.0,31.0,Pune,Villa,44820000.0
2429.0,4,3.0,3,1.0,7.0,Bangalore,Villa,35420000.0
1823.0,3,3.0,1,1.0,43.0,Bangalore,Apartment,13320000.0
1973.0,3,2.0,3,0.0,13.0,Bangalore,Independent House,25070000.0
1107.0,2,2.0,2,2.0,42.0,Bangalore,Apartment,9390000.0
1086.0,2,1.0,1,2.0,22.0,Bangalore,Apartment,10130000.0
1729.0,3,2.0,2,1.0,37.0,Chennai,Independent House,15710000.0
619.0,1,1.0,2,1.0,17.0,Mumbai,Apartment,9800000.0
1614.0,3,3.0,3,2.0,44.0,Mumbai,Independent House,27040000.0
1362.0,2,1.0,1,1.0,7.0,Mumbai,Apartment,25850000.0
1189.0,2,1.0,2,1.0,32.0,Mumbai,Apartment,20760000.0
878.0,1,1.0,1,2.0,3.0,Mumbai,Apartment,17070000.0
1601.0,3,3.0,1,2.0,2.0,Bangalore,Apartment,18310000.0
2034.0,3,3.0,1,1.0,4.0,Bangalore,Independent House,26670000.0
1757.0,3,3.0,2,1.0,19.0,Hyderabad,Apartment,15540000.0
960.0,1,1.0,2,1.0,1.0,Mumbai,Apartment,23640000.0
1746.0,3,3.0,2,0.0,32.0,Mumbai,Apartment,22760000.0
1287.0,2,1.0,2,1.0,31.0,Mumbai,Apartment,17370000.0
1491.0,2,2.0,1,1.0,17.0,Delhi,Apartment,20250000.0
4025.0,6,5.0,2,2.0,12.0,Chennai,Villa,55870000.0
1516.0,2,2.0,1,1.0,11.0,Mumbai,Apartment,22800000.0
1738.0,3,3.0,1,0.0,20.0,Bangalore,Independent House,20860000.0
2403.0,4,3.0,1,2.0,34.0,Delhi,Villa,37380000.0
755.0,1,1.0,2,1.0,21.0,Kolkata,Apartment,6300000.0
1908.0,3,2.0,2,1.0,11.0,Mumbai,Independent House,35550000.0
1684.0,3,2.0,1,1.0,35.0,Delhi,Apartment,19300000.0
3896.0,6,5.0,3,1.0,,Bangalore,Villa,47580000.0
973.0,1,1.0,2,,19.0,Bangalore,Apartment,10450000.0
871.0,1,1.0,1,0.0,28.0,Pune,Apartment,7200000.0
2249.0,4,4.0,3,2.0,6.0,Chennai,Independent House,21600000.0
1070.0,2,1.0,2,1.0,8.0,Bangalore,Apartment,10790000.0
2741.0,5,4.0,1,1.0,40.0,Pune,Independent House,25460000.0
1360.0,2,1.0,1,1.0,27.0,Hyderabad,Apartment,11600000.0
2311.0,4,4.0,3,1.0,25.0,Hyderabad,Independent House,22370000.0
2273.0,4,4.0,1,1.0,24.0,Delhi,Apartment,28170000.0
2502.0,4,3.0,1,2.0,9.0,Hyderabad,Villa,33360000.0
2339.0,4,4.0,1,,9.0,Bangalore,Independent House,29380000.0
3222.0,6,5.0,1,2.0,23.0,Mumbai,Villa,69380000.0
1322.0,2,1.0,1,2.0,42.0,Hyderabad,Apartment,9750000.0
3775.0,6,5.0,2,1.0,19.0,Pune,Villa,49410000.0
730.0,1,1.0,1,2.0,1.0,Pune,Apartment,8520000.0
1359.0,2,2.0,1,1.0,35.0,Kolkata,Apartment,8390000.0
1323.0,2,2.0,2,1.0,10.0,Hyderabad,Independent House,13420000.0
802.0,1,1.0,2,1.0,34.0,Bangalore,Apartment,8440000.0
2930.0,5,4.0,2,1.0,43.0,Pune,Independent House,25870000.0
1844.0,3,2.0,2,2.0,20.0,Mumbai,Independent House,32520000.0
2747.0,5,4.0,1,2.0,7.0,Chennai,Villa,37250000.0
2408.0,4,4.0,2,2.0,20.0,Hyderabad,Independent House,24000000.0
1676.0,3,2.0,1,1.0,6.0,Hyderabad,Independent House,19250000.0
2346.0,4,4.0,3,1.0,2.0,Delhi,Independent House,41140000.0
1812.0,3,3.0,3,1.0,39.0,Mumbai,Independent House,29550000.0
1719.0,3,2.0,2,0.0,16.0,Hyderabad,Apartment,15830000.0
1447.0,2,2.0,2,1.0,36.0,Mumbai,Apartment,18350000.0
1161.0,2,2.0,1,2.0,34.0,Hyderabad,Apartment,8940000.0
1746.0,3,2.0,3,1.0,45.0,Chennai,Independent House,16890000.0
1918.0,3,3.0,3,0.0,35.0,Delhi,Independent House,23250000.0
1295.0,2,2.0,2,1.0,21.0,Mumbai,Apartment,20870000.0
1162.0,2,1.0,1,2.0,27.0,Kolkata,Apartment,8000000.0
968.0,1,1.0,2,0.0,6.0,Pune,Independent House,11040000.0
1507.0,2,1.0,2,2.0,2.0,Kolkata,Apartment,13990000.0
1280.0,2,1.0,2,0.0,1.0,Bangalore,Apartment,15330000.0
1818.0,3,2.0,1,2.0,5.0,Delhi,Villa,35530000.0
1704.0,3,3.0,1,0.0,45.0,Chennai,Apartment,14430000.0
1643.0,3,2.0,3,1.0,19.0,Chennai,Independent House,17050000.0
2770.0,5,4.0,2,2.0,4.0,Hyderabad,Villa,33130000.0
991.0,2,2.0,1,0.0,,Pune,Independent House,11160000.0
1698.0,3,2.0,3,1.0,38.0,Mumbai,Independent House,27960000.0
2564.0,4,3.0,2,2.0,17.0,Chennai,Independent House,26810000.0
2557.0,4,4.0,3,2.0,35.0,Pune,Villa,24960000.0
4215.0,6,5.0,3,3.0,9.0,Hyderabad,Villa,56380000.0
1156.0,2,1.0,2,1.0,13.0,Hyderabad,Apartment,10040000.0
3073.0,5,4.0,3,1.0,35.0,Chennai,Villa,30030000.0
1483.0,2,2.0,1,2.0,20.0,Kolkata,Apartment,12820000.0
1162.0,2,1.0,3,0.0,20.0,Hyderabad,Independent House,12010000.0
1945.0,3,2.0,2,1.0,22.0,Bangalore,Apartment,22030000.0
2614.0,4,3.0,1,2.0,32.0,Bangalore,Villa,36940000.0
1798.0,3,2.0,1,0.0,37.0,Mumbai,Independent House,22700000.0
1308.0,2,2.0,1,0.0,16.0,Chennai,Independent House,10520000.0
1319.0,2,1.0,1,2.0,29.0,Hyderabad,Apartment,10960000.0
2459.0,4,3.0,3,2.0,17.0,Chennai,Independent House,28680000.0
1435.0,2,2.0,2,1.0,23.0,Kolkata,Apartment,11550000.0
2502.0,4,3.0,1,2.0,32.0,Delhi,Villa,29610000.0
2651.0,5,4.0,1,1.0,11.0,Chennai,Villa,41950000.0
1802.0,3,3.0,1,2.0,18.0,Pune,Independent House,19820000.0
1520.0,2,1.0,1,0.0,17.0,Pune,Independent House,13370000.0
500.0,1,1.0,2,1.0,11.0,Delhi,Independent House,7370000.0
1458.0,2,2.0,1,1.0,32.0,Delhi,Apartment,17100000.0
3109.0,5,4.0,2,2.0,2.0,Mumbai,Villa,89520000.0
3913.0,6,5.0,3,2.0,34.0,Delhi,Villa,57520000.0
1122.0,2,1.0,1,2.0,42.0,Pune,Apartment,7320000.0
1276.0,2,2.0,2,1.0,8.0,Chennai,Apartment,13390000.0
4230.0,6,5.0,2,2.0,34.0,Delhi,Villa,54800000.0
1849.0,3,3.0,2,1.0,40.0,Mumbai,Independent House,27600000.0
923.0,1,1.0,1,0.0,19.0,Hyderabad,Apartment,7660000.0
1412.0,2,1.0,2,1.0,3.0,Pune,Apartment,12390000.0
2814.0,5,4.0,1,1.0,16.0,Hyderabad,Villa,39670000.0
1702.0,3,2.0,1,1.0,36.0,Mumbai,Apartment,22630000.0
982.0,2,1.0,3,2.0,,Bangalore,Independent House,9580000.0
956.0,1,1.0,2,0.0,41.0,Mumbai,Independent House,14250000.0
1401.0,2,2.0,1,0.0,3.0,Mumbai,Apartment,26660000.0
1095.0,2,2.0,3,2.0,3.0,Pune,Independent House,15920000.0
951.0,1,1.0,1,0.0,4.0,Mumbai,Apartment,14980000.0
1560.0,3,2.0,1,1.0,11.0,Hyderabad,Apartment,14310000.0
3823.0,6,5.0,3,2.0,1.0,Delhi,Villa,94790000.0
1978.0,3,3.0,3,3.0,9.0,Pune,Villa,25740000.0
1345.0,2,2.0,1,0.0,24.0,Delhi,Apartment,12890000.0
2063.0,3,2.0,2,0.0,2.0,Pune,Independent House,29950000.0
1879.0,3,3.0,1,1.0,38.0,Delhi,Apartment,18520000.0
846.0,1,1.0,2,1.0,34.0,Pune,Apartment,6910000.0
1811.0,3,2.0,2,1.0,42.0,Bangalore,Apartment,15710000.0
1186.0,2,1.0,1,1.0,43.0,Hyderabad,Apartment,8260000.0
1522.0,2,1.0,2,2.0,11.0,Pune,Apartment,16120000.0
2211.0,4,4.0,1,0.0,4.0,Delhi,Independent House,32970000.0
2691.0,5,5.0,2,3.0,42.0,Hyderabad,Villa,28000000.0
1671.0,3,3.0,2,2.0,19.0,Hyderabad,Apartment,15230000.0
1608.0,3,2.0,2,1.0,4.0,Mumbai,Apartment,31960000.0
1079.0,2,2.0,2,0.0,38.0,Mumbai,Independent House,14770000.0
4338.0,6,5.0,1,1.0,22.0,Pune,Villa,53060000.0
1783.0,3,3.0,1,0.0,22.0,Bangalore,Apartment,16970000.0
983.0,2,2.0,2,2.0,17.0,Delhi,Apartment,14370000.0
960.0,1,1.0,2,2.0,22.0,Delhi,Independent House,14380000.0
1201.0,2,2.0,1,0.0,5.0,Mumbai,Apartment,22060000.0
1526.0,3,2.0,2,1.0,16.0,Mumbai,Apartment,30380000.0
1374.0,2,1.0,2,1.0,30.0,Chennai,Independent House,12790000.0
948.0,1,1.0,1,2.0,,Kolkata,Apartment,5950000.0
2264.0,4,4.0,1,1.0,21.0,Pune,Independent House,22530000.0
2218.0,4,4.0,1,0.0,7.0,Bangalore,Independent House,23980000.0
1005.0,2,1.0,2,0.0,43.0,Chennai,Apartment,8500000.0
1540.0,3,3.0,1,2.0,20.0,Bangalore,Villa,22380000.0
2246.0,4,3.0,1,2.0,33.0,Kolkata,Independent House,13970000.0
1311.0,2,1.0,2,,4.0,Bangalore,Apartment,14080000.0
3765.0,6,5.0,2,3.0,16.0,Chennai,Villa,55580000.0
1160.0,2,1.0,2,2.0,26.0,Hyderabad,Apartment,10710000.0
2012.0,3,2.0,3,1.0,32.0,Pune,Independent House,19520000.0
683.0,1,1.0,1,1.0,38.0,Bangalore,Apartment,6270000.0
1033.0,2,2.0,1,0.0,1.0,Bangalore,Apartment,12640000.0
1268.0,2,2.0,2,0.0,42.0,Hyderabad,Apartment,8040000.0
1809.0,3,3.0,1,2.0,23.0,Pune,Independent House,19310000.0
1075.0,2,1.0,1,0.0,34.0,Mumbai,Apartment,15480000.0
1435.0,2,2.0,2,1.0,36.0,Bangalore,Apartment,12080000.0
973.0,1,1.0,1,,30.0,Mumbai,Apartment,15330000.0
1664.0,3,3.0,2,2.0,4.0,Delhi,Apartment,22400000.0
1375.0,2,2.0,1,1.0,27.0,Delhi,Apartment,15900000.0
1206.0,2,1.0,2,1.0,16.0,Mumbai,Apartment,18490000.0
2137.0,4,3.0,2,3.0,14.0,Chennai,Villa,30020000.0
1185.0,2,2.0,1,1.0,17.0,Kolkata,Apartment,9670000.0
1078.0,2,2.0,3,0.0,34.0,Hyderabad,Independent House,8990000.0
2343.0,4,3.0,3,0.0,5.0,Hyderabad,Independent House,30670000.0
1099.0,2,1.0,2,1.0,43.0,Hyderabad,Apartment,7650000.0
1327.0,2,1.0,1,0.0,31.0,Pune,Apartment,10360000.0
1707.0,3,2.0,1,1.0,16.0,Bangalore,Apartment,18810000.0
3693.0,6,5.0,1,1.0,36.0,Pune,Villa,39540000.0
1178.0,2,2.0,1,1.0,13.0,Hyderabad,Apartment,10630000.0
1404.0,2,1.0,2,0.0,41.0,Hyderabad,Independent House,12130000.0
1033.0,2,1.0,1,1.0,13.0,Bangalore,Apartment,10610000.0
653.0,1,1.0,1,0.0,,Bangalore,Apartment,8530000.0
1532.0,3,2.0,3,1.0,34.0,Mumbai,Independent House,27100000.0
1170.0,2,1.0,2,1.0,40.0,Mumbai,Apartment,16630000.0
1112.0,2,1.0,1,1.0,36.0,Delhi,Independent House,13210000.0
2919.0,5,5.0,1,2.0,34.0,Delhi,Villa,45260000.0
1555.0,3,3.0,2,0.0,33.0,Hyderabad,Apartment,11260000.0
910.0,1,1.0,1,0.0,4.0,Mumbai,Apartment,15370000.0
2966.0,5,4.0,3,1.0,44.0,Delhi,Villa,52700000.0
1852.0,3,3.0,2,0.0,11.0,Bangalore,Apartment,19770000.0
939.0,1,1.0,1,1.0,44.0,Kolkata,Apartment,5290000.0
2815.0,5,5.0,3,3.0,33.0,Bangalore,Villa,36760000.0
1280.0,2,2.0,1,2.0,21.0,Delhi,Apartment,19320000.0
2556.0,4,3.0,2,0.0,8.0,Mumbai,Independent House,49960000.0
1632.0,3,3.0,2,1.0,30.0,Hyderabad,Apartment,14320000.0
853.0,1,1.0,2,0.0,40.0,Pune,Apartment,6940000.0
1295.0,2,2.0,2,0.0,30.0,Mumbai,Apartment,20610000.0
3630.0,6,5.0,1,1.0,28.0,Kolkata,Villa,31260000.0
1518.0,2,1.0,1,2.0,4.0,Bangalore,Apartment,19730000.0
2399.0,4,3.0,3,1.0,28.0,Hyderabad,Independent House,20630000.0
1581.0,3,2.0,1,1.0,22.0,Bangalore,Apartment,16180000.0
1239.0,2,1.0,2,1.0,16.0,Delhi,Independent House,15710000.0
1273.0,2,1.0,2,1.0,18.0,Bangalore,Apartment,13590000.0
835.0,1,1.0,1,1.0,31.0,Delhi,Apartment,7670000.0
1879.0,3,2.0,3,0.0,16.0,Bangalore,Independent House,20540000.0
1061.0,2,2.0,1,1.0,37.0,Mumbai,Apartment,15030000.0
1772.0,3,2.0,2,0.0,1.0,Mumbai,Independent House,42400000.0
2848.0,5,4.0,3,3.0,7.0,Chennai,Villa,40050000.0
2030.0,3,2.0,1,1.0,10.0,Delhi,Apartment,29770000.0
2285.0,4,3.0,3,2.0,37.0,Kolkata,Villa,19670000.0
1069.0,2,1.0,2,0.0,42.0,Bangalore,Apartment,8610000.0
1606.0,3,3.0,2,0.0,11.0,Mumbai,Apartment,27860000.0
1089.0,2,2.0,3,1.0,42.0,Bangalore,Independent House,10310000.0
999.0,2,1.0,1,1.0,19.0,Bangalore,Apartment,11300000.0
679.0,1,1.0,1,2.0,39.0,Mumbai,Apartment,8860000.0
1467.0,2,2.0,2,0.0,3.0,Mumbai,Apartment,24090000.0
1445.0,2,2.0,1,2.0,37.0,Hyderabad,Villa,15110000.0
1442.0,2,1.0,3,1.0,27.0,Chennai,Independent House,12570000.0
839.0,1,1.0,2,0.0,16.0,Mumbai,Apartment,13620000.0
1197.0,2,1.0,1,2.0,34.0,Mumbai,Apartment,14240000.0
988.0,2,1.0,1,2.0,26.0,Mumbai,Apartment,15220000.0
1165.0,2,1.0,2,1.0,13.0,Hyderabad,Apartment,11660000.0
687.0,1,1.0,2,1.0,36.0,Delhi,Apartment,8180000.0
2171.0,4,3.0,2,2.0,19.0,Mumbai,Villa,46300000.0
1730.0,3,2.0,1,,29.0,Hyderabad,Independent House,15410000.0
994.0,2,2.0,2,0.0,8.0,Delhi,Apartment,13260000.0
2332.0,4,3.0,3,3.0,27.0,Delhi,Villa,44350000.0
2794.0,5,4.0,2,1.0,8.0,Mumbai,Villa,80010000.0
1269.0,2,2.0,2,1.0,11.0,Delhi,Apartment,15650000.0
1628.0,3,2.0,2,2.0,3.0,Hyderabad,Apartment,14740000.0
1180.0,2,1.0,2,1.0,11.0,Kolkata,Apartment,10210000.0
2183.0,4,3.0,1,3.0,27.0,Bangalore,Villa,28530000.0
1925.0,3,2.0,2,1.0,15.0,Chennai,Apartment,20860000.0
1990.0,3,2.0,3,,36.0,Mumbai,Independent House,33360000.0
1030.0,2,1.0,2,1.0,31.0,Kolkata,Apartment,7470000.0
978.0,2,2.0,1,1.0,14.0,Bangalore,Apartment,12890000.0
1758.0,3,2.0,2,1.0,34.0,Pune,Apartment,12590000.0
832.0,1,1.0,2,2.0,27.0,Kolkata,Apartment,6410000.0
1790.0,3,2.0,1,1.0,40.0,Delhi,Apartment,18780000.0
1592.0,3,2.0,2,1.0,12.0,Mumbai,Apartment,28760000.0
1601.0,3,2.0,1,0.0,29.0,Delhi,Apartment,18450000.0
1557.0,3,3.0,1,0.0,19.0,Pune,Apartment,13530000.0
1487.0,2,2.0,1,1.0,33.0,Mumbai,Apartment,20710000.0
1905.0,3,2.0,2,2.0,32.0,Bangalore,Apartment,16840000.0
3550.0,6,5.0,3,2.0,17.0,Delhi,Villa,54770000.0
1702.0,3,2.0,3,1.0,15.0,Mumbai,Villa,44060000.0
2132.0,4,4.0,1,1.0,28.0,Mumbai,Villa,37260000.0
2024.0,3,,2,0.0,9.0,Delhi,Apartment,28270000.0
964.0,1,1.0,2,1.0,36.0,Bangalore,Apartment,12170000.0
2524.0,4,4.0,3,1.0,219.0,Mumbai,Independent House,56650000.0
1739.0,3,2.0,1,1.0,7.0,Pune,Independent House,19190000.0
2092.0,4,4.0,2,1.0,38.0,Pune,Apartment,14950000.0
1249.0,2,2.0,1,1.0,32.0,Kolkata,Apartment,8380000.0
1290.0,2,2.0,1,1.0,30.0,Bangalore,Apartment,11960000.0
3474.0,6,5.0,2,1.0,28.0,Delhi,Villa,57050000.0
1385.0,2,1.0,1,2.0,38.0,Mumbai,Apartment,18800000.0
2295.0,4,4.0,2,0.0,25.0,Delhi,Independent House,26740000.0
734.0,1,1.0,1,2.0,257.0,Mumbai,Apartment,12760000.0
1242.0,2,2.0,1,0.0,7.0,,Apartment,15830000.0
960.0,1,1.0,2,1.0,32.0,Delhi,Apartment,10310000.0
1762.0,3,2.0,1,2.0,43.0,Chennai,Independent House,14290000.0
2985.0,5,5.0,3,3.0,24.0,Chennai,Villa,37300000.0
874.0,1,1.0,2,1.0,35.0,Bangalore,Apartment,8350000.0
1735.0,3,2.0,1,1.0,14.0,Hyderabad,Apartment,16490000.0
1077.0,2,1.0,2,2.0,29.0,Mumbai,Apartment,15910000.0
1365.0,2,1.0,2,1.0,25.0,Delhi,Apartment,15590000.0
1217.0,2,1.0,1,2.0,10.0,Delhi,Apartment,18680000.0
1547.0,3,2.0,1,0.0,9.0,Kolkata,Apartment,14540000.0
1260.0,2,1.0,2,1.0,9.0,Mumbai,Apartment,21950000.0
1673.0,3,3.0,1,2.0,38.0,Bangalore,Apartment,14040000.0
1038.0,2,1.0,1,0.0,1.0,Hyderabad,Apartment,11270000.0
1166.0,2,2.0,2,1.0,45.0,Mumbai,Apartment,13450000.0
1006.0,2,1.0,2,1.0,39.0,Bangalore,Apartment,8970000.0
686.0,1,1.0,2,0.0,9.0,Chennai,Apartment,6930000.0
1553.0,3,3.0,2,0.0,42.0,Mumbai,Apartment,21170000.0
791.0,1,1.0,1,2.0,36.0,Bangalore,Apartment,7800000.0
1664.0,3,2.0,3,1.0,9.0,Mumbai,Independent House,33520000.0
1251.0,2,2.0,2,0.0,15.0,Pune,Apartment,14280000.0
1338.0,2,2.0,3,1.0,24.0,Bangalore,Independent House,15400000.0
1948.0,3,2.0,3,1.0,7.0,Chennai,Independent House,20700000.0
3298.0,6,5.0,1,2.0,,Bangalore,Villa,48690000.0
886.0,1,1.0,2,1.0,37.0,Kolkata,Apartment,6000000.0
2455.0,4,3.0,1,1.0,17.0,Delhi,Independent House,34430000.0
2234.0,4,3.0,3,0.0,42.0,Mumbai,Independent House,32010000.0
1878.0,3,3.0,2,2.0,21.0,Pune,Apartment,16750000.0
500.0,1,1.0,1,0.0,0.0,Bangalore,Independent House,7570000.0
1386.0,2,1.0,2,1.0,0.0,Mumbai,Apartment,28350000.0
2896.0,5,5.0,3,2.0,42.0,Mumbai,Villa,50510000.0
1781.0,3,3.0,2,2.0,2.0,Chennai,Independent House,22750000.0
1665.0,3,2.0,1,1.0,22.0,Delhi,Apartment,18290000.0
1399.0,2,1.0,1,1.0,15.0,Pune,Apartment,12220000.0
1205.0,2,2.0,2,1.0,32.0,,Apartment,12750000.0
2699.0,5,4.0,3,2.0,16.0,Delhi,Independent House,36140000.0
4058.0,6,5.0,1,2.0,37.0,Bangalore,Villa,39390000.0
2251.0,4,4.0,1,2.0,25.0,Pune,Villa,25440000.0
3863.0,6,5.0,3,1.0,10.0,Chennai,Villa,50270000.0
1350.0,2,2.0,2,1.0,30.0,Mumbai,Apartment,23750000.0
2014.0,3,2.0,3,0.0,7.0,Delhi,Independent House,30370000.0
1175.0,2,1.0,2,1.0,44.0,Kolkata,Apartment,7200000.0
1733.0,3,3.0,2,1.0,41.0,Kolkata,Apartment,10760000.0
2464.0,4,4.0,3,2.0,1.0,Mumbai,Independent House,64520000.0
1511.0,2,1.0,1,1.0,17.0,Hyderabad,Apartment,15050000.0
923.0,1,1.0,2,1.0,38.0,Delhi,Apartment,10850000.0
1856.0,3,3.0,2,2.0,36.0,Pune,Apartment,14780000.0
1336.0,2,1.0,1,2.0,14.0,Bangalore,Apartment,15470000.0
1908.0,3,2.0,1,1.0,20.0,Bangalore,Apartment,18680000.0
906.0,1,1.0,1,1.0,28.0,Bangalore,Apartment,8570000.0
1700.0,3,2.0,2,1.0,30.0,Delhi,Independent House,24510000.0
2357.0,4,3.0,1,2.0,25.0,Bangalore,Independent House,20020000.0
2623.0,4,4.0,1,2.0,33.0,Mumbai,Villa,52260000.0
1566.0,3,3.0,2,0.0,23.0,Bangalore,Apartment,15560000.0
1247.0,2,1.0,2,1.0,37.0,Bangalore,Apartment,11380000.0
980.0,2,2.0,2,0.0,35.0,Mumbai,Apartment,13900000.0
1462.0,2,1.0,1,1.0,11.0,Delhi,Apartment,18820000.0
1400.0,2,2.0,2,1.0,11.0,Mumbai,Apartment,23430000.0
2207.0,4,3.0,2,0.0,2.0,Mumbai,Independent House,53430000.0
1088.0,2,2.0,2,2.0,10.0,Kolkata,Apartment,8690000.0
1046.0,2,2.0,1,1.0,12.0,Bangalore,Apartment,12080000.0
1920.0,3,2.0,1,2.0,,Mumbai,Apartment,30810000.0
948.0,1,1.0,2,0.0,17.0,Bangalore,Independent House,12380000.0
3062.0,5,4.0,3,1.0,21.0,Hyderabad,Villa,33050000.0
1385.0,2,1.0,2,1.0,15.0,Hyderabad,Apartment,13600000.0
1780.0,3,3.0,2,1.0,16.0,Bangalore,Independent House,24380000.0
1312.0,2,2.0,1,2.0,30.0,Pune,Apartment,12340000.0
2190.0,4,4.0,3,1.0,39.0,Delhi,Independent House,21650000.0
1490.0,2,2.0,3,2.0,44.0,Bangalore,Independent House,13270000.0
1000.0,2,2.0,2,,31.0,Chennai,Independent House,10480000.0
1753.0,3,2.0,2,1.0,21.0,Chennai,Villa,24640000.0
2611.0,4,4.0,2,1.0,0.0,Pune,Villa,33850000.0
1203.0,2,2.0,1,2.0,1.0,Mumbai,Apartment,26300000.0
1173.0,2,2.0,2,2.0,36.0,Chennai,Apartment,9220000.0
1840.0,3,3.0,2,0.0,13.0,Delhi,Independent House,26080000.0
3748.0,6,5.0,3,,39.0,Delhi,Villa,51710000.0
2333.0,4,3.0,1,1.0,21.0,Delhi,Villa,35110000.0
3129.0,5,5.0,1,2.0,34.0,Delhi,Villa,49110000.0
763.0,1,1.0,3,0.0,44.0,Hyderabad,Independent House,5820000.0
1620.0,3,2.0,2,1.0,41.0,Kolkata,Apartment,11470000.0
975.0,2,1.0,1,1.0,27.0,Mumbai,Apartment,13410000.0
1256.0,2,2.0,3,1.0,34.0,Bangalore,Independent House,12250000.0
2429.0,4,4.0,2,1.0,4.0,Mumbai,Villa,57070000.0
1590.0,3,3.0,2,1.0,29.0,Mumbai,Apartment,21250000.0
1565.0,3,2.0,2,2.0,34.0,Kolkata,Apartment,11690000.0
2367.0,4,4.0,1,1.0,,Chennai,Independent House,22290000.0
1933.0,3,2.0,3,1.0,21.0,Delhi,Independent House,26250000.0
1178.0,2,1.0,1,1.0,1.0,Mumbai,Apartment,20640000.0
500.0,1,1.0,2,2.0,43.0,Hyderabad,Apartment,4680000.0
500.0,1,1.0,2,1.0,16.0,Pune,Apartment,4620000.0
965.0,1,1.0,2,2.0,33.0,Kolkata,Apartment,5860000.0
764.0,1,1.0,2,0.0,14.0,Delhi,Apartment,10410000.0
1086.0,2,1.0,1,1.0,,Bangalore,Apartment,13820000.0
1092.0,2,2.0,1,0.0,25.0,Pune,Apartment,9680000.0
511.0,1,1.0,2,1.0,41.0,Chennai,Independent House,4440000.0
1606.0,3,2.0,1,1.0,17.0,Bangalore,Apartment,20150000.0
2297.0,4,3.0,3,0.0,23.0,Chennai,Independent House,23430000.0
1120.0,2,2.0,1,1.0,23.0,Pune,Apartment,9660000.0
1532.0,3,3.0,2,1.0,1.0,Pune,Apartment,18160000.0
1556.0,3,3.0,1,2.0,13.0,Mumbai,Apartment,26180000.0
1795.0,3,3.0,3,1.0,25.0,Delhi,Independent House,21070000.0
1464.0,2,1.0,1,1.0,1.0,Delhi,Apartment,23910000.0
1361.0,2,2.0,2,1.0,33.0,Chennai,Apartment,11190000.0
925.0,1,1.0,1,1.0,42.0,Mumbai,Apartment,12830000.0
1322.0,2,2.0,2,0.0,3.0,Mumbai,Apartment,19310000.0
1744.0,3,2.0,2,2.0,22.0,Chennai,Apartment,14840000.0
1099.0,2,1.0,1,2.0,39.0,Mumbai,Apartment,12360000.0
2331.0,4,,2,0.0,0.0,Delhi,Independent House,42170000.0
2145.0,4,4.0,2,2.0,21.0,Delhi,Independent House,27920000.0
2048.0,3,3.0,2,1.0,,Hyderabad,Independent House,21000000.0
1056.0,2,2.0,1,2.0,2.0,Chennai,Independent House,12200000.0
1055.0,2,1.0,1,1.0,16.0,Mumbai,Apartment,18240000.0
1545.0,3,2.0,2,1.0,4.0,Delhi,Independent House,24750000.0
2173.0,4,3.0,2,1.0,22.0,Hyderabad,Independent House,18360000.0
2594.0,4,3.0,1,1.0,7.0,Hyderabad,Independent House,30270000.0
1738.0,3,3.0,2,1.0,44.0,Delhi,Apartment,19210000.0
856.0,1,1.0,1,1.0,28.0,Pune,Apartment,7310000.0
2410.0,4,4.0,3,1.0,1.0,Bangalore,Independent House,35640000.0
2343.0,4,4.0,1,0.0,11.0,Mumbai,Independent House,52800000.0
1303.0,2,2.0,1,2.0,1.0,Kolkata,Apartment,11080000.0
1058.0,2,2.0,1,0.0,0.0,Bangalore,Apartment,12530000.0
1255.0,2,2.0,1,0.0,9.0,Mumbai,Apartment,21920000.0
1037.0,2,1.0,1,1.0,32.0,Bangalore,Apartment,10670000.0
1571.0,3,3.0,3,0.0,17.0,Kolkata,Independent House,12670000.0
1154.0,2,2.0,1,1.0,4.0,Bangalore,Apartment,12440000.0
1518.0,2,2.0,3,0.0,26.0,Mumbai,Independent House,24420000.0
3736.0,6,5.0,2,1.0,27.0,Delhi,Villa,54550000.0
2106.0,4,4.0,1,2.0,19.0,Mumbai,Independent House,37340000.0
1225.0,2,2.0,1,1.0,22.0,Chennai,Apartment,11710000.0
2082.0,4,4.0,2,1.0,25.0,Bangalore,Independent House,23410000.0
1845.0,3,2.0,1,,45.0,Bangalore,Independent House,18090000.0
2115.0,4,4.0,2,1.0,14.0,Chennai,Independent House,18610000.0
1498.0,2,1.0,2,0.0,20.0,Delhi,Independent House,20140000.0
3072.0,5,4.0,1,,41.0,Mumbai,Villa,60590000.0
1316.0,2,2.0,1,1.0,2.0,Mumbai,Apartment,22220000.0
1506.0,2,2.0,1,1.0,5.0,Delhi,Apartment,22370000.0
1900.0,3,2.0,1,2.0,24.0,Bangalore,Apartment,19070000.0
1942.0,3,2.0,3,0.0,42.0,Mumbai,Independent House,23330000.0
2527.0,4,3.0,3,1.0,6.0,Chennai,Independent House,30580000.0
1479.0,2,2.0,2,1.0,4.0,Chennai,Independent House,18680000.0
1313.0,2,,1,0.0,31.0,Mumbai,Apartment,15780000.0
2394.0,4,,3,1.0,8.0,Mumbai,Independent House,57580000.0
1400.0,2,1.0,2,2.0,44.0,Mumbai,Independent House,22360000.0
1467.0,2,2.0,2,1.0,17.0,Mumbai,Independent House,25470000.0
1287.0,2,2.0,1,2.0,1.0,Hyderabad,Apartment,12060000.0
946.0,1,1.0,1,0.0,9.0,Delhi,Apartment,11480000.0
1993.0,3,3.0,2,1.0,17.0,Delhi,Apartment,26110000.0
1036.0,2,2.0,1,0.0,11.0,Delhi,Apartment,14480000.0
884.0,1,1.0,1,0.0,13.0,Mumbai,Independent House,16710000.0
1333.0,2,1.0,2,1.0,1.0,Delhi,Apartment,17950000.0
1301.0,2,2.0,1,2.0,25.0,Kolkata,Apartment,8320000.0
2528.0,4,4.0,2,2.0,45.0,Hyderabad,Villa,23530000.0
932.0,1,1.0,1,1.0,1.0,Delhi,Apartment,15130000.0
2031.0,3,2.0,2,1.0,1.0,Mumbai,Independent House,43100000.0
1185.0,2,1.0,2,0.0,8.0,Bangalore,Apartment,12240000.0
1054.0,2,2.0,1,1.0,27.0,Bangalore,Apartment,10680000.0
1661.0,3,3.0,3,1.0,41.0,Chennai,Independent House,14020000.0
1356.0,2,2.0,1,1.0,33.0,Hyderabad,Apartment,11960000.0
1022.0,2,2.0,1,1.0,43.0,Delhi,Apartment,10550000.0
1747.0,3,2.0,2,1.0,21.0,Bangalore,Independent House,20830000.0
905.0,1,1.0,2,1.0,31.0,Bangalore,Apartment,8130000.0
791.0,1,1.0,2,0.0,3.0,Chennai,Apartment,8890000.0
817.0,1,1.0,1,1.0,13.0,Mumbai,Apartment,15000000.0
1688.0,3,2.0,2,1.0,1.0,Mumbai,Independent House,33510000.0
1257.0,2,1.0,1,0.0,43.0,Delhi,Apartment,15340000.0
3572.0,6,5.0,1,2.0,18.0,Mumbai,Villa,82990000.0
988.0,2,2.0,1,1.0,8.0,Delhi,Apartment,14580000.0
1376.0,2,2.0,1,0.0,36.0,Chennai,Apartment,10830000.0
1183.0,2,2.0,3,1.0,41.0,Delhi,Independent House,13890000.0
962.0,1,1.0,1,1.0,24.0,Mumbai,Apartment,14570000.0
2686.0,5,4.0,1,3.0,9.0,Bangalore,Villa,38250000.0
500.0,1,1.0,1,0.0,28.0,Chennai,Apartment,4970000.0
974.0,1,1.0,1,0.0,27.0,Delhi,Apartment,10940000.0
2051.0,3,2.0,1,1.0,22.0,Mumbai,Apartment,29850000.0
1257.0,2,1.0,1,1.0,26.0,Mumbai,Apartment,18860000.0
1430.0,2,2.0,2,1.0,,Delhi,Independent House,23150000.0
4553.0,6,5.0,3,3.0,12.0,Delhi,Villa,77560000.0
2042.0,3,3.0,2,1.0,16.0,Pune,Independent House,22920000.0
500.0,1,1.0,2,1.0,26.0,Pune,Apartment,4790000.0
1145.0,2,1.0,1,0.0,8.0,Mumbai,Apartment,20200000.0
1261.0,2,1.0,1,1.0,7.0,Kolkata,Apartment,9900000.0
988.0,2,2.0,2,2.0,8.0,Chennai,Apartment,10560000.0
3482.0,6,5.0,3,3.0,20.0,Delhi,Villa,57900000.0
972.0,1,1.0,2,0.0,3.0,Mumbai,Apartment,19400000.0
2919.0,5,5.0,2,2.0,40.0,Chennai,Villa,27800000.0
1749.0,3,2.0,2,1.0,14.0,Bangalore,Apartment,19010000.0
1780.0,3,2.0,1,1.0,23.0,Mumbai,Apartment,27620000.0
1567.0,3,3.0,2,0.0,28.0,Bangalore,Apartment,13150000.0
1367.0,2,2.0,1,2.0,42.0,Mumbai,Apartment,19120000.0
701.0,1,1.0,2,2.0,11.0,Delhi,Apartment,9260000.0
1450.0,2,2.0,1,0.0,26.0,Mumbai,Apartment,19650000.0
962.0,1,1.0,2,2.0,34.0,Mumbai,Apartment,13380000.0
1933.0,3,3.0,2,0.0,5.0,Kolkata,Apartment,16290000.0
1037.0,2,1.0,2,1.0,26.0,Pune,Apartment,11350000.0
1537.0,3,2.0,1,0.0,7.0,Mumbai,Apartment,25560000.0
772.0,1,1.0,2,1.0,20.0,Mumbai,Apartment,13770000.0
1411.0,2,1.0,2,1.0,23.0,Mumbai,Villa,28820000.0
2429.0,4,3.0,1,2.0,30.0,Chennai,Villa,35410000.0
1697.0,3,3.0,1,1.0,2.0,Mumbai,Apartment,33750000.0
843.0,1,1.0,2,0.0,5.0,Kolkata,Apartment,6800000.0
1743.0,3,2.0,2,1.0,2.0,Pune,Apartment,18690000.0
1807.0,3,2.0,2,0.0,16.0,Delhi,Apartment,21850000.0
1270.0,2,1.0,3,1.0,29.0,Chennai,Independent House,12510000.0
1384.0,2,2.0,1,1.0,11.0,Mumbai,Apartment,22030000.0
1061.0,2,2.0,2,0.0,44.0,Hyderabad,Independent House,7430000.0
3929.0,6,5.0,3,1.0,36.0,Pune,Villa,43770000.0
1897.0,3,2.0,1,1.0,7.0,Hyderabad,Apartment,18530000.0
1081.0,2,1.0,3,1.0,40.0,Pune,Independent House,9110000.0
2812.0,5,5.0,1,1.0,40.0,Delhi,Villa,35930000.0
1615.0,3,2.0,1,0.0,33.0,Delhi,Apartment,18280000.0
1051.0,2,2.0,1,2.0,9.0,Chennai,Apartment,10720000.0
1440.0,2,1.0,2,,33.0,Mumbai,Apartment,19570000.0
984.0,2,1.0,1,2.0,,Chennai,Apartment,10070000.0
1391.0,2,2.0,1,0.0,45.0,Mumbai,Apartment,20340000.0
1115.0,2,2.0,2,0.0,26.0,Hyderabad,Apartment,9220000.0
1914.0,3,,1,0.0,18.0,Delhi,Independent House,25920000.0
2085.0,4,3.0,1,2.0,30.0,,Independent House,40490000.0
1855.0,3,2.0,3,0.0,29.0,Delhi,Independent House,23940000.0
889.0,1,1.0,2,2.0,29.0,Kolkata,Apartment,7410000.0
1873.0,3,2.0,1,1.0,16.0,Mumbai,Independent House,35540000.0
1800.0,3,2.0,2,0.0,32.0,Mumbai,Apartment,29880000.0
1499.0,2,1.0,2,2.0,27.0,Hyderabad,Apartment,12200000.0
2779.0,5,4.0,1,2.0,28.0,Kolkata,Villa,27770000.0
1851.0,3,2.0,1,2.0,44.0,Pune,Apartment,12950000.0
1188.0,2,2.0,2,1.0,37.0,Chennai,Apartment,9570000.0
1002.0,2,2.0,2,1.0,6.0,Delhi,Apartment,14980000.0
1001.0,2,1.0,2,0.0,36.0,Delhi,Apartment,10040000.0
1065.0,2,2.0,2,1.0,32.0,Hyderabad,Apartment,8410000.0
2553.0,4,4.0,1,0.0,15.0,Pune,Independent House,28150000.0
1774.0,3,2.0,2,2.0,34.0,Delhi,Independent House,23820000.0
1941.0,3,2.0,1,1.0,43.0,Bangalore,Independent House,21060000.0
1355.0,2,1.0,1,0.0,12.0,Mumbai,Apartment,23050000.0
1234.0,2,1.0,2,0.0,16.0,Bangalore,Independent House,15500000.0
1216.0,2,2.0,2,0.0,24.0,Pune,Apartment,10470000.0
1297.0,2,1.0,2,0.0,17.0,Mumbai,Apartment,19840000.0
1866.0,3,2.0,1,1.0,35.0,Bangalore,Independent House,16170000.0
1352.0,2,,3,0.0,26.0,Mumbai,Independent House,22350000.0
1980.0,3,2.0,1,1.0,31.0,Mumbai,Independent House,29620000.0
1543.0,3,2.0,2,1.0,31.0,Mumbai,Apartment,20310000.0
3118.0,5,4.0,3,2.0,35.0,Pune,Villa,30220000.0
2095.0,4,4.0,2,0.0,29.0,Mumbai,Apartment,29600000.0
996.0,2,2.0,2,1.0,0.0,Chennai,Apartment,13310000.0
532.0,1,1.0,1,0.0,10.0,Pune,Apartment,5130000.0
1520.0,2,1.0,1,0.0,7.0,Hyderabad,Independent House,16520000.0
1670.0,3,3.0,2,1.0,35.0,Bangalore,Apartment,16660000.0
1212.0,2,1.0,1,1.0,18.0,Hyderabad,Apartment,9550000.0
1803.0,3,3.0,2,1.0,34.0,Bangalore,Apartment,15500000.0
1173.0,2,1.0,3,1.0,13.0,Bangalore,Independent House,15060000.0
1787.0,3,2.0,1,2.0,15.0,Mumbai,Apartment,31560000.0
1657.0,3,3.0,1,1.0,1.0,Kolkata,Apartment,15890000.0
1998.0,3,3.0,2,1.0,10.0,Kolkata,Independent House,17180000.0
1675.0,3,3.0,3,1.0,39.0,Mumbai,Independent House,23760000.0
1682.0,3,3.0,3,0.0,26.0,Delhi,Independent House,22290000.0
1865.0,3,2.0,2,3.0,17.0,Pune,Villa,24840000.0
2068.0,3,2.0,2,2.0,9.0,Mumbai,Independent House,39770000.0
1672.0,3,3.0,1,1.0,37.0,Pune,Apartment,12610000.0
2000.0,3,3.0,2,2.0,40.0,Kolkata,Villa,16020000.0
1657.0,3,3.0,2,1.0,12.0,Hyderabad,Independent House,16870000.0
1577.0,3,3.0,1,1.0,38.0,Kolkata,Apartment,10650000.0
1357.0,2,1.0,1,1.0,44.0,Mumbai,Apartment,17680000.0
2225.0,4,4.0,3,1.0,23.0,Delhi,Independent House,30010000.0
1494.0,2,1.0,1,1.0,3.0,Bangalore,Apartment,19460000.0
1060.0,2,2.0,1,1.0,7.0,Mumbai,Apartment,19270000.0
1714.0,3,3.0,1,1.0,41.0,Bangalore,Independent House,18000000.0
1238.0,2,2.0,2,0.0,16.0,Pune,Apartment,12370000.0
2178.0,4,3.0,3,2.0,21.0,Mumbai,Villa,46300000.0
3124.0,5,4.0,1,3.0,12.0,Pune,Villa,38050000.0
1401.0,2,1.0,1,2.0,8.0,Mumbai,Apartment,22260000.0
1998.0,3,2.0,1,0.0,9.0,Kolkata,Independent House,19100000.0
649.0,1,1.0,2,2.0,28.0,Mumbai,Apartment,8060000.0
1188.0,2,1.0,1,0.0,16.0,Bangalore,Apartment,13780000.0
1654.0,3,3.0,1,1.0,21.0,Bangalore,Apartment,18360000.0
2717.0,5,5.0,2,,1.0,Bangalore,Independent House,41100000.0
2067.0,3,2.0,1,0.0,15.0,Hyderabad,Independent House,19480000.0
593.0,1,1.0,1,1.0,21.0,Pune,Apartment,6220000.0
990.0,2,1.0,1,1.0,45.0,Delhi,Apartment,8270000.0
2219.0,4,4.0,1,0.0,36.0,Bangalore,Independent House,23260000.0
2990.0,5,5.0,1,1.0,31.0,Pune,Villa,36060000.0
691.0,1,1.0,1,2.0,19.0,Bangalore,Apartment,7720000.0
4358.0,6,5.0,1,1.0,34.0,Pune,Villa,48290000.0
2134.0,4,4.0,1,0.0,9.0,Delhi,Independent House,33460000.0
3320.0,6,5.0,1,2.0,42.0,Pune,Villa,31110000.0
1122.0,2,1.0,2,2.0,15.0,Mumbai,Apartment,20770000.0
1322.0,2,1.0,1,1.0,2.0,Bangalore,Apartment,16140000.0
2013.0,3,3.0,3,1.0,37.0,Delhi,Independent House,25250000.0
500.0,1,1.0,2,1.0,3.0,Mumbai,Apartment,9480000.0
2867.0,5,5.0,1,1.0,16.0,Bangalore,Villa,44060000.0
1219.0,2,2.0,2,1.0,5.0,Delhi,Apartment,16960000.0
1613.0,3,2.0,2,0.0,2.0,Pune,Apartment,19220000.0
1519.0,2,2.0,1,2.0,39.0,Mumbai,Apartment,20240000.0
2331.0,4,3.0,3,2.0,42.0,Kolkata,Independent House,17730000.0
1655.0,3,3.0,1,0.0,14.0,Hyderabad,Apartment,13290000.0
1538.0,3,2.0,2,1.0,26.0,Bangalore,Apartment,15660000.0
1770.0,3,2.0,2,1.0,40.0,Pune,Independent House,14800000.0
1053.0,2,1.0,2,1.0,3.0,Chennai,Independent House,11420000.0
2230.0,4,3.0,2,1.0,5.0,Bangalore,Independent House,28350000.0
1744.0,3,3.0,2,0.0,44.0,Pune,Apartment,12390000.0
1309.0,2,2.0,2,1.0,7.0,Pune,Apartment,16720000.0
966.0,1,1.0,2,0.0,19.0,Mumbai,Apartment,17280000.0
3407.0,6,5.0,1,1.0,5.0,Mumbai,Villa,83840000.0
1512.0,2,2.0,2,0.0,8.0,Chennai,Apartment,16210000.0
930.0,1,1.0,2,1.0,16.0,Mumbai,Apartment,16270000.0
1165.0,2,2.0,2,1.0,6.0,Hyderabad,Apartment,11540000.0
1464.0,2,2.0,2,0.0,32.0,Mumbai,Apartment,20840000.0
3659.0,6,5.0,1,3.0,41.0,Delhi,Villa,57570000.0
2400.0,4,3.0,2,3.0,22.0,Bangalore,Villa,37010000.0
1254.0,2,2.0,2,1.0,2.0,Kolkata,Apartment,14600000.0
1617.0,3,2.0,1,2.0,41.0,Mumbai,Independent House,25510000.0
2283.0,4,3.0,1,1.0,42.0,Mumbai,Independent House,32710000.0
1584.0,3,2.0,2,1.0,43.0,Pune,Apartment,12890000.0
1172.0,2,1.0,2,1.0,43.0,Delhi,Apartment,11470000.0
1855.0,3,3.0,3,1.0,39.0,Bangalore,Independent House,17970000.0
1118.0,2,2.0,1,0.0,45.0,Kolkata,Apartment,5970000.0
1055.0,2,1.0,3,2.0,21.0,Mumbai,Independent House,17520000.0
2028.0,3,3.0,3,1.0,9.0,Pune,Independent House,25050000.0
1174.0,2,1.0,2,0.0,31.0,Mumbai,Apartment,15790000.0
2609.0,4,4.0,3,1.0,29.0,Mumbai,Villa,56370000.0
1326.0,2,1.0,2,1.0,9.0,Chennai,Apartment,15750000.0
1855.0,3,3.0,2,0.0,17.0,Pune,Apartment,18050000.0
1342.0,2,2.0,3,2.0,13.0,Bangalore,Independent House,16120000.0
3231.0,6,5.0,3,2.0,15.0,Delhi,Villa,58260000.0
2070.0,3,3.0,2,3.0,41.0,Bangalore,Villa,22340000.0
1209.0,2,2.0,2,0.0,37.0,Pune,Apartment,8800000.0
1002.0,2,1.0,1,0.0,0.0,Mumbai,Apartment,20600000.0
1396.0,2,1.0,3,0.0,32.0,Pune,Independent House,11500000.0
864.0,1,1.0,3,2.0,26.0,Bangalore,Independent House,10520000.0
1630.0,3,3.0,2,0.0,17.0,Delhi,Apartment,18640000.0
1914.0,3,2.0,1,1.0,26.0,Pune,Independent House,19650000.0
1077.0,2,2.0,3,1.0,25.0,Mumbai,Independent House,19620000.0
1592.0,3,3.0,1,1.0,27.0,Mumbai,Apartment,23900000.0
764.0,1,1.0,2,1.0,20.0,Kolkata,Apartment,6380000.0
1341.0,2,1.0,2,1.0,30.0,Pune,Apartment,12440000.0
2257.0,4,3.0,3,1.0,43.0,Pune,Villa,24300000.0
2039.0,3,3.0,1,2.0,16.0,Mumbai,Independent House,44110000.0
1395.0,2,1.0,1,2.0,21.0,Kolkata,Apartment,11020000.0
1606.0,3,3.0,1,1.0,13.0,Delhi,Independent House,25670000.0
1169.0,2,1.0,2,0.0,15.0,Kolkata,Apartment,8690000.0
1652.0,3,3.0,2,1.0,2.0,Bangalore,Apartment,20910000.0
2870.0,5,4.0,2,2.0,43.0,Pune,Villa,28830000.0
1365.0,2,2.0,1,1.0,15.0,Delhi,Apartment,18830000.0
1898.0,3,3.0,2,3.0,36.0,Bangalore,Villa,22450000.0
1997.0,3,3.0,2,0.0,0.0,Mumbai,Apartment,37030000.0
2076.0,4,3.0,1,2.0,18.0,Mumbai,Apartment,39670000.0
1336.0,2,2.0,2,1.0,36.0,Hyderabad,Apartment,11670000.0
1254.0,2,2.0,3,1.0,23.0,Mumbai,Independent House,22790000.0
1530.0,3,2.0,1,1.0,,Bangalore,Apartment,16950000.0
1057.0,2,1.0,1,1.0,22.0,Kolkata,Apartment,7940000.0
1650.0,3,3.0,1,1.0,4.0,Delhi,Apartment,24500000.0
1663.0,3,3.0,3,1.0,7.0,Kolkata,Independent House,12750000.0
1671.0,3,3.0,2,2.0,8.0,Mumbai,Apartment,35010000.0
1387.0,2,2.0,2,2.0,32.0,Mumbai,Apartment,17580000.0
871.0,1,1.0,1,1.0,7.0,Chennai,Apartment,7920000.0
1285.0,2,1.0,3,0.0,27.0,Pune,Independent House,10800000.0
1606.0,3,3.0,1,1.0,13.0,Delhi,Independent House,25670000.0
2801.0,5,4.0,3,2.0,5.0,Kolkata,Villa,32310000.0
2381.0,4,4.0,1,0.0,,Hyderabad,Independent House,22890000.0
985.0,2,1.0,2,1.0,9.0,Delhi,Apartment,15710000.0
936.0,1,1.0,1,1.0,27.0,Bangalore,Apartment,8640000.0
2155.0,4,4.0,1,0.0,11.0,Delhi,Independent House,32130000.0
1257.0,2,2.0,1,0.0,16.0,Chennai,Apartment,12950000.0
2174.0,4,4.0,2,2.0,7.0,Pune,Independent House,25720000.0
1383.0,2,2.0,2,1.0,9.0,Bangalore,Apartment,16510000.0
996.0,2,1.0,2,0.0,42.0,Pune,Apartment,9010000.0
1318.0,2,1.0,1,1.0,15.0,Hyderabad,Apartment,12620000.0
1878.0,3,2.0,2,1.0,42.0,Hyderabad,Apartment,12900000.0
1331.0,2,1.0,2,1.0,8.0,Delhi,Apartment,16180000.0
1945.0,3,3.0,3,1.0,7.0,Bangalore,Independent House,26540000.0
2157.0,4,3.0,1,0.0,19.0,Delhi,Apartment,29230000.0
1232.0,2,2.0,2,1.0,24.0,Hyderabad,Apartment,10890000.0
1337.0,2,1.0,1,1.0,45.0,Bangalore,Apartment,10530000.0
1115.0,2,1.0,3,1.0,22.0,Mumbai,Independent House,19430000.0
2752.0,5,4.0,2,2.0,4.0,Bangalore,Independent House,43880000.0
1479.0,2,2.0,2,0.0,4.0,Pune,Independent House,17020000.0
1246.0,2,1.0,2,1.0,,Bangalore,Apartment,15080000.0
1212.0,2,1.0,2,1.0,36.0,Pune,Apartment,8840000.0
2706.0,5,4.0,1,1.0,34.0,Hyderabad,Independent House,22320000.0
1918.0,3,2.0,1,1.0,4.0,Hyderabad,Independent House,20310000.0
1056.0,2,2.0,1,0.0,1.0,Pune,Apartment,11190000.0
978.0,2,1.0,2,0.0,5.0,Bangalore,Apartment,12820000.0
1449.0,2,2.0,2,2.0,28.0,Bangalore,Independent House,15660000.0
3013.0,5,4.0,1,,43.0,Mumbai,Villa,52260000.0
1308.0,2,2.0,1,0.0,27.0,Mumbai,Apartment,22320000.0
2114.0,4,3.0,2,1.0,37.0,Delhi,Independent House,29990000.0
1909.0,3,3.0,1,1.0,14.0,Bangalore,Apartment,19580000.0
936.0,1,1.0,1,1.0,21.0,Delhi,Apartment,9810000.0
3318.0,6,5.0,3,2.0,10.0,Bangalore,Villa,55090000.0
1942.0,3,2.0,2,1.0,42.0,Mumbai,Independent House,23560000.0
1123.0,2,2.0,2,2.0,22.0,Mumbai,Apartment,20290000.0
1792.0,3,3.0,1,0.0,1.0,Hyderabad,Apartment,20910000.0
1431.0,2,2.0,1,2.0,32.0,Mumbai,Apartment,18800000.0
1398.0,2,1.0,1,0.0,22.0,Mumbai,Apartment,22790000.0
990.0,2,1.0,2,2.0,3.0,Pune,Apartment,10150000.0
754.0,1,1.0,1,2.0,28.0,Delhi,Apartment,9360000.0
1092.0,2,1.0,1,0.0,25.0,Bangalore,Apartment,10570000.0
1271.0,2,1.0,2,1.0,43.0,Hyderabad,Apartment,9670000.0
1542.0,3,2.0,1,0.0,17.0,Chennai,Independent House,14880000.0
1389.0,2,2.0,1,1.0,0.0,Mumbai,Apartment,32450000.0
983.0,2,2.0,2,2.0,5.0,Mumbai,Apartment,17950000.0
1107.0,2,2.0,2,1.0,34.0,Mumbai,Apartment,15030000.0
1127.0,2,1.0,1,2.0,4.0,Delhi,Independent House,17630000.0
1525.0,2,1.0,1,1.0,18.0,Mumbai,Apartment,22220000.0
2253.0,4,,2,1.0,10.0,Bangalore,Independent House,29730000.0
2217.0,4,3.0,3,0.0,20.0,Chennai,Independent House,24340000.0
1688.0,3,3.0,2,,24.0,Chennai,Independent House,20090000.0
1450.0,2,2.0,2,0.0,33.0,Mumbai,Apartment,21520000.0
1002.0,2,2.0,2,0.0,9.0,Hyderabad,Apartment,8610000.0
1348.0,2,1.0,2,1.0,12.0,Kolkata,Independent House,10550000.0
3096.0,5,4.0,1,1.0,38.0,Bangalore,Villa,30670000.0
1658.0,3,2.0,2,1.0,35.0,Delhi,Apartment,15980000.0
2328.0,4,4.0,1,2.0,,Chennai,Independent House,20570000.0
907.0,1,1.0,2,1.0,13.0,Mumbai,Apartment,15680000.0
825.0,1,1.0,1,1.0,45.0,Pune,Apartment,4840000.0
2234.0,4,4.0,3,0.0,29.0,Chennai,Independent House,21390000.0
3726.0,6,5.0,3,2.0,33.0,Bangalore,Villa,42960000.0
2335.0,4,3.0,3,0.0,25.0,Delhi,Independent House,34220000.0
1520.0,2,1.0,2,1.0,31.0,Hyderabad,Independent House,13340000.0
2159.0,4,3.0,3,2.0,5.0,Bangalore,Independent House,27530000.0
895.0,1,1.0,2,0.0,45.0,Bangalore,Independent House,7720000.0
1098.0,2,2.0,1,1.0,21.0,Mumbai,Apartment,17070000.0
977.0,2,2.0,2,1.0,24.0,Delhi,Apartment,11840000.0
1320.0,2,2.0,2,0.0,18.0,Pune,Apartment,10640000.0
1512.0,2,1.0,2,1.0,42.0,Delhi,Independent House,18380000.0
1896.0,3,3.0,3,0.0,1.0,Kolkata,Independent House,17670000.0
1248.0,2,2.0,2,0.0,45.0,Mumbai,Apartment,16240000.0
973.0,1,1.0,1,1.0,2.0,Delhi,Apartment,14870000.0
1013.0,2,2.0,1,1.0,24.0,Mumbai,Apartment,15970000.0
1557.0,3,3.0,2,2.0,5.0,Chennai,Independent House,17190000.0
812.0,1,1.0,1,0.0,25.0,Chennai,Apartment,7480000.0
3665.0,6,5.0,1,3.0,22.0,Pune,Villa,39710000.0
1813.0,3,2.0,3,2.0,25.0,Mumbai,Villa,33860000.0
2489.0,4,4.0,1,1.0,23.0,Pune,Independent House,27590000.0
1544.0,3,2.0,1,1.0,12.0,Pune,Apartment,14780000.0
1150.0,2,1.0,1,1.0,18.0,Hyderabad,Apartment,10470000.0
1629.0,3,2.0,2,2.0,45.0,Kolkata,Independent House,9520000.0
1678.0,3,2.0,1,1.0,25.0,Kolkata,Apartment,12270000.0
1362.0,2,2.0,1,1.0,33.0,Delhi,Apartment,16230000.0
1006.0,2,2.0,2,1.0,11.0,Mumbai,Apartment,16890000.0
1416.0,2,1.0,2,,0.0,Kolkata,Apartment,11000000.0
2091.0,4,3.0,1,2.0,17.0,Mumbai,Independent House,41240000.0
1521.0,2,2.0,2,1.0,36.0,Kolkata,Independent House,11630000.0
1015.0,2,1.0,2,1.0,30.0,Delhi,Apartment,11530000.0
1471.0,2,2.0,2,1.0,41.0,Bangalore,Apartment,11770000.0
2638.0,5,4.0,3,0.0,41.0,Delhi,Independent House,33120000.0
1736.0,3,2.0,1,0.0,20.0,Mumbai,Apartment,26880000.0
2751.0,5,4.0,2,2.0,1.0,Chennai,Villa,43260000.0
1090.0,2,1.0,1,1.0,17.0,Hyderabad,Apartment,10070000.0
1856.0,3,2.0,2,1.0,4.0,Delhi,Apartment,26460000.0
1576.0,3,2.0,1,0.0,30.0,Pune,Apartment,11980000.0
1686.0,3,,1,1.0,24.0,Chennai,Independent House,16700000.0
1192.0,2,1.0,2,0.0,,Mumbai,Apartment,20200000.0
796.0,1,1.0,1,1.0,32.0,Mumbai,Apartment,10930000.0
727.0,1,1.0,1,1.0,14.0,Mumbai,Apartment,12870000.0
1749.0,3,3.0,1,1.0,18.0,Hyderabad,Apartment,16200000.0
1173.0,2,1.0,1,1.0,10.0,Bangalore,Apartment,12990000.0
1256.0,2,2.0,3,0.0,7.0,Delhi,Independent House,19910000.0
2315.0,4,3.0,3,2.0,28.0,Mumbai,Independent House,41950000.0
1809.0,3,3.0,2,0.0,13.0,Kolkata,Independent House,15090000.0
1201.0,2,1.0,1,2.0,20.0,Bangalore,Independent House,14290000.0
1793.0,3,3.0,2,,24.0,Kolkata,Apartment,11630000.0
1280.0,2,1.0,2,1.0,30.0,Delhi,Apartment,13440000.0
1177.0,2,2.0,2,1.0,8.0,Mumbai,Apartment,21060000.0
1906.0,3,2.0,2,0.0,35.0,Bangalore,Independent House,19670000.0
3000.0,5,5.0,2,2.0,17.0,Bangalore,Villa,37170000.0
1176.0,2,2.0,2,0.0,31.0,Bangalore,Apartment,11940000.0
807.0,1,1.0,2,1.0,15.0,Mumbai,Apartment,11700000.0
1487.0,2,1.0,1,0.0,31.0,Delhi,Apartment,15130000.0
3126.0,5,5.0,2,3.0,7.0,Chennai,Villa,40740000.0
1154.0,2,1.0,2,0.0,23.0,Bangalore,Apartment,12010000.0
1595.0,3,2.0,1,0.0,31.0,Bangalore,Apartment,15490000.0
2241.0,4,3.0,2,2.0,37.0,Mumbai,Independent House,32400000.0
1578.0,3,3.0,1,1.0,38.0,Delhi,Independent House,16760000.0
1649.0,3,3.0,2,1.0,36.0,Chennai,Apartment,12850000.0
1775.0,3,3.0,2,2.0,43.0,Mumbai,Villa,29360000.0
1041.0,2,2.0,1,2.0,16.0,Delhi,Apartment,13150000.0
1721.0,3,3.0,3,1.0,12.0,Pune,Independent House,19350000.0
3286.0,6,5.0,3,2.0,31.0,Mumbai,Villa,67540000.0
1314.0,2,1.0,1,1.0,43.0,Bangalore,Apartment,11230000.0
2325.0,4,4.0,3,3.0,10.0,Bangalore,Villa,38370000.0
833.0,1,1.0,2,0.0,11.0,Pune,Apartment,8650000.0
2179.0,4,4.0,2,1.0,5.0,Bangalore,Villa,32340000.0
1243.0,2,1.0,2,0.0,2.0,Hyderabad,Apartment,13200000.0
2013.0,3,2.0,2,0.0,18.0,Bangalore,Apartment,24320000.0
2486.0,4,4.0,3,0.0,35.0,Delhi,Independent House,29240000.0
1403.0,2,2.0,2,1.0,21.0,Mumbai,Apartment,25160000.0
773.0,1,1.0,2,0.0,44.0,Kolkata,Apartment,4240000.0
700.0,1,1.0,1,0.0,33.0,Delhi,Apartment,8570000.0
1044.0,2,1.0,1,1.0,10.0,Chennai,Apartment,10270000.0
1658.0,3,2.0,1,2.0,19.0,Bangalore,Apartment,16580000.0
2851.0,5,5.0,3,0.0,1.0,Pune,Independent House,39030000.0
1256.0,2,1.0,2,0.0,17.0,Bangalore,Apartment,13850000.0
1115.0,2,2.0,2,1.0,32.0,Delhi,Apartment,11760000.0
3502.0,6,5.0,2,1.0,13.0,Bangalore,Villa,46570000.0
1997.0,3,2.0,2,0.0,26.0,Mumbai,Apartment,33130000.0
763.0,1,1.0,1,1.0,28.0,Bangalore,Apartment,8590000.0
2022.0,3,3.0,3,1.0,2.0,Pune,Independent House,24260000.0
1902.0,3,2.0,2,1.0,2.0,Mumbai,Independent House,40270000.0
1487.0,2,2.0,2,2.0,43.0,Mumbai,Apartment,19150000.0
1542.0,3,3.0,1,1.0,31.0,Delhi,Independent House,20470000.0
1428.0,2,1.0,1,0.0,8.0,Mumbai,Apartment,24400000.0
1273.0,2,2.0,3,1.0,37.0,Delhi,Independent House,17160000.0
1123.0,2,1.0,3,2.0,5.0,Hyderabad,Independent House,14340000.0
1372.0,2,2.0,2,2.0,,Hyderabad,Apartment,10580000.0
1687.0,3,3.0,1,1.0,28.0,Mumbai,Apartment,32130000.0
2000.0,3,3.0,2,0.0,44.0,Mumbai,Independent House,26080000.0
2921.0,5,4.0,2,2.0,3.0,Chennai,Villa,39570000.0
2421.0,4,3.0,3,1.0,13.0,Mumbai,Independent House,47100000.0
1419.0,2,1.0,2,0.0,17.0,Hyderabad,Apartment,12900000.0
729.0,1,1.0,2,2.0,12.0,Mumbai,Apartment,11390000.0
1266.0,2,1.0,1,1.0,11.0,Chennai,Apartment,13700000.0
1974.0,3,,2,1.0,34.0,Hyderabad,Independent House,18910000.0
1609.0,3,2.0,1,2.0,15.0,Delhi,Apartment,18350000.0
2400.0,4,3.0,2,3.0,22.0,Bangalore,Villa,37010000.0
2732.0,5,5.0,3,2.0,12.0,Bangalore,Villa,37260000.0
3217.0,6,5.0,1,1.0,22.0,Delhi,Villa,66980000.0
2831.0,5,4.0,2,,19.0,Mumbai,Villa,68500000.0
1054.0,2,1.0,1,2.0,42.0,Bangalore,Apartment,9090000.0
1187.0,2,2.0,1,1.0,37.0,Pune,Apartment,8700000.0
1683.0,3,2.0,2,2.0,28.0,Pune,Independent House,14890000.0
1535.0,3,2.0,2,,7.0,Hyderabad,Apartment,12410000.0
1962.0,3,3.0,2,1.0,5.0,Chennai,Independent House,23110000.0
1996.0,3,3.0,2,1.0,21.0,Kolkata,Independent House,16020000.0
2955.0,5,5.0,2,1.0,38.0,Delhi,Villa,40640000.0
1439.0,2,1.0,2,1.0,40.0,Pune,Apartment,10080000.0
2207.0,4,3.0,2,1.0,38.0,Mumbai,Independent House,33540000.0
1865.0,3,3.0,2,1.0,31.0,Kolkata,Independent House,14050000.0
1242.0,2,1.0,1,1.0,19.0,Delhi,Apartment,15010000.0
1296.0,2,2.0,2,0.0,37.0,Hyderabad,Apartment,11130000.0
724.0,1,1.0,2,0.0,0.0,Bangalore,Apartment,9640000.0
1027.0,2,2.0,2,1.0,7.0,Delhi,Apartment,16030000.0
1709.0,3,3.0,2,1.0,31.0,Delhi,Independent House,20910000.0
1146.0,2,2.0,2,0.0,16.0,Pune,Apartment,11640000.0
1106.0,2,1.0,1,1.0,29.0,Hyderabad,Apartment,7670000.0
1690.0,3,3.0,1,1.0,22.0,Mumbai,Independent House,28570000.0
1777.0,3,2.0,1,1.0,4.0,Pune,Independent House,24460000.0
1079.0,2,1.0,2,1.0,38.0,Mumbai,Apartment,15970000.0
1966.0,3,2.0,1,2.0,13.0,Pune,Independent House,20050000.0
1904.0,3,3.0,1,0.0,23.0,Bangalore,Apartment,18540000.0
2503.0,4,3.0,3,0.0,3.0,Bangalore,Independent House,32040000.0
1242.0,2,1.0,1,1.0,30.0,Mumbai,Apartment,19530000.0
1201.0,2,2.0,1,1.0,16.0,Delhi,Independent House,16430000.0
1114.0,2,2.0,1,1.0,19.0,Chennai,Apartment,9710000.0
2638.0,5,5.0,1,3.0,15.0,Delhi,Villa,47880000.0
1781.0,3,2.0,3,1.0,42.0,Delhi,Independent House,21630000.0
1749.0,3,2.0,1,1.0,43.0,Chennai,Apartment,13000000.0
1361.0,2,1.0,3,1.0,10.0,Delhi,Independent House,19540000.0
1797.0,3,3.0,1,1.0,13.0,Pune,Independent House,22670000.0
1548.0,3,3.0,2,,7.0,Chennai,Independent House,20680000.0
1338.0,2,2.0,2,1.0,23.0,Delhi,Apartment,18220000.0
1551.0,3,3.0,1,1.0,19.0,Mumbai,Apartment,27430000.0
2288.0,4,4.0,3,2.0,45.0,Delhi,Independent House,24160000.0
3538.0,6,5.0,1,1.0,26.0,Pune,Villa,43130000.0
2581.0,4,3.0,1,0.0,13.0,Delhi,Independent House,38340000.0
1765.0,3,2.0,1,0.0,,Mumbai,Apartment,25970000.0
2445.0,4,3.0,1,3.0,3.0,Chennai,Villa,32340000.0
1537.0,3,2.0,2,0.0,39.0,Mumbai,Apartment,18260000.0
2565.0,4,4.0,3,2.0,11.0,Chennai,Villa,42460000.0
3474.0,6,5.0,1,2.0,24.0,Chennai,Villa,38090000.0
1776.0,3,3.0,1,2.0,33.0,Mumbai,Apartment,28350000.0
1052.0,2,2.0,1,0.0,21.0,Hyderabad,Apartment,9320000.0
1782.0,3,2.0,3,,33.0,Chennai,Independent House,19400000.0
907.0,1,1.0,2,1.0,2.0,Bangalore,Apartment,11450000.0
4007.0,6,5.0,2,1.0,10.0,Hyderabad,Villa,51830000.0
1193.0,2,2.0,2,0.0,8.0,Mumbai,Apartment,19790000.0
1147.0,2,2.0,1,1.0,21.0,Bangalore,Apartment,13240000.0
1238.0,2,1.0,2,0.0,15.0,Bangalore,Apartment,11090000.0
1245.0,2,2.0,2,1.0,2.0,Bangalore,Apartment,15070000.0
2432.0,4,4.0,3,0.0,8.0,Pune,Independent House,28040000.0
500.0,1,1.0,1,0.0,9.0,Mumbai,Apartment,8250000.0
1652.0,3,3.0,1,1.0,41.0,Mumbai,Apartment,23400000.0
1556.0,3,2.0,3,1.0,31.0,Pune,Independent House,13350000.0
1370.0,2,2.0,1,0.0,9.0,Delhi,Apartment,18200000.0
1067.0,2,1.0,1,1.0,0.0,Bangalore,Apartment,13910000.0
903.0,1,1.0,1,0.0,44.0,Mumbai,Independent House,15350000.0
3256.0,6,5.0,2,0.0,17.0,Chennai,Independent House,31790000.0
1941.0,3,3.0,2,2.0,19.0,Delhi,Independent House,31240000.0
1442.0,2,1.0,2,2.0,26.0,Hyderabad,Independent House,13690000.0
1285.0,2,1.0,2,1.0,2.0,Kolkata,Apartment,10150000.0
728.0,1,1.0,1,1.0,31.0,Pune,Apartment,6060000.0
579.0,1,1.0,1,1.0,37.0,Bangalore,Apartment,5430000.0
1124.0,2,1.0,1,,43.0,Mumbai,Apartment,14300000.0
1605.0,3,2.0,2,0.0,14.0,Bangalore,Independent House,19750000.0
1058.0,2,2.0,2,1.0,42.0,Chennai,Independent House,8150000.0
1091.0,2,2.0,2,0.0,18.0,Kolkata,Apartment,8960000.0
2653.0,5,4.0,1,2.0,26.0,Bangalore,Independent House,29500000.0
1810.0,3,2.0,2,1.0,13.0,Chennai,Apartment,22740000.0
2443.0,4,3.0,3,0.0,28.0,Delhi,Independent House,32100000.0
2010.0,3,2.0,2,1.0,16.0,Pune,Apartment,19570000.0
643.0,1,1.0,2,0.0,6.0,Kolkata,Apartment,5920000.0
1037.0,2,2.0,1,2.0,,Delhi,Apartment,12320000.0
1373.0,2,2.0,2,0.0,13.0,Pune,Apartment,11940000.0
3278.0,6,5.0,3,1.0,11.0,Chennai,Villa,41340000.0
3147.0,5,4.0,1,3.0,43.0,Bangalore,Villa,30570000.0
973.0,1,1.0,2,1.0,5.0,Chennai,Apartment,10160000.0
1609.0,3,3.0,1,1.0,35.0,Pune,Apartment,12920000.0
1140.0,2,1.0,2,1.0,43.0,Hyderabad,Apartment,9180000.0
1949.0,3,2.0,1,0.0,4.0,Pune,Independent House,26360000.0
2673.0,5,4.0,3,2.0,31.0,Pune,Villa,29310000.0
1440.0,2,2.0,2,1.0,40.0,Bangalore,Apartment,12330000.0
3111.0,5,4.0,1,2.0,23.0,Mumbai,Villa,61230000.0
1712.0,3,2.0,3,0.0,43.0,Kolkata,Independent House,11820000.0
992.0,2,1.0,1,0.0,24.0,Bangalore,Apartment,9050000.0
1707.0,3,3.0,1,1.0,28.0,Delhi,Apartment,20550000.0
1129.0,2,1.0,1,2.0,35.0,Mumbai,Apartment,13050000.0
2565.0,4,3.0,1,1.0,9.0,Pune,Independent House,27680000.0
1764.0,3,3.0,3,1.0,2.0,Mumbai,Independent House,35390000.0
1641.0,3,3.0,1,1.0,0.0,Pune,Independent House,22280000.0
2066.0,3,3.0,1,2.0,28.0,Mumbai,Independent House,29470000.0
2606.0,4,4.0,2,1.0,30.0,Pune,Independent House,23550000.0
739.0,1,1.0,2,1.0,2.0,Delhi,Apartment,10230000.0
1744.0,3,3.0,2,2.0,35.0,Delhi,Independent House,20940000.0
1413.0,2,2.0,3,0.0,14.0,Mumbai,Independent House,26350000.0
985.0,2,1.0,1,2.0,0.0,Hyderabad,Apartment,10800000.0
1149.0,2,2.0,1,1.0,1.0,Mumbai,Apartment,21940000.0
2138.0,4,4.0,1,0.0,36.0,Delhi,Apartment,20420000.0
2043.0,3,3.0,2,2.0,0.0,Hyderabad,Independent House,22610000.0
1585.0,3,3.0,2,1.0,32.0,Chennai,Independent House,17730000.0
1172.0,2,2.0,3,2.0,33.0,Mumbai,Independent House,19370000.0
896.0,1,1.0,2,0.0,2.0,Chennai,Apartment,10820000.0
1235.0,2,2.0,2,0.0,36.0,Delhi,Independent House,13060000.0
3115.0,5,5.0,3,3.0,39.0,Bangalore,Villa,36600000.0
1421.0,2,1.0,1,0.0,13.0,Bangalore,Apartment,17390000.0
1589.0,3,2.0,3,1.0,43.0,Kolkata,Independent House,9500000.0
1263.0,2,2.0,1,1.0,18.0,Mumbai,Apartment,20380000.0
1553.0,3,3.0,1,0.0,22.0,Delhi,Apartment,21700000.0
1155.0,2,2.0,2,1.0,8.0,Chennai,Apartment,12640000.0
868.0,1,1.0,2,1.0,43.0,Bangalore,Apartment,6850000.0
566.0,1,1.0,2,1.0,18.0,Delhi,Apartment,6600000.0
899.0,1,1.0,1,2.0,15.0,Pune,Apartment,9080000.0
2633.0,5,5.0,3,1.0,8.0,Mumbai,Independent House,52700000.0
519.0,1,1.0,1,1.0,45.0,Hyderabad,Apartment,3350000.0
1170.0,2,,1,1.0,15.0,Mumbai,Independent House,17610000.0
1705.0,3,3.0,1,1.0,45.0,Mumbai,Independent House,24330000.0
1007.0,2,2.0,2,2.0,42.0,Pune,Apartment,8170000.0
1635.0,3,3.0,2,0.0,21.0,Mumbai,Independent House,35160000.0
1577.0,3,2.0,2,2.0,28.0,Hyderabad,Independent House,13550000.0
1362.0,2,1.0,2,1.0,40.0,Chennai,Apartment,9670000.0
1988.0,3,2.0,2,3.0,36.0,Mumbai,Villa,35650000.0
2990.0,5,4.0,3,3.0,11.0,Chennai,Villa,38770000.0
1159.0,2,2.0,2,0.0,1.0,Kolkata,Apartment,11100000.0
2975.0,5,4.0,2,2.0,30.0,Mumbai,Villa,52440000.0
906.0,1,1.0,2,1.0,44.0,Mumbai,Apartment,9690000.0
2644.0,5,5.0,3,1.0,16.0,Hyderabad,Independent House,24100000.0
583.0,1,1.0,1,2.0,19.0,Bangalore,Apartment,6910000.0
1436.0,2,1.0,1,2.0,20.0,Kolkata,Apartment,10690000.0
1041.0,2,2.0,1,1.0,36.0,Pune,Independent House,8600000.0
2139.0,4,3.0,1,0.0,22.0,Chennai,Independent House,20100000.0
904.0,1,1.0,2,1.0,44.0,Pune,Apartment,6810000.0
1931.0,3,2.0,2,1.0,4.0,Delhi,Apartment,27940000.0
1926.0,3,2.0,1,1.0,14.0,Delhi,Independent House,24850000.0
1410.0,2,1.0,1,1.0,38.0,Mumbai,Independent House,19630000.0
590.0,1,,2,1.0,35.0,Pune,Apartment,5100000.0
1508.0,2,2.0,2,1.0,42.0,Bangalore,Independent House,12720000.0
1366.0,2,2.0,2,0.0,1.0,Mumbai,Apartment,28840000.0
1419.0,2,1.0,1,1.0,11.0,Delhi,Independent House,21250000.0
2300.0,4,4.0,1,1.0,37.0,Mumbai,Independent House,35830000.0
607.0,1,1.0,1,0.0,20.0,Mumbai,Apartment,8840000.0
1463.0,2,1.0,2,1.0,27.0,Mumbai,Apartment,23890000.0
1818.0,3,3.0,3,1.0,36.0,Mumbai,Independent House,28040000.0
1389.0,2,2.0,3,0.0,30.0,Bangalore,Independent House,14520000.0
500.0,1,1.0,2,1.0,15.0,Pune,Apartment,5400000.0
1582.0,3,3.0,1,0.0,28.0,Mumbai,Independent House,24940000.0
1263.0,2,1.0,1,1.0,29.0,Mumbai,Apartment,15580000.0
1119.0,2,2.0,3,1.0,22.0,Mumbai,Independent House,18830000.0
1166.0,2,1.0,1,0.0,17.0,Mumbai,Apartment,17330000.0
1206.0,2,1.0,1,0.0,,Delhi,Apartment,16900000.0
1787.0,3,2.0,1,2.0,9.0,Mumbai,Apartment,32330000.0
1516.0,2,2.0,1,1.0,36.0,Delhi,Apartment,15070000.0
3130.0,5,4.0,1,1.0,42.0,Bangalore,Independent House,33080000.0
1267.0,2,1.0,2,1.0,34.0,Delhi,Apartment,14380000.0
862.0,1,1.0,1,0.0,21.0,Kolkata,Independent House,7650000.0
729.0,1,1.0,1,2.0,32.0,Bangalore,Apartment,7210000.0
982.0,2,1.0,1,1.0,16.0,Delhi,Apartment,15860000.0
2897.0,5,5.0,1,3.0,26.0,Chennai,Villa,33260000.0
3001.0,5,4.0,3,3.0,17.0,Mumbai,Villa,69780000.0
1687.0,3,3.0,1,0.0,35.0,Pune,Apartment,13770000.0
1229.0,2,2.0,1,1.0,12.0,Bangalore,Apartment,15080000.0
809.0,1,1.0,1,1.0,18.0,Delhi,Apartment,11850000.0
1750.0,3,2.0,3,3.0,4.0,Delhi,Villa,35470000.0
603.0,1,1.0,2,1.0,12.0,Mumbai,Apartment,10410000.0
1319.0,2,2.0,1,0.0,40.0,Delhi,Apartment,15070000.0
738.0,1,1.0,1,0.0,37.0,Mumbai,Apartment,10170000.0
2644.0,5,4.0,1,2.0,6.0,Bangalore,Villa,55360000.0
3114.0,5,4.0,2,1.0,12.0,Bangalore,Villa,43560000.0
3450.0,6,5.0,1,2.0,22.0,Mumbai,Villa,71090000.0
1337.0,2,2.0,2,0.0,31.0,Bangalore,Apartment,12630000.0
982.0,2,2.0,2,2.0,3.0,Mumbai,Apartment,17790000.0
1927.0,3,3.0,3,0.0,8.0,Delhi,Independent House,27850000.0
566.0,1,1.0,1,0.0,28.0,Pune,Apartment,5870000.0
1784.0,3,3.0,1,2.0,22.0,Mumbai,Apartment,29780000.0
942.0,1,1.0,2,1.0,16.0,Bangalore,Apartment,11030000.0
1517.0,2,1.0,2,2.0,30.0,Chennai,Apartment,14780000.0
1442.0,2,2.0,1,1.0,14.0,Bangalore,Apartment,16470000.0
662.0,1,1.0,2,0.0,27.0,Mumbai,Apartment,9370000.0
1420.0,2,2.0,1,2.0,25.0,Mumbai,Villa,28930000.0
1633.0,3,3.0,3,1.0,5.0,Mumbai,Independent House,34570000.0
1300.0,2,1.0,1,1.0,11.0,Bangalore,Independent House,14840000.0
1552.0,3,2.0,3,1.0,8.0,Bangalore,Independent House,21200000.0
4139.0,6,5.0,2,2.0,31.0,Pune,Villa,45890000.0
2389.0,4,4.0,3,2.0,34.0,Mumbai,Villa,44230000.0
1167.0,2,2.0,1,1.0,28.0,Delhi,Apartment,13290000.0
1134.0,2,2.0,1,1.0,39.0,Mumbai,Apartment,13870000.0
1955.0,3,2.0,2,0.0,7.0,Mumbai,Apartment,36510000.0
2007.0,3,2.0,3,1.0,0.0,Delhi,Independent House,38690000.0
1349.0,2,2.0,1,0.0,19.0,Pune,Apartment,13130000.0
1625.0,3,2.0,3,0.0,16.0,Chennai,Independent House,16050000.0
735.0,1,1.0,2,1.0,6.0,Bangalore,Independent House,9880000.0
1226.0,2,2.0,1,1.0,32.0,Mumbai,Apartment,17710000.0
2159.0,4,4.0,2,3.0,30.0,Chennai,Villa,26960000.0
2014.0,3,2.0,2,1.0,32.0,Hyderabad,Independent House,19440000.0
1567.0,3,3.0,1,1.0,14.0,Mumbai,Apartment,26880000.0
1370.0,2,2.0,2,1.0,16.0,Delhi,Apartment,16950000.0
1216.0,2,2.0,1,1.0,18.0,Hyderabad,Apartment,11370000.0
1520.0,2,2.0,1,1.0,24.0,Hyderabad,Apartment,13160000.0
1415.0,2,1.0,1,0.0,39.0,Chennai,Apartment,11900000.0
2619.0,4,3.0,3,1.0,3.0,Delhi,Independent House,39550000.0
1523.0,2,1.0,2,2.0,23.0,Mumbai,Apartment,26350000.0
1536.0,3,3.0,1,1.0,19.0,Kolkata,Apartment,9800000.0
1848.0,3,3.0,1,1.0,10.0,Delhi,Apartment,26590000.0
1216.0,2,1.0,1,1.0,43.0,Bangalore,Apartment,11300000.0
1344.0,2,1.0,1,1.0,17.0,Mumbai,Apartment,21840000.0
2719.0,5,5.0,1,1.0,28.0,Bangalore,Independent House,29660000.0
1741.0,3,2.0,2,2.0,31.0,Kolkata,Independent House,11950000.0
1601.0,3,3.0,1,2.0,8.0,Delhi,Apartment,22430000.0
1435.0,2,2.0,1,0.0,12.0,Pune,Independent House,17770000.0
1675.0,3,2.0,3,1.0,30.0,Delhi,Villa,27820000.0
809.0,1,1.0,2,1.0,32.0,Bangalore,Apartment,8100000.0
1661.0,3,3.0,3,1.0,11.0,Mumbai,Independent House,33910000.0
3781.0,6,5.0,2,1.0,1.0,Chennai,Villa,54280000.0
1492.0,2,2.0,2,2.0,1.0,Bangalore,Apartment,20800000.0
1059.0,2,1.0,1,1.0,11.0,Mumbai,Apartment,21330000.0
1718.0,3,3.0,2,1.0,0.0,Chennai,Independent House,20950000.0
1575.0,3,3.0,1,1.0,36.0,Bangalore,Independent House,14320000.0
2607.0,4,4.0,3,1.0,32.0,Mumbai,Independent House,49580000.0
1093.0,2,2.0,2,1.0,34.0,Delhi,Apartment,11940000.0
2420.0,4,3.0,2,1.0,18.0,Mumbai,Independent House,63670000.0
1399.0,2,2.0,2,2.0,38.0,Delhi,Apartment,15320000.0
672.0,1,1.0,3,1.0,10.0,Mumbai,Independent House,14980000.0
1417.0,2,2.0,2,2.0,30.0,Chennai,Apartment,12140000.0
1223.0,2,1.0,2,0.0,15.0,Delhi,Apartment,16150000.0
2652.0,5,5.0,2,0.0,,Chennai,Independent House,31780000.0
1483.0,2,2.0,1,0.0,23.0,Delhi,Apartment,16610000.0
972.0,1,1.0,1,1.0,30.0,Mumbai,Apartment,13330000.0
803.0,1,1.0,2,2.0,23.0,Pune,Apartment,7410000.0
912.0,1,1.0,2,1.0,24.0,Kolkata,Apartment,6450000.0
2784.0,5,4.0,1,3.0,45.0,Mumbai,Villa,51690000.0
2266.0,4,3.0,3,1.0,15.0,Hyderabad,Villa,29600000.0
2448.0,4,3.0,1,0.0,31.0,Bangalore,Independent House,27080000.0
1956.0,3,2.0,2,1.0,28.0,Delhi,Independent House,24480000.0
1524.0,2,1.0,1,1.0,34.0,Delhi,Independent House,16090000.0
1124.0,2,1.0,1,1.0,14.0,Delhi,Independent House,16110000.0
1145.0,2,2.0,1,1.0,38.0,Pune,Apartment,8510000.0
2236.0,4,4.0,2,0.0,20.0,Pune,Independent House,22650000.0
1769.0,3,3.0,3,1.0,2.0,Delhi,Independent House,31740000.0
2264.0,4,4.0,3,3.0,14.0,Bangalore,Villa,40230000.0
2712.0,5,5.0,3,2.0,26.0,Mumbai,Villa,53640000.0
1327.0,2,1.0,3,1.0,23.0,Kolkata,Independent House,12030000.0
2844.0,5,4.0,1,2.0,41.0,Mumbai,Villa,50570000.0
1730.0,3,3.0,2,1.0,27.0,Bangalore,Independent House,20020000.0
1016.0,2,2.0,1,0.0,37.0,Mumbai,Independent House,19860000.0
924.0,1,1.0,1,2.0,38.0,Bangalore,Apartment,8610000.0
620.0,1,1.0,1,1.0,15.0,Chennai,Apartment,6140000.0
1337.0,2,1.0,3,1.0,37.0,Chennai,Independent House,10390000.0
1219.0,2,2.0,1,1.0,10.0,Delhi,Apartment,17040000.0
3909.0,6,5.0,3,1.0,1.0,Delhi,Villa,89870000.0
1667.0,3,3.0,2,2.0,1.0,Hyderabad,Apartment,19590000.0
4262.0,6,5.0,2,3.0,26.0,Chennai,Villa,51880000.0
1037.0,2,2.0,2,0.0,34.0,Pune,Independent House,10660000.0
1979.0,3,2.0,3,2.0,5.0,Chennai,Villa,31170000.0
1579.0,3,2.0,2,0.0,4.0,Bangalore,Independent House,22440000.0
1077.0,2,1.0,1,1.0,25.0,Bangalore,Independent House,12450000.0
667.0,1,1.0,1,2.0,43.0,Hyderabad,Independent House,5020000.0
2241.0,4,3.0,1,3.0,25.0,Mumbai,Villa,50270000.0
834.0,1,1.0,2,0.0,42.0,Delhi,Independent House,8870000.0
2161.0,4,4.0,3,1.0,12.0,,Independent House,28380000.0
1477.0,2,2.0,2,2.0,0.0,Chennai,Independent House,18570000.0
1762.0,3,3.0,3,0.0,4.0,Mumbai,Independent House,37210000.0
1113.0,2,1.0,1,2.0,36.0,Bangalore,Apartment,10530000.0
1954.0,3,2.0,2,2.0,2.0,Delhi,Apartment,28140000.0
1786.0,3,2.0,3,1.0,21.0,Pune,Independent House,20490000.0
1606.0,3,3.0,1,1.0,6.0,Delhi,Independent House,29390000.0
1919.0,3,2.0,2,2.0,26.0,Hyderabad,Independent House,21000000.0
1818.0,3,2.0,2,1.0,31.0,Kolkata,Apartment,12200000.0
2899.0,5,4.0,3,0.0,11.0,Delhi,Independent House,42750000.0
746.0,1,1.0,1,0.0,36.0,Kolkata,Apartment,3690000.0
1944.0,3,2.0,1,1.0,13.0,Mumbai,Independent House,37920000.0
2411.0,4,3.0,2,2.0,37.0,Mumbai,Independent House,33750000.0
1003.0,2,1.0,1,1.0,10.0,Delhi,Apartment,12600000.0
1133.0,2,1.0,2,,35.0,Hyderabad,Apartment,9360000.0
2571.0,4,4.0,2,1.0,12.0,Mumbai,Independent House,49810000.0
2783.0,5,5.0,3,1.0,3.0,Delhi,Villa,59300000.0
1499.0,2,1.0,1,1.0,11.0,Kolkata,Apartment,12340000.0
991.0,2,2.0,1,0.0,21.0,Hyderabad,Apartment,8050000.0
1677.0,3,2.0,1,2.0,27.0,Mumbai,Apartment,25000000.0
500.0,1,1.0,2,1.0,19.0,Bangalore,Independent House,6380000.0
1299.0,2,2.0,2,1.0,25.0,Delhi,Apartment,18410000.0
1301.0,2,1.0,1,2.0,36.0,Delhi,Apartment,13910000.0
932.0,1,1.0,2,1.0,7.0,Bangalore,Apartment,10960000.0
3460.0,6,5.0,1,2.0,0.0,Chennai,Villa,53730000.0
2366.0,4,4.0,2,1.0,43.0,Mumbai,Independent House,36260000.0
1842.0,3,3.0,1,2.0,40.0,Delhi,Villa,22380000.0
504.0,1,1.0,1,2.0,7.0,Bangalore,Apartment,6750000.0
1233.0,2,1.0,3,0.0,35.0,Mumbai,Independent House,21350000.0
1166.0,2,1.0,2,1.0,39.0,Mumbai,Apartment,12820000.0
2071.0,3,3.0,2,0.0,28.0,Bangalore,Independent House,18440000.0
2162.0,4,3.0,2,1.0,44.0,Chennai,Independent House,21680000.0
1319.0,2,1.0,1,2.0,35.0,Mumbai,Independent House,19310000.0
879.0,1,1.0,2,0.0,25.0,Hyderabad,Apartment,8370000.0
1493.0,2,1.0,1,1.0,30.0,Delhi,Apartment,20390000.0
1623.0,3,2.0,1,1.0,,Pune,Apartment,13110000.0
2615.0,4,4.0,3,3.0,4.0,Delhi,Villa,51380000.0
805.0,1,1.0,1,1.0,36.0,Mumbai,Apartment,12530000.0
2087.0,4,4.0,3,0.0,24.0,Bangalore,Independent House,22270000.0
1991.0,3,2.0,1,1.0,29.0,Bangalore,Apartment,21790000.0
1341.0,2,2.0,1,1.0,0.0,Kolkata,Apartment,11720000.0
2296.0,4,4.0,2,0.0,35.0,Chennai,Independent House,22500000.0
887.0,1,1.0,2,2.0,35.0,Mumbai,Independent House,14670000.0
1652.0,3,3.0,3,0.0,22.0,Bangalore,Independent House,16310000.0
3687.0,6,5.0,2,2.0,28.0,Hyderabad,Villa,44760000.0
903.0,1,1.0,2,1.0,9.0,Mumbai,Apartment,15280000.0
1045.0,2,2.0,2,0.0,30.0,Delhi,Apartment,12020000.0
1545.0,3,3.0,1,2.0,27.0,Mumbai,Apartment,21120000.0
1608.0,3,3.0,1,1.0,19.0,Mumbai,Apartment,23670000.0
2057.0,3,3.0,3,2.0,1.0,Bangalore,Independent House,28370000.0
1380.0,2,1.0,1,1.0,2.0,Hyderabad,Apartment,14670000.0
1078.0,2,2.0,2,1.0,15.0,Hyderabad,Apartment,9900000.0
1044.0,2,1.0,3,1.0,17.0,Mumbai,Independent House,19480000.0
3288.0,6,5.0,1,2.0,4.0,Hyderabad,Villa,48550000.0
1676.0,3,3.0,1,0.0,15.0,Chennai,Independent House,20090000.0
2069.0,3,,2,0.0,15.0,Chennai,Independent House,24910000.0
1654.0,3,3.0,1,2.0,42.0,Mumbai,Independent House,25000000.0
1323.0,2,2.0,2,1.0,41.0,Delhi,Apartment,13070000.0
1339.0,2,2.0,1,0.0,3.0,Hyderabad,Apartment,14800000.0
2126.0,4,4.0,3,2.0,27.0,Mumbai,Villa,53490000.0
2991.0,5,5.0,2,2.0,38.0,Bangalore,Villa,36110000.0
1289.0,2,2.0,1,2.0,23.0,Bangalore,Apartment,13930000.0
2331.0,4,3.0,1,0.0,16.0,Hyderabad,Independent House,27710000.0
3484.0,6,5.0,1,1.0,32.0,Delhi,Villa,50290000.0
1513.0,2,1.0,3,1.0,22.0,Delhi,Independent House,21690000.0
1790.0,3,3.0,1,2.0,40.0,Bangalore,Independent House,18020000.0
1438.0,2,2.0,2,,15.0,Bangalore,Apartment,15640000.0
1543.0,3,3.0,2,2.0,4.0,Chennai,Independent House,20860000.0
2692.0,5,4.0,1,2.0,45.0,Mumbai,Villa,45550000.0
1103.0,2,1.0,2,1.0,10.0,Delhi,Apartment,14450000.0
1072.0,2,2.0,2,0.0,0.0,Mumbai,Apartment,18490000.0
4313.0,6,5.0,1,3.0,19.0,Mumbai,Villa,90410000.0
1014.0,2,1.0,2,2.0,17.0,Chennai,Apartment,11570000.0
1412.0,2,1.0,2,1.0,23.0,Delhi,Apartment,19720000.0
1810.0,3,2.0,3,1.0,30.0,Mumbai,Independent House,28760000.0
1836.0,3,3.0,1,2.0,33.0,Mumbai,Independent House,30530000.0
1159.0,2,2.0,2,0.0,1.0,Chennai,Apartment,15660000.0
911.0,1,1.0,2,0.0,35.0,Bangalore,Apartment,7880000.0
2278.0,4,3.0,1,2.0,0.0,Delhi,Villa,50690000.0
1800.0,3,3.0,2,1.0,22.0,Bangalore,Apartment,18090000.0
1177.0,2,2.0,1,1.0,7.0,Mumbai,Apartment,23630000.0
1687.0,3,2.0,2,0.0,0.0,Chennai,Apartment,19260000.0
1117.0,2,1.0,1,1.0,12.0,Kolkata,Apartment,8070000.0
2183.0,4,3.0,1,2.0,15.0,Delhi,Villa,35590000.0
1475.0,2,2.0,1,1.0,32.0,Chennai,Independent House,13110000.0
2570.0,4,3.0,3,,8.0,Kolkata,Villa,28290000.0
2687.0,5,4.0,2,3.0,19.0,Pune,Villa,35810000.0
1197.0,2,2.0,3,2.0,3.0,Hyderabad,Independent House,12850000.0
1624.0,3,2.0,3,2.0,11.0,Delhi,Villa,34540000.0
1233.0,2,1.0,2,1.0,10.0,Pune,Apartment,11840000.0
1510.0,2,2.0,1,,31.0,Mumbai,Independent House,24900000.0
2064.0,3,2.0,2,2.0,13.0,Bangalore,Apartment,25080000.0
1149.0,2,1.0,2,0.0,45.0,Bangalore,Apartment,9880000.0
1349.0,2,2.0,1,1.0,19.0,Bangalore,Apartment,13750000.0
1740.0,3,3.0,1,0.0,25.0,Mumbai,Independent House,28440000.0
1019.0,2,1.0,1,0.0,40.0,Kolkata,Apartment,6300000.0
1574.0,3,3.0,1,1.0,3.0,Hyderabad,Apartment,15970000.0
1096.0,2,2.0,2,2.0,29.0,Delhi,Independent House,12900000.0
2500.0,4,4.0,1,0.0,34.0,Hyderabad,Independent House,23530000.0
1391.0,2,1.0,1,2.0,43.0,Pune,Apartment,11120000.0
1828.0,3,2.0,2,1.0,36.0,Hyderabad,Apartment,16450000.0
890.0,1,1.0,1,0.0,4.0,Pune,Apartment,8700000.0
3059.0,5,5.0,1,2.0,41.0,Mumbai,Villa,53970000.0
1014.0,2,2.0,1,1.0,28.0,Hyderabad,Apartment,8530000.0
1429.0,2,2.0,3,1.0,34.0,Pune,Independent House,12460000.0
1989.0,3,3.0,1,0.0,30.0,Bangalore,Independent House,19580000.0
1194.0,2,1.0,1,1.0,15.0,Kolkata,Apartment,7760000.0
1197.0,2,1.0,1,2.0,1.0,Bangalore,Apartment,15940000.0
901.0,1,1.0,1,2.0,8.0,Mumbai,Apartment,17490000.0
1715.0,3,3.0,2,1.0,8.0,Bangalore,Apartment,22180000.0
905.0,1,1.0,1,0.0,42.0,Mumbai,Apartment,10450000.0
2470.0,4,4.0,2,0.0,37.0,Hyderabad,Independent House,16380000.0
1233.0,2,2.0,2,1.0,22.0,Hyderabad,Apartment,9570000.0
1536.0,3,2.0,1,1.0,36.0,Mumbai,Apartment,20520000.0
2997.0,5,4.0,1,2.0,41.0,Hyderabad,Villa,26970000.0
3879.0,6,,3,2.0,13.0,Delhi,Villa,73080000.0
4818.0,6,5.0,1,1.0,17.0,Delhi,Villa,94880000.0
1702.0,3,3.0,1,1.0,42.0,Hyderabad,Apartment,13290000.0
2130.0,4,3.0,3,2.0,30.0,Mumbai,Villa,48430000.0
1935.0,3,2.0,1,1.0,19.0,Delhi,Independent House,24950000.0
2785.0,5,5.0,2,1.0,21.0,Kolkata,Villa,25720000.0
2129.0,4,3.0,3,1.0,33.0,Kolkata,Independent House,15620000.0
1787.0,3,2.0,2,1.0,21.0,Bangalore,Independent House,19790000.0
1276.0,2,2.0,1,0.0,19.0,Mumbai,Independent House,23820000.0
1302.0,2,2.0,1,1.0,20.0,Chennai,Apartment,12220000.0
1346.0,2,2.0,2,1.0,16.0,Bangalore,Apartment,16580000.0
505.0,1,1.0,1,2.0,9.0,Pune,Apartment,4830000.0
2386.0,4,3.0,1,2.0,44.0,Delhi,Independent House,26150000.0
966.0,1,1.0,1,2.0,23.0,Delhi,Apartment,12180000.0
839.0,1,1.0,2,2.0,30.0,Chennai,Apartment,8810000.0
646.0,1,1.0,1,0.0,14.0,Mumbai,Apartment,11430000.0
2079.0,4,4.0,1,2.0,10.0,Chennai,Apartment,19960000.0
1211.0,2,2.0,1,1.0,5.0,Delhi,Apartment,17140000.0
1373.0,2,1.0,2,0.0,7.0,Hyderabad,Apartment,14270000.0
2763.0,5,4.0,3,2.0,41.0,Mumbai,Villa,53490000.0
1272.0,2,2.0,1,0.0,10.0,Bangalore,Apartment,13500000.0
2690.0,5,4.0,2,2.0,9.0,Bangalore,Villa,40230000.0
767.0,1,1.0,2,0.0,14.0,Mumbai,Apartment,12780000.0
1105.0,2,1.0,1,2.0,36.0,Hyderabad,Apartment,7730000.0
1942.0,3,2.0,1,0.0,6.0,Delhi,Independent House,32540000.0
827.0,1,1.0,1,1.0,14.0,Pune,Apartment,8100000.0
3548.0,6,5.0,3,3.0,17.0,Pune,Villa,49120000.0
-2422.0,4,3.0,3,2.0,18.0,Chennai,Villa,28210000.0
1598.0,3,3.0,2,1.0,22.0,Mumbai,Independent House,31320000.0
848.0,1,1.0,1,2.0,40.0,Mumbai,Apartment,11890000.0
3273.0,6,5.0,3,1.0,19.0,Kolkata,Villa,32480000.0
2396.0,4,3.0,1,1.0,3.0,Kolkata,Villa,26740000.0
1368.0,2,2.0,2,1.0,32.0,Delhi,Apartment,16340000.0
2438.0,4,3.0,1,0.0,35.0,Delhi,Independent House,28390000.0
1094.0,2,2.0,3,1.0,25.0,Pune,Independent House,11720000.0
1015.0,2,1.0,1,1.0,6.0,Delhi,Apartment,14750000.0
1077.0,2,1.0,1,1.0,27.0,Kolkata,Apartment,6870000.0
1874.0,3,2.0,3,1.0,23.0,Mumbai,Independent House,30390000.0
1484.0,2,1.0,2,1.0,30.0,Delhi,Apartment,17440000.0
1564.0,3,,2,2.0,13.0,Hyderabad,Apartment,16340000.0
1878.0,3,3.0,1,2.0,33.0,Mumbai,Villa,36840000.0
2569.0,4,3.0,3,0.0,27.0,Delhi,Independent House,32440000.0
1945.0,3,3.0,1,1.0,26.0,Mumbai,Independent House,32470000.0
2455.0,4,3.0,3,2.0,7.0,Mumbai,Villa,67400000.0
2454.0,4,4.0,3,2.0,27.0,Pune,Villa,31290000.0
831.0,1,1.0,1,1.0,4.0,Delhi,Apartment,10470000.0
3616.0,6,5.0,2,1.0,12.0,Chennai,Villa,51030000.0
3093.0,5,5.0,1,2.0,43.0,Mumbai,Villa,55600000.0
1093.0,2,1.0,1,1.0,42.0,Bangalore,Apartment,9460000.0
1157.0,2,2.0,1,0.0,3.0,Hyderabad,Apartment,10350000.0
3450.0,6,5.0,3,2.0,36.0,Mumbai,Villa,56740000.0
2973.0,5,4.0,3,0.0,11.0,Mumbai,Independent House,63150000.0
1816.0,3,2.0,2,0.0,10.0,Chennai,Independent House,22370000.0
1967.0,3,2.0,2,1.0,28.0,Pune,Apartment,17000000.0
1024.0,2,2.0,2,0.0,1.0,Pune,Apartment,10820000.0
2997.0,5,5.0,1,2.0,19.0,Chennai,Independent House,29930000.0
1583.0,3,3.0,2,1.0,25.0,Mumbai,Apartment,23670000.0
1521.0,2,2.0,1,1.0,25.0,Chennai,Apartment,14000000.0
1505.0,2,2.0,2,2.0,17.0,Kolkata,Independent House,12450000.0
709.0,1,1.0,2,1.0,32.0,Bangalore,Apartment,6170000.0
3118.0,5,5.0,2,2.0,14.0,Hyderabad,Villa,38860000.0
928.0,1,1.0,1,1.0,31.0,Mumbai,Apartment,13180000.0
1167.0,2,1.0,2,1.0,29.0,Mumbai,Apartment,16650000.0
653.0,1,1.0,2,1.0,6.0,Delhi,Apartment,8930000.0
2412.0,4,3.0,3,2.0,33.0,Mumbai,Villa,50620000.0
1385.0,2,1.0,1,1.0,8.0,Mumbai,Independent House,27490000.0
2044.0,3,3.0,1,1.0,14.0,Mumbai,Independent House,31960000.0
4026.0,6,5.0,3,3.0,16.0,Chennai,Villa,54680000.0
1013.0,2,1.0,1,1.0,13.0,Bangalore,Apartment,12360000.0
656.0,1,1.0,1,1.0,1.0,Bangalore,Apartment,8430000.0
2515.0,4,4.0,1,2.0,38.0,Delhi,Independent House,26950000.0
851.0,1,1.0,1,1.0,38.0,Pune,Apartment,6760000.0
1143.0,2,1.0,2,1.0,41.0,Chennai,Apartment,8260000.0
2013.0,3,2.0,2,1.0,35.0,Mumbai,Apartment,29490000.0
2024.0,3,3.0,1,0.0,14.0,Mumbai,Independent House,38420000.0
1605.0,3,3.0,1,0.0,4.0,Delhi,Apartment,28090000.0
1335.0,2,1.0,1,0.0,7.0,Pune,Apartment,12790000.0
3081.0,5,5.0,3,1.0,1.0,Pune,Villa,49750000.0
3495.0,6,5.0,1,2.0,10.0,Mumbai,Villa,77730000.0
2574.0,4,4.0,1,3.0,43.0,Bangalore,Villa,30130000.0
3228.0,6,5.0,2,,23.0,Delhi,Independent House,42380000.0
1311.0,2,2.0,2,2.0,4.0,Delhi,Apartment,18270000.0
1577.0,3,2.0,1,0.0,13.0,Hyderabad,Apartment,16940000.0
1141.0,2,1.0,2,0.0,38.0,Pune,Apartment,9410000.0
1922.0,3,3.0,3,2.0,10.0,Bangalore,Independent House,24970000.0
1322.0,2,1.0,3,2.0,44.0,Mumbai,Independent House,17490000.0
2067.0,3,3.0,1,1.0,29.0,Pune,Independent House,18850000.0
1599.0,3,2.0,1,1.0,43.0,Mumbai,Apartment,20670000.0
1203.0,2,1.0,1,0.0,0.0,Mumbai,Apartment,23840000.0
1193.0,2,1.0,2,0.0,36.0,Bangalore,Apartment,10060000.0
1328.0,2,2.0,2,2.0,5.0,Mumbai,Independent House,25470000.0
4010.0,6,5.0,2,2.0,18.0,Pune,Villa,50770000.0
588.0,1,1.0,3,1.0,5.0,Kolkata,Independent House,6440000.0
1146.0,2,1.0,2,1.0,20.0,Pune,Apartment,10680000.0
988.0,2,1.0,1,2.0,18.0,Bangalore,Apartment,10580000.0
1412.0,2,1.0,1,1.0,37.0,Pune,Apartment,11950000.0
2561.0,4,4.0,2,0.0,29.0,Pune,Independent House,22260000.0
1085.0,2,,1,0.0,17.0,Bangalore,Apartment,11070000.0
1207.0,2,2.0,1,1.0,,Kolkata,Apartment,8720000.0
1443.0,2,2.0,2,0.0,31.0,Hyderabad,Apartment,12710000.0
1131.0,2,1.0,2,1.0,3.0,Mumbai,Independent House,26340000.0
3875.0,6,5.0,2,3.0,42.0,Mumbai,Villa,69640000.0
1751.0,3,3.0,3,1.0,25.0,Delhi,Villa,29160000.0
963.0,1,1.0,1,1.0,40.0,Kolkata,Apartment,5310000.0
1602.0,3,2.0,1,0.0,19.0,Pune,Apartment,15840000.0
607.0,1,1.0,1,0.0,5.0,Chennai,Apartment,6500000.0
1335.0,2,2.0,3,1.0,38.0,Delhi,Independent House,12780000.0
2866.0,5,5.0,3,1.0,24.0,Delhi,Villa,53760000.0
1256.0,2,1.0,1,2.0,2.0,Bangalore,Apartment,17170000.0
2673.0,5,4.0,2,0.0,14.0,Mumbai,Independent House,50680000.0
731.0,1,1.0,1,2.0,15.0,Hyderabad,Independent House,8860000.0
725.0,1,1.0,1,,24.0,Mumbai,Apartment,11420000.0
1710.0,3,2.0,2,0.0,24.0,Chennai,Independent House,17350000.0
1376.0,2,2.0,2,1.0,34.0,Mumbai,Apartment,20740000.0
1314.0,2,1.0,1,2.0,13.0,Pune,Apartment,14010000.0
948.0,1,1.0,2,1.0,17.0,Delhi,Apartment,13260000.0
1373.0,2,2.0,2,1.0,44.0,Bangalore,Independent House,13560000.0
1223.0,2,2.0,2,1.0,10.0,Delhi,Apartment,15940000.0
1180.0,2,1.0,2,0.0,22.0,Mumbai,Apartment,17870000.0
3010.0,5,5.0,2,2.0,10.0,Mumbai,Villa,79350000.0
1694.0,3,3.0,3,0.0,31.0,Mumbai,Independent House,31440000.0
677.0,1,1.0,1,1.0,41.0,Pune,Apartment,4660000.0
1274.0,2,2.0,1,0.0,17.0,Delhi,Apartment,15600000.0
2141.0,4,3.0,1,1.0,2.0,Mumbai,Independent House,43730000.0
1275.0,2,1.0,2,0.0,23.0,Pune,Apartment,9930000.0
2102.0,4,4.0,2,0.0,15.0,Mumbai,Independent House,34090000.0
500.0,1,1.0,2,0.0,37.0,Mumbai,Apartment,6720000.0
2292.0,4,3.0,1,1.0,33.0,Chennai,Villa,25590000.0
1229.0,2,2.0,1,0.0,26.0,Chennai,Apartment,10980000.0
2116.0,4,3.0,1,0.0,28.0,Pune,Independent House,16660000.0
1058.0,2,2.0,1,0.0,0.0,Bangalore,Independent House,16860000.0
651.0,1,1.0,1,1.0,22.0,Bangalore,Apartment,7230000.0
1990.0,3,2.0,1,1.0,19.0,Chennai,Independent House,22060000.0
1444.0,2,1.0,2,,33.0,Pune,Apartment,12500000.0
1981.0,3,2.0,3,2.0,26.0,Chennai,Independent House,20090000.0
1767.0,3,3.0,2,2.0,0.0,Mumbai,Independent House,36920000.0
641.0,1,1.0,1,0.0,5.0,Delhi,Apartment,9690000.0
1440.0,2,1.0,2,1.0,0.0,Mumbai,Apartment,29730000.0
2083.0,4,4.0,2,1.0,10.0,Kolkata,Villa,28130000.0
2010.0,3,2.0,1,1.0,45.0,Chennai,Independent House,16440000.0
2135.0,4,4.0,2,1.0,38.0,Bangalore,Independent House,18650000.0
1365.0,2,1.0,3,,20.0,Mumbai,Independent House,26290000.0
1101.0,2,1.0,3,1.0,17.0,Delhi,Independent House,14860000.0
2955.0,5,5.0,2,1.0,38.0,Delhi,Villa,40640000.0
2761.0,5,5.0,2,1.0,3.0,Mumbai,Independent House,63210000.0
1847.0,3,2.0,2,1.0,20.0,Hyderabad,Independent House,16880000.0
1073.0,2,2.0,1,0.0,42.0,Hyderabad,Apartment,7900000.0
1442.0,2,1.0,1,1.0,33.0,Chennai,Apartment,11310000.0
1741.0,3,2.0,2,1.0,5.0,Kolkata,Apartment,12920000.0
788.0,1,1.0,1,1.0,2.0,Pune,Apartment,8210000.0
853.0,1,1.0,1,0.0,5.0,Delhi,Apartment,11570000.0
1898.0,3,2.0,1,0.0,43.0,Pune,Apartment,16050000.0
1285.0,2,1.0,1,1.0,23.0,Mumbai,Apartment,21150000.0
746.0,1,1.0,2,0.0,12.0,Pune,Apartment,6740000.0
2053.0,3,3.0,1,1.0,28.0,Pune,Apartment,16950000.0
1203.0,2,1.0,1,1.0,10.0,Kolkata,Apartment,9640000.0
1453.0,2,2.0,1,0.0,3.0,Kolkata,Apartment,11050000.0
1566.0,3,3.0,1,0.0,21.0,Pune,Independent House,15400000.0
1825.0,3,3.0,3,1.0,0.0,Mumbai,Independent House,34050000.0
1419.0,2,1.0,2,1.0,7.0,Chennai,Apartment,13820000.0
1146.0,2,2.0,2,0.0,10.0,Hyderabad,Apartment,10750000.0
1037.0,2,1.0,2,0.0,4.0,Bangalore,Apartment,13970000.0
1873.0,3,3.0,2,1.0,25.0,Bangalore,Apartment,18020000.0
1217.0,2,1.0,2,1.0,6.0,Mumbai,Apartment,21760000.0
2426.0,4,4.0,1,2.0,1.0,Mumbai,Villa,69870000.0
1809.0,3,3.0,2,1.0,16.0,Mumbai,Independent House,35600000.0
1291.0,2,2.0,2,0.0,25.0,Delhi,Apartment,18080000.0
783.0,1,1.0,2,1.0,40.0,Mumbai,Apartment,11020000.0
1695.0,3,3.0,2,0.0,34.0,Mumbai,Apartment,22310000.0
1640.0,3,2.0,1,1.0,35.0,Kolkata,Apartment,10600000.0
1043.0,2,1.0,1,2.0,34.0,Pune,Apartment,9020000.0
1229.0,2,2.0,1,0.0,38.0,Delhi,Apartment,13060000.0
2021.0,3,3.0,1,0.0,35.0,Mumbai,Independent House,27510000.0
1057.0,2,1.0,1,1.0,31.0,Delhi,Apartment,13060000.0
1216.0,2,2.0,2,1.0,28.0,Pune,Independent House,13340000.0
2624.0,4,4.0,2,2.0,9.0,Pune,Villa,36550000.0
1438.0,2,1.0,1,0.0,9.0,Mumbai,Apartment,26680000.0
776.0,1,1.0,1,2.0,36.0,Bangalore,Apartment,6680000.0
1318.0,2,2.0,1,0.0,26.0,Mumbai,Independent House,22650000.0
1150.0,2,2.0,1,0.0,35.0,Delhi,Apartment,10920000.0
2984.0,5,4.0,2,1.0,42.0,Hyderabad,Villa,28310000.0
1000.0,2,2.0,1,2.0,25.0,Delhi,Apartment,10780000.0
1443.0,2,1.0,1,1.0,18.0,Mumbai,Apartment,24360000.0
1044.0,2,1.0,3,1.0,28.0,Bangalore,Independent House,10970000.0
2188.0,4,4.0,3,2.0,44.0,Mumbai,Independent House,26690000.0
2071.0,3,2.0,3,1.0,3.0,Pune,Independent House,24790000.0
821.0,1,1.0,1,2.0,1.0,Hyderabad,Apartment,8080000.0
1455.0,2,2.0,1,2.0,21.0,Bangalore,Apartment,13040000.0
935.0,1,1.0,2,1.0,22.0,Mumbai,Apartment,12840000.0
1297.0,2,2.0,1,2.0,9.0,Mumbai,Apartment,22220000.0
1007.0,2,2.0,2,1.0,14.0,Mumbai,Apartment,16540000.0
875.0,1,1.0,1,1.0,34.0,Delhi,Apartment,8400000.0
1222.0,2,1.0,2,2.0,8.0,Mumbai,Apartment,26980000.0
932.0,1,1.0,1,1.0,32.0,Mumbai,Apartment,12720000.0
1306.0,2,2.0,2,1.0,31.0,Mumbai,Apartment,23870000.0
1902.0,3,2.0,2,1.0,20.0,Kolkata,Apartment,13200000.0
2577.0,4,4.0,2,3.0,5.0,Kolkata,Villa,32820000.0
512.0,1,1.0,2,1.0,10.0,Pune,Independent House,5790000.0
1281.0,2,1.0,1,1.0,24.0,Mumbai,Apartment,19190000.0
1794.0,3,2.0,3,2.0,25.0,Mumbai,Villa,35730000.0
1016.0,2,2.0,1,1.0,4.0,Pune,Apartment,9840000.0
2282.0,4,3.0,3,0.0,27.0,Mumbai,Independent House,42760000.0
1020.0,2,2.0,2,0.0,11.0,Bangalore,Apartment,11770000.0
951.0,1,1.0,3,1.0,22.0,Bangalore,Independent House,11100000.0
1285.0,2,1.0,1,0.0,42.0,Mumbai,Independent House,16420000.0
1634.0,3,2.0,2,1.0,5.0,Mumbai,Apartment,27990000.0
1167.0,2,2.0,2,2.0,27.0,Pune,Apartment,9240000.0
1586.0,3,2.0,2,1.0,40.0,Mumbai,Apartment,22560000.0
971.0,1,1.0,1,2.0,5.0,Mumbai,Apartment,16330000.0
1337.0,2,1.0,1,,38.0,Delhi,Apartment,16190000.0
1146.0,2,1.0,2,1.0,17.0,Bangalore,Independent House,12610000.0
4216.0,6,5.0,3,1.0,39.0,Bangalore,Villa,54040000.0
3316.0,6,5.0,2,3.0,40.0,Kolkata,Villa,28450000.0
2468.0,4,4.0,1,1.0,35.0,Chennai,Independent House,23510000.0
3786.0,6,5.0,3,2.0,33.0,Delhi,Villa,47500000.0
2171.0,4,4.0,3,0.0,22.0,Mumbai,Independent House,34130000.0
1284.0,2,1.0,1,0.0,0.0,Delhi,Apartment,16950000.0
1160.0,2,2.0,2,1.0,16.0,Mumbai,Apartment,17090000.0
1720.0,3,3.0,1,1.0,39.0,Mumbai,Apartment,23730000.0
1244.0,2,1.0,2,2.0,38.0,Bangalore,Apartment,12810000.0
1774.0,3,3.0,2,0.0,35.0,Bangalore,Apartment,18390000.0
1315.0,2,2.0,1,2.0,7.0,Kolkata,Apartment,10770000.0
1512.0,2,2.0,2,0.0,15.0,Bangalore,Apartment,17460000.0
1181.0,2,1.0,1,1.0,33.0,Kolkata,Apartment,8490000.0
1041.0,2,,1,0.0,7.0,Delhi,Apartment,17090000.0
1283.0,2,1.0,2,0.0,34.0,Delhi,Apartment,15870000.0
1546.0,3,2.0,1,0.0,40.0,Delhi,Apartment,17580000.0
1909.0,3,2.0,2,1.0,32.0,Bangalore,Independent House,22110000.0
554.0,1,1.0,1,1.0,11.0,Bangalore,Apartment,6440000.0
1532.0,3,2.0,1,2.0,29.0,Mumbai,Apartment,21370000.0
1248.0,2,2.0,1,1.0,10.0,Hyderabad,Apartment,13840000.0
3318.0,6,5.0,1,2.0,34.0,Bangalore,Villa,43610000.0
3506.0,6,5.0,1,3.0,5.0,Delhi,Villa,64050000.0
1795.0,3,2.0,3,0.0,38.0,Delhi,Independent House,21190000.0
582.0,1,1.0,2,1.0,21.0,Chennai,Apartment,5790000.0
1579.0,3,2.0,2,1.0,9.0,Delhi,Apartment,18580000.0
1659.0,3,2.0,3,2.0,1.0,Bangalore,Independent House,23280000.0
3428.0,6,5.0,1,1.0,18.0,Mumbai,Villa,69830000.0
1470.0,2,2.0,2,0.0,6.0,Bangalore,Apartment,18030000.0
3552.0,6,5.0,1,2.0,6.0,Hyderabad,Villa,44520000.0
1202.0,2,1.0,1,1.0,26.0,Bangalore,Apartment,11480000.0
1136.0,2,2.0,1,1.0,21.0,Mumbai,Apartment,17560000.0
1900.0,3,2.0,3,2.0,29.0,Mumbai,Independent House,29070000.0
1246.0,2,1.0,2,1.0,23.0,Chennai,Apartment,9820000.0
1965.0,3,2.0,2,2.0,10.0,Hyderabad,Independent House,22410000.0
1357.0,2,1.0,1,1.0,1.0,Hyderabad,Apartment,14730000.0
3268.0,6,5.0,1,2.0,33.0,Mumbai,Villa,62280000.0
3269.0,6,5.0,2,3.0,10.0,Delhi,Villa,61180000.0
1030.0,2,2.0,1,0.0,40.0,Delhi,Apartment,9540000.0
2133.0,4,4.0,3,1.0,22.0,Mumbai,Independent House,41690000.0
1395.0,2,2.0,2,0.0,22.0,Pune,Apartment,13920000.0
1336.0,2,1.0,1,0.0,18.0,Bangalore,Apartment,12500000.0
2356.0,4,4.0,3,2.0,5.0,Mumbai,Villa,53160000.0
1658.0,3,2.0,2,1.0,0.0,Pune,Apartment,20390000.0
1152.0,2,2.0,2,2.0,33.0,Kolkata,Apartment,8670000.0
2135.0,4,4.0,3,2.0,26.0,,Independent House,35620000.0
1670.0,3,3.0,2,2.0,22.0,Chennai,Apartment,15290000.0
3081.0,5,5.0,2,3.0,21.0,Mumbai,Villa,77880000.0
2497.0,4,3.0,3,2.0,11.0,Hyderabad,Villa,29800000.0
1496.0,2,2.0,2,2.0,42.0,Kolkata,Apartment,7890000.0
708.0,1,1.0,2,1.0,17.0,Kolkata,Apartment,5570000.0
1392.0,2,2.0,1,1.0,0.0,Chennai,Independent House,18150000.0
3015.0,5,5.0,1,1.0,30.0,Chennai,Villa,32170000.0
1297.0,2,1.0,2,2.0,27.0,Mumbai,Apartment,19440000.0
921.0,1,1.0,1,0.0,33.0,Mumbai,Apartment,13210000.0
1670.0,3,3.0,1,1.0,7.0,Pune,Apartment,14430000.0
973.0,1,1.0,1,1.0,34.0,Bangalore,Independent House,10200000.0
2454.0,4,4.0,3,2.0,32.0,Kolkata,Villa,21700000.0
1761.0,3,2.0,1,1.0,11.0,Kolkata,Apartment,15020000.0
1133.0,2,2.0,2,1.0,3.0,Mumbai,Apartment,19220000.0
2510.0,4,3.0,2,2.0,32.0,Delhi,Villa,38360000.0
1179.0,2,1.0,2,1.0,2.0,Chennai,Apartment,12110000.0
2854.0,5,5.0,3,2.0,9.0,Chennai,Independent House,33260000.0
1851.0,3,3.0,1,0.0,13.0,Mumbai,Independent House,36600000.0
1658.0,3,3.0,1,1.0,37.0,Kolkata,Apartment,10220000.0
1192.0,2,1.0,2,2.0,42.0,,Apartment,6580000.0
977.0,2,2.0,1,2.0,11.0,Bangalore,Apartment,12300000.0
1974.0,3,3.0,1,0.0,27.0,Bangalore,Independent House,17420000.0
2012.0,3,2.0,1,1.0,32.0,Mumbai,Independent House,38350000.0
1000.0,2,2.0,1,1.0,32.0,Hyderabad,Apartment,8750000.0
2010.0,3,3.0,2,2.0,15.0,Bangalore,Independent House,22550000.0
1860.0,3,2.0,1,0.0,12.0,Pune,Independent House,17420000.0
1377.0,2,2.0,2,1.0,38.0,Bangalore,Apartment,11440000.0
1075.0,2,2.0,1,2.0,25.0,Chennai,Villa,15690000.0
2368.0,4,3.0,3,1.0,35.0,Mumbai,Independent House,36750000.0
1441.0,2,2.0,1,1.0,25.0,Chennai,Apartment,9990000.0
1740.0,3,3.0,2,1.0,30.0,Mumbai,Independent House,31420000.0
1355.0,2,1.0,2,2.0,19.0,Mumbai,Apartment,24900000.0
3464.0,6,5.0,3,1.0,25.0,Hyderabad,Independent House,31050000.0
1210.0,2,2.0,2,2.0,5.0,Delhi,Apartment,16870000.0
1588.0,3,3.0,2,1.0,20.0,Bangalore,Apartment,17210000.0
516.0,1,1.0,2,1.0,43.0,Chennai,Apartment,3800000.0
1531.0,3,2.0,2,0.0,30.0,Chennai,Apartment,13070000.0
1171.0,2,2.0,2,2.0,7.0,Hyderabad,Apartment,11920000.0
1235.0,2,2.0,1,1.0,17.0,Delhi,Apartment,13480000.0
2835.0,5,5.0,1,1.0,24.0,Bangalore,Villa,35340000.0
1093.0,2,1.0,2,0.0,43.0,Bangalore,Apartment,9080000.0
1371.0,2,2.0,2,1.0,42.0,Mumbai,Apartment,18010000.0
1987.0,3,2.0,2,1.0,12.0,Delhi,Apartment,29870000.0
1574.0,3,2.0,1,0.0,31.0,Chennai,Apartment,12640000.0
1583.0,3,3.0,1,1.0,19.0,Pune,Apartment,14450000.0
1394.0,2,1.0,2,0.0,22.0,Bangalore,Apartment,14250000.0
805.0,1,1.0,1,1.0,31.0,Mumbai,Apartment,11840000.0
2587.0,4,4.0,1,1.0,3.0,Mumbai,Villa,65100000.0
1416.0,2,2.0,2,1.0,15.0,Delhi,Apartment,17220000.0
899.0,1,1.0,1,1.0,10.0,Kolkata,Apartment,7570000.0
2408.0,4,3.0,3,1.0,28.0,Delhi,Independent House,32180000.0
1387.0,2,2.0,2,2.0,32.0,Mumbai,Apartment,17580000.0
4131.0,6,5.0,3,3.0,32.0,Pune,Villa,46460000.0
3047.0,5,5.0,1,1.0,45.0,Pune,Villa,25790000.0
1924.0,3,3.0,2,0.0,14.0,Mumbai,Apartment,31070000.0
1339.0,2,1.0,1,0.0,0.0,Mumbai,Independent House,24870000.0
1115.0,2,1.0,1,0.0,1.0,Mumbai,Apartment,22020000.0
1149.0,2,2.0,1,1.0,38.0,Mumbai,Apartment,15190000.0
1909.0,3,2.0,1,1.0,37.0,Hyderabad,Apartment,14910000.0
2421.0,4,3.0,2,1.0,11.0,Mumbai,Independent House,50310000.0
510.0,1,1.0,2,0.0,39.0,Hyderabad,Apartment,3720000.0
1542.0,3,3.0,3,2.0,31.0,Hyderabad,Independent House,14300000.0
1194.0,2,1.0,3,1.0,15.0,Bangalore,Independent House,13310000.0
1280.0,2,1.0,1,1.0,19.0,Delhi,Apartment,15380000.0
1019.0,2,2.0,1,1.0,43.0,Delhi,Apartment,12050000.0
1941.0,3,2.0,2,1.0,37.0,Pune,Apartment,15760000.0
1207.0,2,2.0,2,1.0,6.0,Bangalore,Apartment,17180000.0
1625.0,3,3.0,3,0.0,38.0,Pune,Independent House,14240000.0
1230.0,2,2.0,3,2.0,4.0,Chennai,Independent House,18910000.0
1021.0,2,2.0,2,0.0,3.0,Delhi,Apartment,15900000.0
1005.0,2,1.0,2,1.0,2.0,Delhi,Apartment,14900000.0
1888.0,3,2.0,3,,7.0,Mumbai,Independent House,39510000.0
1455.0,2,1.0,2,0.0,32.0,Bangalore,Apartment,12090000.0
1129.0,2,2.0,1,1.0,25.0,Delhi,Apartment,13300000.0
1741.0,3,2.0,3,1.0,0.0,Mumbai,Independent House,45660000.0
2927.0,5,5.0,3,0.0,9.0,Bangalore,Independent House,32970000.0
1184.0,2,2.0,1,1.0,29.0,Delhi,Apartment,15040000.0
1185.0,2,2.0,1,0.0,28.0,Chennai,Apartment,10720000.0
3430.0,6,5.0,3,1.0,36.0,Mumbai,Villa,61530000.0
1518.0,2,,1,1.0,14.0,Hyderabad,Apartment,13620000.0
1222.0,2,2.0,1,1.0,26.0,Chennai,Independent House,10790000.0
1188.0,2,1.0,2,2.0,19.0,Chennai,Apartment,11480000.0
1759.0,3,3.0,3,1.0,17.0,Delhi,Independent House,23350000.0
1655.0,3,2.0,2,0.0,0.0,Hyderabad,Independent House,17930000.0
4538.0,6,5.0,2,2.0,41.0,Hyderabad,Villa,41940000.0
1925.0,3,3.0,2,0.0,26.0,,Apartment,14540000.0
1465.0,2,2.0,1,1.0,21.0,Mumbai,Apartment,25430000.0
1510.0,2,1.0,2,0.0,6.0,Kolkata,Independent House,14080000.0
2032.0,3,2.0,1,1.0,5.0,Bangalore,Apartment,21170000.0
1590.0,3,2.0,1,0.0,36.0,Chennai,Apartment,10690000.0
937.0,1,1.0,2,1.0,41.0,Delhi,Apartment,10100000.0
2028.0,3,2.0,1,1.0,12.0,Chennai,Apartment,20870000.0
1557.0,3,3.0,2,1.0,22.0,Mumbai,Apartment,26770000.0
2238.0,4,3.0,2,2.0,36.0,Delhi,Independent House,30830000.0
2522.0,4,4.0,1,1.0,28.0,Delhi,Independent House,30460000.0
997.0,2,2.0,2,0.0,42.0,Hyderabad,Apartment,7760000.0
677.0,1,1.0,1,0.0,37.0,Bangalore,Apartment,5890000.0
1829.0,3,3.0,3,1.0,23.0,Mumbai,Independent House,32280000.0
1661.0,3,3.0,3,2.0,1.0,Mumbai,Independent House,34210000.0
2653.0,5,5.0,1,3.0,39.0,Delhi,Villa,34520000.0
3619.0,6,5.0,1,1.0,14.0,Mumbai,Villa,73560000.0
2318.0,4,4.0,1,2.0,12.0,Mumbai,Independent House,44320000.0
957.0,1,1.0,2,2.0,36.0,Hyderabad,Apartment,7240000.0
2717.0,5,5.0,1,0.0,16.0,Bangalore,Independent House,30900000.0
847.0,1,1.0,2,1.0,4.0,Hyderabad,Apartment,9230000.0
1829.0,3,3.0,1,1.0,12.0,Hyderabad,Independent House,19160000.0
1792.0,3,2.0,3,1.0,3.0,Delhi,Villa,34600000.0
1353.0,2,2.0,3,3.0,18.0,Pune,Villa,17310000.0
1632.0,3,3.0,1,0.0,10.0,Hyderabad,Apartment,16400000.0
2955.0,5,5.0,3,1.0,6.0,Hyderabad,Independent House,34980000.0
1809.0,3,3.0,2,1.0,31.0,Chennai,Apartment,17180000.0
1608.0,3,3.0,2,1.0,38.0,Hyderabad,Apartment,10770000.0
2387.0,4,3.0,3,1.0,24.0,Bangalore,Villa,31480000.0
3250.0,6,5.0,3,1.0,15.0,Mumbai,Villa,71870000.0
2557.0,4,4.0,3,2.0,4.0,Kolkata,Villa,25670000.0
1150.0,2,2.0,1,0.0,30.0,Mumbai,Independent House,18710000.0
1480.0,2,2.0,1,0.0,3.0,Mumbai,Independent House,28370000.0
889.0,1,1.0,1,1.0,29.0,Chennai,Apartment,7580000.0
1160.0,2,2.0,2,1.0,16.0,Mumbai,Apartment,17090000.0
1666.0,3,2.0,2,0.0,15.0,Hyderabad,Independent House,15830000.0
1244.0,2,2.0,1,0.0,29.0,Mumbai,Independent House,21820000.0
1652.0,3,2.0,2,1.0,7.0,Pune,Apartment,18630000.0
1771.0,3,3.0,2,0.0,23.0,Delhi,Independent House,21690000.0
1194.0,2,2.0,3,0.0,21.0,Kolkata,Independent House,10390000.0
1083.0,2,1.0,1,0.0,30.0,Hyderabad,Independent House,9360000.0
955.0,1,1.0,2,1.0,1.0,Mumbai,Apartment,19520000.0
1032.0,2,1.0,2,1.0,15.0,Mumbai,Apartment,16000000.0
576.0,1,1.0,2,0.0,31.0,Chennai,Apartment,4760000.0
1460.0,2,2.0,2,1.0,28.0,Kolkata,Apartment,11330000.0
1228.0,2,2.0,1,0.0,27.0,Chennai,Apartment,11100000.0
1411.0,2,2.0,1,1.0,18.0,Mumbai,Apartment,23970000.0
1548.0,3,3.0,2,1.0,32.0,Mumbai,Apartment,23340000.0
1927.0,3,2.0,3,1.0,2.0,Hyderabad,Independent House,20330000.0
1702.0,3,2.0,1,2.0,11.0,Bangalore,Apartment,19910000.0
1424.0,2,1.0,2,1.0,37.0,Delhi,Apartment,16620000.0
2994.0,5,5.0,1,1.0,10.0,Bangalore,Villa,43500000.0
1767.0,3,3.0,2,1.0,18.0,Mumbai,Apartment,33900000.0
1955.0,3,3.0,1,0.0,0.0,Hyderabad,Apartment,21720000.0
1224.0,2,1.0,1,0.0,45.0,Chennai,Independent House,10170000.0
3660.0,6,5.0,3,3.0,26.0,Bangalore,Villa,44140000.0
1614.0,3,3.0,1,1.0,43.0,Mumbai,Independent House,25120000.0
2246.0,4,3.0,1,2.0,7.0,Pune,Independent House,29740000.0
1064.0,2,1.0,1,0.0,31.0,Delhi,Apartment,11820000.0
967.0,1,1.0,1,0.0,15.0,Bangalore,Apartment,11260000.0
2276.0,4,3.0,1,0.0,44.0,Delhi,Independent House,23140000.0
914.0,1,1.0,2,1.0,28.0,Pune,Apartment,7160000.0
2942.0,5,5.0,2,1.0,18.0,Mumbai,Villa,70120000.0
1088.0,2,2.0,1,2.0,26.0,Pune,Apartment,8780000.0
1160.0,2,1.0,1,1.0,14.0,Bangalore,Apartment,12960000.0
1545.0,3,2.0,2,1.0,33.0,Delhi,Apartment,17030000.0
1929.0,3,2.0,3,1.0,45.0,Pune,Independent House,14670000.0
2258.0,4,4.0,2,1.0,30.0,Pune,Independent House,21780000.0
2679.0,5,5.0,1,3.0,15.0,Chennai,Villa,34470000.0
1211.0,2,2.0,1,1.0,3.0,Delhi,Apartment,21250000.0
784.0,1,1.0,1,1.0,8.0,Pune,Apartment,7980000.0
1470.0,2,2.0,2,,26.0,Pune,Independent House,12680000.0
1776.0,3,3.0,2,1.0,29.0,Hyderabad,Independent House,0.0
1386.0,2,1.0,2,1.0,40.0,Chennai,Independent House,13520000.0
1892.0,3,2.0,2,1.0,27.0,Mumbai,Independent House,32490000.0
3239.0,6,5.0,3,2.0,34.0,Mumbai,Villa,69060000.0
1322.0,2,2.0,1,1.0,31.0,Bangalore,Apartment,13190000.0
1874.0,3,2.0,2,0.0,29.0,Mumbai,Apartment,27340000.0
962.0,1,,1,0.0,0.0,Chennai,Apartment,10350000.0
3898.0,6,5.0,2,1.0,42.0,Bangalore,Villa,43520000.0
2127.0,4,4.0,1,0.0,5.0,Delhi,Independent House,31920000.0
1358.0,2,2.0,3,1.0,44.0,Delhi,Independent House,15560000.0
1369.0,2,2.0,1,0.0,5.0,Bangalore,Apartment,17580000.0
1738.0,3,3.0,1,1.0,39.0,Delhi,Apartment,19530000.0
3216.0,6,5.0,1,2.0,36.0,Kolkata,Villa,25880000.0
3058.0,5,5.0,3,3.0,33.0,Mumbai,Villa,50780000.0
3578.0,6,5.0,3,2.0,43.0,Kolkata,Villa,32140000.0
818.0,1,1.0,1,1.0,2.0,Chennai,Apartment,9640000.0
975.0,2,2.0,1,2.0,5.0,Delhi,Apartment,16340000.0
1031.0,2,2.0,2,1.0,31.0,Chennai,Apartment,9260000.0
1562.0,3,2.0,1,2.0,37.0,Mumbai,Apartment,17750000.0
1459.0,2,2.0,1,2.0,21.0,Delhi,Apartment,17700000.0
1257.0,2,2.0,2,1.0,31.0,Delhi,Apartment,12510000.0
2632.0,5,4.0,1,2.0,3.0,Mumbai,Villa,64610000.0
3359.0,6,5.0,2,2.0,17.0,Chennai,Villa,40920000.0
865.0,1,1.0,2,0.0,34.0,Mumbai,Apartment,12960000.0
1735.0,3,3.0,2,2.0,9.0,Mumbai,Independent House,34060000.0
1179.0,2,1.0,1,2.0,30.0,Pune,Apartment,8880000.0
850.0,1,1.0,2,1.0,28.0,Bangalore,Apartment,9660000.0
2423.0,4,4.0,1,1.0,14.0,Delhi,Independent House,32600000.0
2357.0,4,4.0,3,1.0,7.0,Chennai,Villa,32100000.0
1057.0,2,1.0,1,0.0,0.0,Bangalore,Apartment,14970000.0
665.0,1,1.0,1,1.0,43.0,Delhi,Independent House,7060000.0
878.0,1,1.0,1,0.0,35.0,Mumbai,Apartment,11090000.0
1518.0,2,2.0,2,0.0,45.0,Delhi,Apartment,13390000.0
2214.0,4,3.0,3,1.0,24.0,Hyderabad,Independent House,21240000.0
647.0,1,1.0,1,0.0,45.0,Pune,Apartment,4950000.0
1287.0,2,2.0,2,1.0,22.0,Chennai,Apartment,12170000.0
1922.0,3,2.0,2,1.0,3.0,Mumbai,Apartment,37240000.0
1919.0,3,3.0,2,1.0,44.0,Delhi,Villa,25760000.0
1649.0,3,2.0,2,0.0,7.0,Pune,Apartment,17540000.0
2987.0,5,4.0,3,1.0,10.0,Hyderabad,Villa,35380000.0
1480.0,2,1.0,2,1.0,9.0,Bangalore,Apartment,13660000.0
2831.0,5,5.0,3,1.0,20.0,Kolkata,Villa,32700000.0
1358.0,2,2.0,1,0.0,11.0,Mumbai,Apartment,23490000.0
1208.0,2,1.0,1,2.0,25.0,Pune,Apartment,10570000.0
1116.0,2,2.0,2,1.0,13.0,Pune,Apartment,11170000.0
1760.0,3,2.0,1,2.0,12.0,Pune,Apartment,18510000.0
1173.0,2,2.0,2,1.0,,Kolkata,Apartment,7730000.0
1374.0,2,2.0,2,1.0,,Delhi,Apartment,18310000.0
673.0,1,1.0,1,1.0,13.0,Bangalore,Independent House,7200000.0
1597.0,3,2.0,2,1.0,36.0,Kolkata,Apartment,10390000.0
1350.0,2,2.0,1,0.0,9.0,Mumbai,Apartment,26320000.0
1126.0,2,2.0,1,0.0,9.0,Pune,Apartment,9790000.0
1647.0,3,2.0,2,2.0,42.0,Bangalore,Apartment,13540000.0
2515.0,4,3.0,3,1.0,20.0,Bangalore,Independent House,29040000.0
-693.0,1,1.0,2,2.0,33.0,Delhi,Independent House,9020000.0
1112.0,2,1.0,2,1.0,36.0,Hyderabad,Apartment,7540000.0
813.0,1,1.0,1,0.0,31.0,Mumbai,Apartment,12590000.0
1853.0,3,3.0,2,3.0,45.0,Mumbai,Villa,32860000.0
753.0,1,1.0,2,0.0,44.0,Pune,Apartment,5100000.0
1536.0,3,2.0,2,1.0,11.0,Delhi,Apartment,20560000.0
3143.0,5,5.0,1,3.0,44.0,Hyderabad,Villa,32480000.0
1743.0,3,2.0,2,0.0,28.0,Kolkata,Apartment,12610000.0
1410.0,2,2.0,2,0.0,6.0,Mumbai,Apartment,23830000.0
1608.0,3,2.0,1,1.0,13.0,Bangalore,Apartment,18110000.0
1435.0,2,2.0,2,1.0,22.0,Hyderabad,Apartment,12120000.0
1372.0,2,1.0,2,1.0,33.0,Mumbai,Apartment,21920000.0
1457.0,2,1.0,2,0.0,12.0,Mumbai,Apartment,25570000.0
1597.0,3,3.0,1,0.0,19.0,Mumbai,Apartment,21010000.0
905.0,1,1.0,2,1.0,7.0,Bangalore,Apartment,11380000.0
2548.0,4,3.0,3,2.0,26.0,Delhi,Villa,40580000.0
1805.0,3,2.0,3,1.0,32.0,Hyderabad,Independent House,16390000.0
1364.0,2,2.0,1,1.0,38.0,Mumbai,Apartment,18400000.0
1946.0,3,3.0,1,1.0,24.0,Delhi,Independent House,24400000.0
2001.0,3,3.0,2,1.0,2.0,Hyderabad,Independent House,24020000.0
821.0,1,1.0,1,1.0,44.0,Bangalore,Apartment,6420000.0
2818.0,5,4.0,1,0.0,38.0,Bangalore,Independent House,30520000.0
1904.0,3,3.0,1,0.0,31.0,Bangalore,Apartment,23450000.0
1230.0,2,1.0,2,1.0,10.0,Mumbai,Apartment,21740000.0
2115.0,4,4.0,2,1.0,37.0,Delhi,Independent House,23050000.0
941.0,1,1.0,3,2.0,,Chennai,Independent House,10840000.0
1503.0,2,1.0,1,1.0,22.0,Delhi,Apartment,21010000.0
2594.0,4,4.0,3,1.0,6.0,Bangalore,Independent House,33130000.0
2066.0,3,2.0,1,2.0,18.0,Bangalore,Apartment,21890000.0
3291.0,6,5.0,1,1.0,11.0,Mumbai,Villa,71080000.0
524.0,1,1.0,1,0.0,34.0,Pune,Apartment,4090000.0
1315.0,2,2.0,2,1.0,24.0,Mumbai,Apartment,19650000.0
1078.0,2,2.0,1,,41.0,Delhi,Independent House,13320000.0
1231.0,2,1.0,2,0.0,20.0,Mumbai,Apartment,18920000.0
500.0,1,1.0,2,2.0,9.0,Delhi,Apartment,7150000.0
1316.0,2,2.0,2,0.0,2.0,Delhi,Apartment,17280000.0
1223.0,2,2.0,1,1.0,33.0,Mumbai,Apartment,17370000.0
4021.0,6,5.0,2,3.0,32.0,Pune,Villa,40910000.0
1044.0,2,1.0,2,1.0,40.0,Mumbai,Apartment,12320000.0
1166.0,2,1.0,2,1.0,2.0,Delhi,Independent House,16850000.0
1084.0,2,1.0,3,1.0,35.0,Pune,Independent House,9120000.0
1647.0,3,2.0,2,2.0,44.0,Mumbai,Villa,24600000.0
1336.0,2,1.0,2,2.0,9.0,Delhi,Apartment,17080000.0
2190.0,4,4.0,1,2.0,39.0,Delhi,Apartment,26440000.0
1212.0,2,2.0,2,2.0,7.0,Bangalore,Independent House,19430000.0
2147.0,4,4.0,1,1.0,31.0,Bangalore,Villa,26630000.0
1192.0,2,1.0,1,0.0,19.0,Delhi,Apartment,14080000.0
